rundate,RunId,TenantName,SubscriptionName,ResourceId,ResourceName,ResourceType,ResourceGroup,Location,RecommendationAction,ActionLabel,ActionSummary,SecondaryAction,SecondaryActionLabel,Priority,Confidence,SavingsReliability,CostCoverageStatus,MetricCollectionStatus,MissingMetrics,TagOwner,TagApplication,TagEnvironment,TagCostCenter,MonthlyCost,CurrentSku,CurrentVCpus,CurrentMemoryGB,PowerState,Profile,IsPrimaryProfile,TargetUtilizationPct,TargetSku,TargetVCpus,TargetMemoryGB,ProjectedPeakPct,MonthlySavings,OfficialConservativeSavings,PerformanceRisk,Status
2026-09-10,run-20260910-official-001,FIS-CORP,SUB-CORP-01,/subscriptions/00000001-0001-4001-8001-000000000001/resourceGroups/rg-prod-001/providers/microsoft.compute/virtualmachinescalesets/virtual-machine-scale--001,virtual-machine-scale--001,microsoft.compute/virtualmachinescalesets,rg-prod-001,centralus,Review-Utilization,Review utilization,Resource shows optimization opportunity based on current utilization,,,LOW,HIGH,UNPRICED,FULL,COMPLETE,,payments,risk,prod,CC1004,1397.99,P1v3,2,8.0,running,Conservative,True,65,Mock_1vCPU_4GB,1,4.0,60.0,146.79,146.79,Low,RESOLVED
2026-09-10,run-20260910-official-001,FIS-CORP,SUB-CORP-01,/subscriptions/00000001-0001-4001-8001-000000000001/resourceGroups/rg-prod-001/providers/microsoft.compute/virtualmachinescalesets/virtual-machine-scale--001,virtual-machine-scale--001,microsoft.compute/virtualmachinescalesets,rg-prod-001,centralus,Review-Utilization,Review utilization,Resource shows optimization opportunity based on current utilization,,,LOW,HIGH,UNPRICED,FULL,COMPLETE,,payments,risk,prod,CC1004,1397.99,P1v3,2,8.0,running,Moderate,False,72,Mock_1vCPU_4GB,1,4.0,80.2,180.34,0.0,Medium,RESOLVED
2026-09-10,run-20260910-official-001,FIS-CORP,SUB-CORP-01,/subscriptions/00000001-0001-4001-8001-000000000001/resourceGroups/rg-prod-001/providers/microsoft.compute/virtualmachinescalesets/virtual-machine-scale--001,virtual-machine-scale--001,microsoft.compute/virtualmachinescalesets,rg-prod-001,centralus,Review-Utilization,Review utilization,Resource shows optimization opportunity based on current utilization,,,LOW,HIGH,UNPRICED,FULL,COMPLETE,,payments,risk,prod,CC1004,1397.99,P1v3,2,8.0,running,Aggressive,False,80,Mock_1vCPU_2GB,1,2.0,87.3,226.47,0.0,High,RESOLVED
2026-09-10,run-20260910-official-001,FIS-CORP,SUB-CORP-02,/subscriptions/00000002-0002-4002-8002-000000000002/resourceGroups/rg-nonprod-002/providers/microsoft.compute/virtualmachinescalesets/virtual-machine-scale--002,virtual-machine-scale--002,microsoft.compute/virtualmachinescalesets,rg-nonprod-002,westus2,Review-Utilization,Review utilization,Resource shows optimization opportunity based on current utilization,,,HIGH,HIGH,HEURISTIC,FULL,PARTIAL,Metric1,core-banking,payments,nonprod,CC1007,11652.86,GP_Gen5_8,8,40.0,running,Conservative,True,65,Mock_4vCPU_20GB,4,20.0,69.3,3740.24,3740.24,Low,RESOLVED
2026-09-10,run-20260910-official-001,FIS-CORP,SUB-CORP-02,/subscriptions/00000002-0002-4002-8002-000000000002/resourceGroups/rg-nonprod-002/providers/microsoft.compute/virtualmachinescalesets/virtual-machine-scale--002,virtual-machine-scale--002,microsoft.compute/virtualmachinescalesets,rg-nonprod-002,westus2,Review-Utilization,Review utilization,Resource shows optimization opportunity based on current utilization,,,HIGH,HIGH,HEURISTIC,FULL,PARTIAL,Metric1,core-banking,payments,nonprod,CC1007,11652.86,GP_Gen5_8,8,40.0,running,Moderate,False,72,Mock_4vCPU_20GB,4,20.0,81.3,4595.15,0.0,Medium,RESOLVED
2026-09-10,run-20260910-official-001,FIS-CORP,SUB-CORP-02,/subscriptions/00000002-0002-4002-8002-000000000002/resourceGroups/rg-nonprod-002/providers/microsoft.compute/virtualmachinescalesets/virtual-machine-scale--002,virtual-machine-scale--002,microsoft.compute/virtualmachinescalesets,rg-nonprod-002,westus2,Review-Utilization,Review utilization,Resource shows optimization opportunity based on current utilization,,,HIGH,HIGH,HEURISTIC,FULL,PARTIAL,Metric1,core-banking,payments,nonprod,CC1007,11652.86,GP_Gen5_8,8,40.0,running,Aggressive,False,80,Mock_2vCPU_10GB,2,10.0,83.2,5770.66,0.0,High,RESOLVED
2026-09-10,run-20260910-official-001,FIS-CORP,SUB-CORP-03,/subscriptions/00000003-0003-4003-8003-000000000003/resourceGroups/rg-dev-003/providers/microsoft.compute/virtualmachinescalesets/virtual-machine-scale--003,virtual-machine-scale--003,microsoft.compute/virtualmachinescalesets,rg-dev-003,centralus,Optimize-Tier,Optimize service tier,Move to a lower-cost tier aligned with observed demand,,,HIGH,MEDIUM,HEURISTIC,FULL,COMPLETE,,digital-channels,api-hub,dev,CC1011,16103.19,GP_Gen5_8,8,40.0,stopped,Conservative,True,65,Mock_4vCPU_20GB,4,20.0,64.5,4033.99,4033.99,Low,RESOLVED
2026-09-10,run-20260910-official-001,FIS-CORP,SUB-CORP-03,/subscriptions/00000003-0003-4003-8003-000000000003/resourceGroups/rg-dev-003/providers/microsoft.compute/virtualmachinescalesets/virtual-machine-scale--003,virtual-machine-scale--003,microsoft.compute/virtualmachinescalesets,rg-dev-003,centralus,Optimize-Tier,Optimize service tier,Move to a lower-cost tier aligned with observed demand,,,HIGH,MEDIUM,HEURISTIC,FULL,COMPLETE,,digital-channels,api-hub,dev,CC1011,16103.19,GP_Gen5_8,8,40.0,stopped,Moderate,False,72,Mock_4vCPU_20GB,4,20.0,79.3,4956.04,0.0,Medium,RESOLVED
2026-09-10,run-20260910-official-001,FIS-CORP,SUB-CORP-03,/subscriptions/00000003-0003-4003-8003-000000000003/resourceGroups/rg-dev-003/providers/microsoft.compute/virtualmachinescalesets/virtual-machine-scale--003,virtual-machine-scale--003,microsoft.compute/virtualmachinescalesets,rg-dev-003,centralus,Optimize-Tier,Optimize service tier,Move to a lower-cost tier aligned with observed demand,,,HIGH,MEDIUM,HEURISTIC,FULL,COMPLETE,,digital-channels,api-hub,dev,CC1011,16103.19,GP_Gen5_8,8,40.0,stopped,Aggressive,False,80,Mock_2vCPU_10GB,2,10.0,90.2,6223.87,0.0,High,RESOLVED
2026-09-10,run-20260910-official-001,FIS-CORP,SUB-CORP-04,/subscriptions/00000004-0004-4004-8004-000000000004/resourceGroups/rg-qa-004/providers/microsoft.compute/virtualmachinescalesets/virtual-machine-scale--004,virtual-machine-scale--004,microsoft.compute/virtualmachinescalesets,rg-qa-004,westeurope,Review-Utilization,Review utilization,Resource shows optimization opportunity based on current utilization,,,HIGH,MEDIUM,HEURISTIC,FULL,PARTIAL,"Metric1,Metric2,Metric3",digital-channels,customer360,qa,CC1008,15722.5,GP_Gen5_4,4,20.0,running,Conservative,True,65,Mock_2vCPU_10GB,2,10.0,70.9,3173.49,3173.49,Low,RESOLVED
2026-09-10,run-20260910-official-001,FIS-CORP,SUB-CORP-04,/subscriptions/00000004-0004-4004-8004-000000000004/resourceGroups/rg-qa-004/providers/microsoft.compute/virtualmachinescalesets/virtual-machine-scale--004,virtual-machine-scale--004,microsoft.compute/virtualmachinescalesets,rg-qa-004,westeurope,Review-Utilization,Review utilization,Resource shows optimization opportunity based on current utilization,,,HIGH,MEDIUM,HEURISTIC,FULL,PARTIAL,"Metric1,Metric2,Metric3",digital-channels,customer360,qa,CC1008,15722.5,GP_Gen5_4,4,20.0,running,Moderate,False,72,Mock_2vCPU_10GB,2,10.0,80.0,3898.86,0.0,Medium,RESOLVED
2026-09-10,run-20260910-official-001,FIS-CORP,SUB-CORP-04,/subscriptions/00000004-0004-4004-8004-000000000004/resourceGroups/rg-qa-004/providers/microsoft.compute/virtualmachinescalesets/virtual-machine-scale--004,virtual-machine-scale--004,microsoft.compute/virtualmachinescalesets,rg-qa-004,westeurope,Review-Utilization,Review utilization,Resource shows optimization opportunity based on current utilization,,,HIGH,MEDIUM,HEURISTIC,FULL,PARTIAL,"Metric1,Metric2,Metric3",digital-channels,customer360,qa,CC1008,15722.5,GP_Gen5_4,4,20.0,running,Aggressive,False,80,Mock_1vCPU_5GB,1,5.0,75.7,4896.24,0.0,High,RESOLVED
2026-09-10,run-20260910-official-001,FIS-CORP,SUB-CORP-05,/subscriptions/00000005-0005-4005-8005-000000000005/resourceGroups/rg-prod-005/providers/microsoft.compute/virtualmachinescalesets/virtual-machine-scale--005,virtual-machine-scale--005,microsoft.compute/virtualmachinescalesets,rg-prod-005,centralus,Optimize-Tier,Optimize service tier,Move to a lower-cost tier aligned with observed demand,,,HIGH,HIGH,PRICED,FULL,COMPLETE,,core-banking,risk,prod,CC1002,14321.15,P1v3,2,8.0,running,Conservative,True,65,Mock_1vCPU_4GB,1,4.0,62.2,2656.11,2656.11,Low,RESOLVED
2026-09-10,run-20260910-official-001,FIS-CORP,SUB-CORP-05,/subscriptions/00000005-0005-4005-8005-000000000005/resourceGroups/rg-prod-005/providers/microsoft.compute/virtualmachinescalesets/virtual-machine-scale--005,virtual-machine-scale--005,microsoft.compute/virtualmachinescalesets,rg-prod-005,centralus,Optimize-Tier,Optimize service tier,Move to a lower-cost tier aligned with observed demand,,,HIGH,HIGH,PRICED,FULL,COMPLETE,,core-banking,risk,prod,CC1002,14321.15,P1v3,2,8.0,running,Moderate,False,72,Mock_1vCPU_4GB,1,4.0,70.5,3263.22,0.0,Medium,RESOLVED
2026-09-10,run-20260910-official-001,FIS-CORP,SUB-CORP-05,/subscriptions/00000005-0005-4005-8005-000000000005/resourceGroups/rg-prod-005/providers/microsoft.compute/virtualmachinescalesets/virtual-machine-scale--005,virtual-machine-scale--005,microsoft.compute/virtualmachinescalesets,rg-prod-005,centralus,Optimize-Tier,Optimize service tier,Move to a lower-cost tier aligned with observed demand,,,HIGH,HIGH,PRICED,FULL,COMPLETE,,core-banking,risk,prod,CC1002,14321.15,P1v3,2,8.0,running,Aggressive,False,80,Mock_1vCPU_2GB,1,2.0,78.2,4098.0,0.0,High,RESOLVED
2026-09-10,run-20260910-official-001,FIS-CORP,SUB-CORP-07,/subscriptions/00000007-0007-4007-8007-000000000007/resourceGroups/rg-dev-007/providers/microsoft.compute/virtualmachinescalesets/virtual-machine-scale--007,virtual-machine-scale--007,microsoft.compute/virtualmachinescalesets,rg-dev-007,brazilsouth,Optimize-Tier,Optimize service tier,Move to a lower-cost tier aligned with observed demand,,,MEDIUM,LOW,PRICED,FULL,PARTIAL,Metric1,cloud-platform,analytics,dev,CC1006,5453.8,GP_Gen5_8,8,40.0,running,Conservative,True,65,Mock_4vCPU_20GB,4,20.0,61.4,586.59,586.59,Low,RESOLVED
2026-09-10,run-20260910-official-001,FIS-CORP,SUB-CORP-07,/subscriptions/00000007-0007-4007-8007-000000000007/resourceGroups/rg-dev-007/providers/microsoft.compute/virtualmachinescalesets/virtual-machine-scale--007,virtual-machine-scale--007,microsoft.compute/virtualmachinescalesets,rg-dev-007,brazilsouth,Optimize-Tier,Optimize service tier,Move to a lower-cost tier aligned with observed demand,,,MEDIUM,LOW,PRICED,FULL,PARTIAL,Metric1,cloud-platform,analytics,dev,CC1006,5453.8,GP_Gen5_8,8,40.0,running,Moderate,False,72,Mock_4vCPU_20GB,4,20.0,75.1,720.66,0.0,Medium,RESOLVED
2026-09-10,run-20260910-official-001,FIS-CORP,SUB-CORP-07,/subscriptions/00000007-0007-4007-8007-000000000007/resourceGroups/rg-dev-007/providers/microsoft.compute/virtualmachinescalesets/virtual-machine-scale--007,virtual-machine-scale--007,microsoft.compute/virtualmachinescalesets,rg-dev-007,brazilsouth,Optimize-Tier,Optimize service tier,Move to a lower-cost tier aligned with observed demand,,,MEDIUM,LOW,PRICED,FULL,PARTIAL,Metric1,cloud-platform,analytics,dev,CC1006,5453.8,GP_Gen5_8,8,40.0,running,Aggressive,False,80,Mock_2vCPU_10GB,2,10.0,89.7,905.02,0.0,High,RESOLVED
2026-09-10,run-20260910-official-001,FIS-CORP,SUB-CORP-08,/subscriptions/00000008-0008-4008-8008-000000000008/resourceGroups/rg-qa-008/providers/microsoft.compute/virtualmachinescalesets/virtual-machine-scale--008,virtual-machine-scale--008,microsoft.compute/virtualmachinescalesets,rg-qa-008,eastus,Downsize,Downsize resource,Rightsize based on sustained utilization,,,LOW,MEDIUM,PRICED,FULL,COMPLETE,,payments,payments,qa,CC1006,5443.27,GP_Gen5_4,4,20.0,running,Conservative,True,65,Mock_2vCPU_10GB,2,10.0,69.1,307.58,307.58,Low,RESOLVED
2026-09-10,run-20260910-official-001,FIS-CORP,SUB-CORP-08,/subscriptions/00000008-0008-4008-8008-000000000008/resourceGroups/rg-qa-008/providers/microsoft.compute/virtualmachinescalesets/virtual-machine-scale--008,virtual-machine-scale--008,microsoft.compute/virtualmachinescalesets,rg-qa-008,eastus,Downsize,Downsize resource,Rightsize based on sustained utilization,,,LOW,MEDIUM,PRICED,FULL,COMPLETE,,payments,payments,qa,CC1006,5443.27,GP_Gen5_4,4,20.0,running,Moderate,False,72,Mock_2vCPU_10GB,2,10.0,78.5,377.88,0.0,Medium,RESOLVED
2026-09-10,run-20260910-official-001,FIS-CORP,SUB-CORP-08,/subscriptions/00000008-0008-4008-8008-000000000008/resourceGroups/rg-qa-008/providers/microsoft.compute/virtualmachinescalesets/virtual-machine-scale--008,virtual-machine-scale--008,microsoft.compute/virtualmachinescalesets,rg-qa-008,eastus,Downsize,Downsize resource,Rightsize based on sustained utilization,,,LOW,MEDIUM,PRICED,FULL,COMPLETE,,payments,payments,qa,CC1006,5443.27,GP_Gen5_4,4,20.0,running,Aggressive,False,80,Mock_1vCPU_5GB,1,5.0,87.9,474.55,0.0,High,RESOLVED
2026-09-10,run-20260910-official-001,FIS-DIGITAL,SUB-DIGITAL-01,/subscriptions/00000011-0011-4011-8011-000000000011/resourceGroups/rg-dev-011/providers/microsoft.compute/virtualmachinescalesets/virtual-machine-scale--011,virtual-machine-scale--011,microsoft.compute/virtualmachinescalesets,rg-dev-011,centralus,Optimize-Tier,Optimize service tier,Move to a lower-cost tier aligned with observed demand,,,MEDIUM,MEDIUM,PRICED,FULL,COMPLETE,,integration,analytics,dev,CC1004,15366.47,S3,4,7.0,running,Conservative,True,65,Mock_2vCPU_3GB,2,3.5,73.0,2031.28,2031.28,Low,RESOLVED
2026-09-10,run-20260910-official-001,FIS-DIGITAL,SUB-DIGITAL-01,/subscriptions/00000011-0011-4011-8011-000000000011/resourceGroups/rg-dev-011/providers/microsoft.compute/virtualmachinescalesets/virtual-machine-scale--011,virtual-machine-scale--011,microsoft.compute/virtualmachinescalesets,rg-dev-011,centralus,Optimize-Tier,Optimize service tier,Move to a lower-cost tier aligned with observed demand,,,MEDIUM,MEDIUM,PRICED,FULL,COMPLETE,,integration,analytics,dev,CC1004,15366.47,S3,4,7.0,running,Moderate,False,72,Mock_2vCPU_3GB,2,3.5,78.3,2495.57,0.0,Medium,RESOLVED
2026-09-10,run-20260910-official-001,FIS-DIGITAL,SUB-DIGITAL-01,/subscriptions/00000011-0011-4011-8011-000000000011/resourceGroups/rg-dev-011/providers/microsoft.compute/virtualmachinescalesets/virtual-machine-scale--011,virtual-machine-scale--011,microsoft.compute/virtualmachinescalesets,rg-dev-011,centralus,Optimize-Tier,Optimize service tier,Move to a lower-cost tier aligned with observed demand,,,MEDIUM,MEDIUM,PRICED,FULL,COMPLETE,,integration,analytics,dev,CC1004,15366.47,S3,4,7.0,running,Aggressive,False,80,Mock_1vCPU_1GB,1,1.8,83.4,3133.98,0.0,High,RESOLVED
2026-09-10,run-20260910-official-001,FIS-DIGITAL,SUB-DIGITAL-02,/subscriptions/00000012-0012-4012-8012-000000000012/resourceGroups/rg-qa-012/providers/microsoft.compute/virtualmachinescalesets/virtual-machine-scale--012,virtual-machine-scale--012,microsoft.compute/virtualmachinescalesets,rg-qa-012,centralus,Optimize-Tier,Optimize service tier,Move to a lower-cost tier aligned with observed demand,,,MEDIUM,HIGH,HEURISTIC,FULL,COMPLETE,,core-banking,reporting,qa,CC1010,14244.82,Standard_D2s_v5,2,8.0,stopped,Conservative,True,65,Mock_1vCPU_4GB,1,4.0,70.9,1909.62,1909.62,Low,RESOLVED
2026-09-10,run-20260910-official-001,FIS-DIGITAL,SUB-DIGITAL-02,/subscriptions/00000012-0012-4012-8012-000000000012/resourceGroups/rg-qa-012/providers/microsoft.compute/virtualmachinescalesets/virtual-machine-scale--012,virtual-machine-scale--012,microsoft.compute/virtualmachinescalesets,rg-qa-012,centralus,Optimize-Tier,Optimize service tier,Move to a lower-cost tier aligned with observed demand,,,MEDIUM,HIGH,HEURISTIC,FULL,COMPLETE,,core-banking,reporting,qa,CC1010,14244.82,Standard_D2s_v5,2,8.0,stopped,Moderate,False,72,Mock_1vCPU_4GB,1,4.0,69.1,2346.11,0.0,Medium,RESOLVED
2026-09-10,run-20260910-official-001,FIS-DIGITAL,SUB-DIGITAL-02,/subscriptions/00000012-0012-4012-8012-000000000012/resourceGroups/rg-qa-012/providers/microsoft.compute/virtualmachinescalesets/virtual-machine-scale--012,virtual-machine-scale--012,microsoft.compute/virtualmachinescalesets,rg-qa-012,centralus,Optimize-Tier,Optimize service tier,Move to a lower-cost tier aligned with observed demand,,,MEDIUM,HIGH,HEURISTIC,FULL,COMPLETE,,core-banking,reporting,qa,CC1010,14244.82,Standard_D2s_v5,2,8.0,stopped,Aggressive,False,80,Mock_1vCPU_2GB,1,2.0,80.6,2946.27,0.0,High,RESOLVED
2026-09-10,run-20260910-official-001,FIS-DIGITAL,SUB-DIGITAL-03,/subscriptions/00000013-0013-4013-8013-000000000013/resourceGroups/rg-prod-013/providers/microsoft.compute/virtualmachinescalesets/virtual-machine-scale--013,virtual-machine-scale--013,microsoft.compute/virtualmachinescalesets,rg-prod-013,westus2,Downsize,Downsize resource,Rightsize based on sustained utilization,,,HIGH,HIGH,PRICED,FULL,PARTIAL,"Metric1,Metric2,Metric3",integration,payments,prod,CC1008,15279.81,S3,4,7.0,running,Conservative,True,65,Mock_2vCPU_3GB,2,3.5,76.4,4034.04,4034.04,Low,RESOLVED
2026-09-10,run-20260910-official-001,FIS-DIGITAL,SUB-DIGITAL-03,/subscriptions/00000013-0013-4013-8013-000000000013/resourceGroups/rg-prod-013/providers/microsoft.compute/virtualmachinescalesets/virtual-machine-scale--013,virtual-machine-scale--013,microsoft.compute/virtualmachinescalesets,rg-prod-013,westus2,Downsize,Downsize resource,Rightsize based on sustained utilization,,,HIGH,HIGH,PRICED,FULL,PARTIAL,"Metric1,Metric2,Metric3",integration,payments,prod,CC1008,15279.81,S3,4,7.0,running,Moderate,False,72,Mock_2vCPU_3GB,2,3.5,72.6,4956.11,0.0,Medium,RESOLVED
2026-09-10,run-20260910-official-001,FIS-DIGITAL,SUB-DIGITAL-03,/subscriptions/00000013-0013-4013-8013-000000000013/resourceGroups/rg-prod-013/providers/microsoft.compute/virtualmachinescalesets/virtual-machine-scale--013,virtual-machine-scale--013,microsoft.compute/virtualmachinescalesets,rg-prod-013,westus2,Downsize,Downsize resource,Rightsize based on sustained utilization,,,HIGH,HIGH,PRICED,FULL,PARTIAL,"Metric1,Metric2,Metric3",integration,payments,prod,CC1008,15279.81,S3,4,7.0,running,Aggressive,False,80,Mock_1vCPU_1GB,1,1.8,79.6,6223.95,0.0,High,RESOLVED
2026-09-10,run-20260910-official-001,FIS-DIGITAL,SUB-DIGITAL-04,/subscriptions/00000014-0014-4014-8014-000000000014/resourceGroups/rg-nonprod-014/providers/microsoft.compute/virtualmachinescalesets/virtual-machine-scale--014,virtual-machine-scale--014,microsoft.compute/virtualmachinescalesets,rg-nonprod-014,eastus,Downsize,Downsize resource,Rightsize based on sustained utilization,,,LOW,HIGH,UNPRICED,FULL,PARTIAL,"Metric1,Metric2",digital-channels,ledger,nonprod,CC1007,8673.48,Standard_D4s_v5,4,16.0,running,Conservative,True,65,Mock_2vCPU_8GB,2,8.0,63.2,910.72,910.72,Low,RESOLVED
2026-09-10,run-20260910-official-001,FIS-DIGITAL,SUB-DIGITAL-04,/subscriptions/00000014-0014-4014-8014-000000000014/resourceGroups/rg-nonprod-014/providers/microsoft.compute/virtualmachinescalesets/virtual-machine-scale--014,virtual-machine-scale--014,microsoft.compute/virtualmachinescalesets,rg-nonprod-014,eastus,Downsize,Downsize resource,Rightsize based on sustained utilization,,,LOW,HIGH,UNPRICED,FULL,PARTIAL,"Metric1,Metric2",digital-channels,ledger,nonprod,CC1007,8673.48,Standard_D4s_v5,4,16.0,running,Moderate,False,72,Mock_2vCPU_8GB,2,8.0,78.1,1118.88,0.0,Medium,RESOLVED
2026-09-10,run-20260910-official-001,FIS-DIGITAL,SUB-DIGITAL-04,/subscriptions/00000014-0014-4014-8014-000000000014/resourceGroups/rg-nonprod-014/providers/microsoft.compute/virtualmachinescalesets/virtual-machine-scale--014,virtual-machine-scale--014,microsoft.compute/virtualmachinescalesets,rg-nonprod-014,eastus,Downsize,Downsize resource,Rightsize based on sustained utilization,,,LOW,HIGH,UNPRICED,FULL,PARTIAL,"Metric1,Metric2",digital-channels,ledger,nonprod,CC1007,8673.48,Standard_D4s_v5,4,16.0,running,Aggressive,False,80,Mock_1vCPU_4GB,1,4.0,80.7,1405.1,0.0,High,RESOLVED
2026-09-10,run-20260910-official-001,FIS-DIGITAL,SUB-DIGITAL-06,/subscriptions/00000016-0016-4016-8016-000000000016/resourceGroups/rg-qa-016/providers/microsoft.compute/virtualmachinescalesets/virtual-machine-scale--016,virtual-machine-scale--016,microsoft.compute/virtualmachinescalesets,rg-qa-016,westeurope,Downsize,Downsize resource,Rightsize based on sustained utilization,,,MEDIUM,LOW,PRICED,FULL,PARTIAL,Metric1,digital-channels,payments,qa,CC1006,10351.45,Standard_D8s_v5,8,32.0,running,Conservative,True,65,Mock_4vCPU_16GB,4,16.0,71.0,1460.87,1460.87,Low,RESOLVED
2026-09-10,run-20260910-official-001,FIS-DIGITAL,SUB-DIGITAL-06,/subscriptions/00000016-0016-4016-8016-000000000016/resourceGroups/rg-qa-016/providers/microsoft.compute/virtualmachinescalesets/virtual-machine-scale--016,virtual-machine-scale--016,microsoft.compute/virtualmachinescalesets,rg-qa-016,westeurope,Downsize,Downsize resource,Rightsize based on sustained utilization,,,MEDIUM,LOW,PRICED,FULL,PARTIAL,Metric1,digital-channels,payments,qa,CC1006,10351.45,Standard_D8s_v5,8,32.0,running,Moderate,False,72,Mock_4vCPU_16GB,4,16.0,69.5,1794.79,0.0,Medium,RESOLVED
2026-09-10,run-20260910-official-001,FIS-DIGITAL,SUB-DIGITAL-06,/subscriptions/00000016-0016-4016-8016-000000000016/resourceGroups/rg-qa-016/providers/microsoft.compute/virtualmachinescalesets/virtual-machine-scale--016,virtual-machine-scale--016,microsoft.compute/virtualmachinescalesets,rg-qa-016,westeurope,Downsize,Downsize resource,Rightsize based on sustained utilization,,,MEDIUM,LOW,PRICED,FULL,PARTIAL,Metric1,digital-channels,payments,qa,CC1006,10351.45,Standard_D8s_v5,8,32.0,running,Aggressive,False,80,Mock_2vCPU_8GB,2,8.0,76.4,2253.92,0.0,High,RESOLVED
2026-09-10,run-20260910-official-001,FIS-DIGITAL,SUB-DIGITAL-07,/subscriptions/00000017-0017-4017-8017-000000000017/resourceGroups/rg-prod-017/providers/microsoft.compute/virtualmachinescalesets/virtual-machine-scale--017,virtual-machine-scale--017,microsoft.compute/virtualmachinescalesets,rg-prod-017,westus2,Optimize-Tier,Optimize service tier,Move to a lower-cost tier aligned with observed demand,,,HIGH,MEDIUM,HEURISTIC,FULL,PARTIAL,"Metric1,Metric2,Metric3",digital-channels,api-hub,prod,CC1003,9956.74,Standard_D8s_v5,8,32.0,running,Conservative,True,65,Mock_4vCPU_16GB,4,16.0,59.7,2106.88,2106.88,Low,RESOLVED
2026-09-10,run-20260910-official-001,FIS-DIGITAL,SUB-DIGITAL-07,/subscriptions/00000017-0017-4017-8017-000000000017/resourceGroups/rg-prod-017/providers/microsoft.compute/virtualmachinescalesets/virtual-machine-scale--017,virtual-machine-scale--017,microsoft.compute/virtualmachinescalesets,rg-prod-017,westus2,Optimize-Tier,Optimize service tier,Move to a lower-cost tier aligned with observed demand,,,HIGH,MEDIUM,HEURISTIC,FULL,PARTIAL,"Metric1,Metric2,Metric3",digital-channels,api-hub,prod,CC1003,9956.74,Standard_D8s_v5,8,32.0,running,Moderate,False,72,Mock_4vCPU_16GB,4,16.0,82.6,2588.45,0.0,Medium,RESOLVED
2026-09-10,run-20260910-official-001,FIS-DIGITAL,SUB-DIGITAL-07,/subscriptions/00000017-0017-4017-8017-000000000017/resourceGroups/rg-prod-017/providers/microsoft.compute/virtualmachinescalesets/virtual-machine-scale--017,virtual-machine-scale--017,microsoft.compute/virtualmachinescalesets,rg-prod-017,westus2,Optimize-Tier,Optimize service tier,Move to a lower-cost tier aligned with observed demand,,,HIGH,MEDIUM,HEURISTIC,FULL,PARTIAL,"Metric1,Metric2,Metric3",digital-channels,api-hub,prod,CC1003,9956.74,Standard_D8s_v5,8,32.0,running,Aggressive,False,80,Mock_2vCPU_8GB,2,8.0,86.9,3250.62,0.0,High,RESOLVED
2026-09-10,run-20260910-official-001,FIS-DIGITAL,SUB-DIGITAL-08,/subscriptions/00000018-0018-4018-8018-000000000018/resourceGroups/rg-nonprod-018/providers/microsoft.compute/virtualmachinescalesets/virtual-machine-scale--018,virtual-machine-scale--018,microsoft.compute/virtualmachinescalesets,rg-nonprod-018,centralus,Optimize-Tier,Optimize service tier,Move to a lower-cost tier aligned with observed demand,,,HIGH,MEDIUM,HEURISTIC,FULL,PARTIAL,"Metric1,Metric2",cloud-platform,customer360,nonprod,CC1012,13908.57,Standard_D4s_v5,4,16.0,stopped,Conservative,True,65,Mock_2vCPU_8GB,2,8.0,58.1,4196.31,4196.31,Low,RESOLVED
2026-09-10,run-20260910-official-001,FIS-DIGITAL,SUB-DIGITAL-08,/subscriptions/00000018-0018-4018-8018-000000000018/resourceGroups/rg-nonprod-018/providers/microsoft.compute/virtualmachinescalesets/virtual-machine-scale--018,virtual-machine-scale--018,microsoft.compute/virtualmachinescalesets,rg-nonprod-018,centralus,Optimize-Tier,Optimize service tier,Move to a lower-cost tier aligned with observed demand,,,HIGH,MEDIUM,HEURISTIC,FULL,PARTIAL,"Metric1,Metric2",cloud-platform,customer360,nonprod,CC1012,13908.57,Standard_D4s_v5,4,16.0,stopped,Moderate,False,72,Mock_2vCPU_8GB,2,8.0,68.5,5155.47,0.0,Medium,RESOLVED
2026-09-10,run-20260910-official-001,FIS-DIGITAL,SUB-DIGITAL-08,/subscriptions/00000018-0018-4018-8018-000000000018/resourceGroups/rg-nonprod-018/providers/microsoft.compute/virtualmachinescalesets/virtual-machine-scale--018,virtual-machine-scale--018,microsoft.compute/virtualmachinescalesets,rg-nonprod-018,centralus,Optimize-Tier,Optimize service tier,Move to a lower-cost tier aligned with observed demand,,,HIGH,MEDIUM,HEURISTIC,FULL,PARTIAL,"Metric1,Metric2",cloud-platform,customer360,nonprod,CC1012,13908.57,Standard_D4s_v5,4,16.0,stopped,Aggressive,False,80,Mock_1vCPU_4GB,1,4.0,82.5,6474.31,0.0,High,RESOLVED
2026-09-10,run-20260910-official-001,FIS-DIGITAL,SUB-DIGITAL-09,/subscriptions/00000019-0019-4019-8019-000000000019/resourceGroups/rg-dev-019/providers/microsoft.compute/virtualmachinescalesets/virtual-machine-scale--019,virtual-machine-scale--019,microsoft.compute/virtualmachinescalesets,rg-dev-019,eastus,Downsize,Downsize resource,Rightsize based on sustained utilization,,,LOW,MEDIUM,PRICED,FULL,COMPLETE,,digital-channels,reporting,dev,CC1011,4716.6,Standard_D4s_v5,4,16.0,running,Conservative,True,65,Mock_2vCPU_8GB,2,8.0,74.9,424.72,424.72,Low,RESOLVED
2026-09-10,run-20260910-official-001,FIS-DIGITAL,SUB-DIGITAL-09,/subscriptions/00000019-0019-4019-8019-000000000019/resourceGroups/rg-dev-019/providers/microsoft.compute/virtualmachinescalesets/virtual-machine-scale--019,virtual-machine-scale--019,microsoft.compute/virtualmachinescalesets,rg-dev-019,eastus,Downsize,Downsize resource,Rightsize based on sustained utilization,,,LOW,MEDIUM,PRICED,FULL,COMPLETE,,digital-channels,reporting,dev,CC1011,4716.6,Standard_D4s_v5,4,16.0,running,Moderate,False,72,Mock_2vCPU_8GB,2,8.0,77.5,521.8,0.0,Medium,RESOLVED
2026-09-10,run-20260910-official-001,FIS-DIGITAL,SUB-DIGITAL-09,/subscriptions/00000019-0019-4019-8019-000000000019/resourceGroups/rg-dev-019/providers/microsoft.compute/virtualmachinescalesets/virtual-machine-scale--019,virtual-machine-scale--019,microsoft.compute/virtualmachinescalesets,rg-dev-019,eastus,Downsize,Downsize resource,Rightsize based on sustained utilization,,,LOW,MEDIUM,PRICED,FULL,COMPLETE,,digital-channels,reporting,dev,CC1011,4716.6,Standard_D4s_v5,4,16.0,running,Aggressive,False,80,Mock_1vCPU_4GB,1,4.0,78.2,655.28,0.0,High,RESOLVED
2026-09-10,run-20260910-official-001,FIS-DIGITAL,SUB-DIGITAL-10,/subscriptions/00000020-0020-4020-8020-000000000020/resourceGroups/rg-qa-020/providers/microsoft.compute/sqlvirtualmachines/sql-virtual-machines-001,sql-virtual-machines-001,microsoft.compute/sqlvirtualmachines,rg-qa-020,eastus2,Optimize-Tier,Optimize service tier,Move to a lower-cost tier aligned with observed demand,,,MEDIUM,HIGH,HEURISTIC,FULL,PARTIAL,Metric1,integration,analytics,qa,CC1001,16371.96,S3,4,7.0,running,Conservative,True,65,Mock_2vCPU_3GB,2,3.5,72.3,1326.97,1326.97,Low,RESOLVED
2026-09-10,run-20260910-official-001,FIS-DIGITAL,SUB-DIGITAL-10,/subscriptions/00000020-0020-4020-8020-000000000020/resourceGroups/rg-qa-020/providers/microsoft.compute/sqlvirtualmachines/sql-virtual-machines-001,sql-virtual-machines-001,microsoft.compute/sqlvirtualmachines,rg-qa-020,eastus2,Optimize-Tier,Optimize service tier,Move to a lower-cost tier aligned with observed demand,,,MEDIUM,HIGH,HEURISTIC,FULL,PARTIAL,Metric1,integration,analytics,qa,CC1001,16371.96,S3,4,7.0,running,Moderate,False,72,Mock_2vCPU_3GB,2,3.5,78.6,1630.28,0.0,Medium,RESOLVED
2026-09-10,run-20260910-official-001,FIS-DIGITAL,SUB-DIGITAL-10,/subscriptions/00000020-0020-4020-8020-000000000020/resourceGroups/rg-qa-020/providers/microsoft.compute/sqlvirtualmachines/sql-virtual-machines-001,sql-virtual-machines-001,microsoft.compute/sqlvirtualmachines,rg-qa-020,eastus2,Optimize-Tier,Optimize service tier,Move to a lower-cost tier aligned with observed demand,,,MEDIUM,HIGH,HEURISTIC,FULL,PARTIAL,Metric1,integration,analytics,qa,CC1001,16371.96,S3,4,7.0,running,Aggressive,False,80,Mock_1vCPU_1GB,1,1.8,89.1,2047.32,0.0,High,RESOLVED
2026-09-10,run-20260910-official-001,FIS-INTERNATIONAL,SUB-INTERNATIONAL-01,/subscriptions/00000021-0021-4021-8021-000000000021/resourceGroups/rg-prod-021/providers/microsoft.compute/sqlvirtualmachines/sql-virtual-machines-002,sql-virtual-machines-002,microsoft.compute/sqlvirtualmachines,rg-prod-021,brazilsouth,Review-Utilization,Review utilization,Resource shows optimization opportunity based on current utilization,,,HIGH,HIGH,PRICED,FULL,PARTIAL,Metric1,cloud-platform,reporting,prod,CC1008,14454.59,GP_Gen5_4,4,20.0,running,Conservative,True,65,Mock_2vCPU_10GB,2,10.0,59.6,4403.04,4403.04,Low,RESOLVED
2026-09-10,run-20260910-official-001,FIS-INTERNATIONAL,SUB-INTERNATIONAL-01,/subscriptions/00000021-0021-4021-8021-000000000021/resourceGroups/rg-prod-021/providers/microsoft.compute/sqlvirtualmachines/sql-virtual-machines-002,sql-virtual-machines-002,microsoft.compute/sqlvirtualmachines,rg-prod-021,brazilsouth,Review-Utilization,Review utilization,Resource shows optimization opportunity based on current utilization,,,HIGH,HIGH,PRICED,FULL,PARTIAL,Metric1,cloud-platform,reporting,prod,CC1008,14454.59,GP_Gen5_4,4,20.0,running,Moderate,False,72,Mock_2vCPU_10GB,2,10.0,71.8,5409.45,0.0,Medium,RESOLVED
2026-09-10,run-20260910-official-001,FIS-INTERNATIONAL,SUB-INTERNATIONAL-01,/subscriptions/00000021-0021-4021-8021-000000000021/resourceGroups/rg-prod-021/providers/microsoft.compute/sqlvirtualmachines/sql-virtual-machines-002,sql-virtual-machines-002,microsoft.compute/sqlvirtualmachines,rg-prod-021,brazilsouth,Review-Utilization,Review utilization,Resource shows optimization opportunity based on current utilization,,,HIGH,HIGH,PRICED,FULL,PARTIAL,Metric1,cloud-platform,reporting,prod,CC1008,14454.59,GP_Gen5_4,4,20.0,running,Aggressive,False,80,Mock_1vCPU_5GB,1,5.0,82.1,6793.26,0.0,High,RESOLVED
2026-09-10,run-20260910-official-001,FIS-INTERNATIONAL,SUB-INTERNATIONAL-03,/subscriptions/00000023-0023-4023-8023-000000000023/resourceGroups/rg-dev-023/providers/microsoft.compute/sqlvirtualmachines/sql-virtual-machines-004,sql-virtual-machines-004,microsoft.compute/sqlvirtualmachines,rg-dev-023,westus2,Downsize,Downsize resource,Rightsize based on sustained utilization,,,HIGH,HIGH,PRICED,FULL,PARTIAL,"Metric1,Metric2,Metric3,Metric4",security,identity,dev,CC1001,11301.83,GP_Gen5_4,4,20.0,stopped,Conservative,True,65,Mock_2vCPU_10GB,2,10.0,64.6,2561.84,2561.84,Low,RESOLVED
2026-09-10,run-20260910-official-001,FIS-INTERNATIONAL,SUB-INTERNATIONAL-03,/subscriptions/00000023-0023-4023-8023-000000000023/resourceGroups/rg-dev-023/providers/microsoft.compute/sqlvirtualmachines/sql-virtual-machines-004,sql-virtual-machines-004,microsoft.compute/sqlvirtualmachines,rg-dev-023,westus2,Downsize,Downsize resource,Rightsize based on sustained utilization,,,HIGH,HIGH,PRICED,FULL,PARTIAL,"Metric1,Metric2,Metric3,Metric4",security,identity,dev,CC1001,11301.83,GP_Gen5_4,4,20.0,stopped,Moderate,False,72,Mock_2vCPU_10GB,2,10.0,81.8,3147.4,0.0,Medium,RESOLVED
2026-09-10,run-20260910-official-001,FIS-INTERNATIONAL,SUB-INTERNATIONAL-03,/subscriptions/00000023-0023-4023-8023-000000000023/resourceGroups/rg-dev-023/providers/microsoft.compute/sqlvirtualmachines/sql-virtual-machines-004,sql-virtual-machines-004,microsoft.compute/sqlvirtualmachines,rg-dev-023,westus2,Downsize,Downsize resource,Rightsize based on sustained utilization,,,HIGH,HIGH,PRICED,FULL,PARTIAL,"Metric1,Metric2,Metric3,Metric4",security,identity,dev,CC1001,11301.83,GP_Gen5_4,4,20.0,stopped,Aggressive,False,80,Mock_1vCPU_5GB,1,5.0,73.7,3952.55,0.0,High,RESOLVED
2026-09-10,run-20260910-official-001,FIS-INTERNATIONAL,SUB-INTERNATIONAL-04,/subscriptions/00000024-0024-4024-8024-000000000024/resourceGroups/rg-qa-024/providers/microsoft.compute/sqlvirtualmachines/sql-virtual-machines-005,sql-virtual-machines-005,microsoft.compute/sqlvirtualmachines,rg-qa-024,brazilsouth,Downsize,Downsize resource,Rightsize based on sustained utilization,,,MEDIUM,HIGH,PRICED,FULL,COMPLETE,,security,customer360,qa,CC1012,6138.63,GP_Gen5_8,8,40.0,running,Conservative,True,65,Mock_4vCPU_20GB,4,20.0,71.7,845.08,845.08,Low,RESOLVED
2026-09-10,run-20260910-official-001,FIS-INTERNATIONAL,SUB-INTERNATIONAL-04,/subscriptions/00000024-0024-4024-8024-000000000024/resourceGroups/rg-qa-024/providers/microsoft.compute/sqlvirtualmachines/sql-virtual-machines-005,sql-virtual-machines-005,microsoft.compute/sqlvirtualmachines,rg-qa-024,brazilsouth,Downsize,Downsize resource,Rightsize based on sustained utilization,,,MEDIUM,HIGH,PRICED,FULL,COMPLETE,,security,customer360,qa,CC1012,6138.63,GP_Gen5_8,8,40.0,running,Moderate,False,72,Mock_4vCPU_20GB,4,20.0,78.1,1038.24,0.0,Medium,RESOLVED
2026-09-10,run-20260910-official-001,FIS-INTERNATIONAL,SUB-INTERNATIONAL-04,/subscriptions/00000024-0024-4024-8024-000000000024/resourceGroups/rg-qa-024/providers/microsoft.compute/sqlvirtualmachines/sql-virtual-machines-005,sql-virtual-machines-005,microsoft.compute/sqlvirtualmachines,rg-qa-024,brazilsouth,Downsize,Downsize resource,Rightsize based on sustained utilization,,,MEDIUM,HIGH,PRICED,FULL,COMPLETE,,security,customer360,qa,CC1012,6138.63,GP_Gen5_8,8,40.0,running,Aggressive,False,80,Mock_2vCPU_10GB,2,10.0,73.3,1303.84,0.0,High,RESOLVED
2026-09-10,run-20260910-official-001,FIS-INTERNATIONAL,SUB-INTERNATIONAL-06,/subscriptions/00000026-0026-4026-8026-000000000026/resourceGroups/rg-nonprod-026/providers/microsoft.compute/sqlvirtualmachines/sql-virtual-machines-007,sql-virtual-machines-007,microsoft.compute/sqlvirtualmachines,rg-nonprod-026,centralus,Optimize-Tier,Optimize service tier,Move to a lower-cost tier aligned with observed demand,,,MEDIUM,HIGH,PRICED,FULL,COMPLETE,,core-banking,ledger,nonprod,CC1005,14766.23,GP_Gen5_4,4,20.0,running,Conservative,True,65,Mock_2vCPU_10GB,2,10.0,61.7,836.71,836.71,Low,RESOLVED
2026-09-10,run-20260910-official-001,FIS-INTERNATIONAL,SUB-INTERNATIONAL-06,/subscriptions/00000026-0026-4026-8026-000000000026/resourceGroups/rg-nonprod-026/providers/microsoft.compute/sqlvirtualmachines/sql-virtual-machines-007,sql-virtual-machines-007,microsoft.compute/sqlvirtualmachines,rg-nonprod-026,centralus,Optimize-Tier,Optimize service tier,Move to a lower-cost tier aligned with observed demand,,,MEDIUM,HIGH,PRICED,FULL,COMPLETE,,core-banking,ledger,nonprod,CC1005,14766.23,GP_Gen5_4,4,20.0,running,Moderate,False,72,Mock_2vCPU_10GB,2,10.0,81.2,1027.96,0.0,Medium,RESOLVED
2026-09-10,run-20260910-official-001,FIS-INTERNATIONAL,SUB-INTERNATIONAL-06,/subscriptions/00000026-0026-4026-8026-000000000026/resourceGroups/rg-nonprod-026/providers/microsoft.compute/sqlvirtualmachines/sql-virtual-machines-007,sql-virtual-machines-007,microsoft.compute/sqlvirtualmachines,rg-nonprod-026,centralus,Optimize-Tier,Optimize service tier,Move to a lower-cost tier aligned with observed demand,,,MEDIUM,HIGH,PRICED,FULL,COMPLETE,,core-banking,ledger,nonprod,CC1005,14766.23,GP_Gen5_4,4,20.0,running,Aggressive,False,80,Mock_1vCPU_5GB,1,5.0,74.8,1290.92,0.0,High,RESOLVED
2026-09-10,run-20260910-official-001,FIS-INTERNATIONAL,SUB-INTERNATIONAL-08,/subscriptions/00000028-0028-4028-8028-000000000028/resourceGroups/rg-qa-028/providers/microsoft.compute/sqlvirtualmachines/sql-virtual-machines-009,sql-virtual-machines-009,microsoft.compute/sqlvirtualmachines,rg-qa-028,brazilsouth,Review-Utilization,Review utilization,Resource shows optimization opportunity based on current utilization,,,MEDIUM,LOW,PRICED,FULL,COMPLETE,,payments,identity,qa,CC1006,7943.32,GP_Gen5_8,8,40.0,running,Conservative,True,65,Mock_4vCPU_20GB,4,20.0,76.8,1174.78,1174.78,Low,RESOLVED
2026-09-10,run-20260910-official-001,FIS-INTERNATIONAL,SUB-INTERNATIONAL-08,/subscriptions/00000028-0028-4028-8028-000000000028/resourceGroups/rg-qa-028/providers/microsoft.compute/sqlvirtualmachines/sql-virtual-machines-009,sql-virtual-machines-009,microsoft.compute/sqlvirtualmachines,rg-qa-028,brazilsouth,Review-Utilization,Review utilization,Resource shows optimization opportunity based on current utilization,,,MEDIUM,LOW,PRICED,FULL,COMPLETE,,payments,identity,qa,CC1006,7943.32,GP_Gen5_8,8,40.0,running,Moderate,False,72,Mock_4vCPU_20GB,4,20.0,68.5,1443.3,0.0,Medium,RESOLVED
2026-09-10,run-20260910-official-001,FIS-INTERNATIONAL,SUB-INTERNATIONAL-08,/subscriptions/00000028-0028-4028-8028-000000000028/resourceGroups/rg-qa-028/providers/microsoft.compute/sqlvirtualmachines/sql-virtual-machines-009,sql-virtual-machines-009,microsoft.compute/sqlvirtualmachines,rg-qa-028,brazilsouth,Review-Utilization,Review utilization,Resource shows optimization opportunity based on current utilization,,,MEDIUM,LOW,PRICED,FULL,COMPLETE,,payments,identity,qa,CC1006,7943.32,GP_Gen5_8,8,40.0,running,Aggressive,False,80,Mock_2vCPU_10GB,2,10.0,86.9,1812.52,0.0,High,RESOLVED
2026-09-10,run-20260910-official-001,FIS-INTERNATIONAL,SUB-INTERNATIONAL-09,/subscriptions/00000029-0029-4029-8029-000000000029/resourceGroups/rg-prod-029/providers/microsoft.compute/sqlvirtualmachines/sql-virtual-machines-010,sql-virtual-machines-010,microsoft.compute/sqlvirtualmachines,rg-prod-029,brazilsouth,Review-Utilization,Review utilization,Resource shows optimization opportunity based on current utilization,,,HIGH,HIGH,PRICED,FULL,PARTIAL,Metric1,core-banking,payments,prod,CC1007,12758.31,GP_Gen5_4,4,20.0,running,Conservative,True,65,Mock_2vCPU_10GB,2,10.0,62.6,3697.72,3697.72,Low,RESOLVED
2026-09-10,run-20260910-official-001,FIS-INTERNATIONAL,SUB-INTERNATIONAL-09,/subscriptions/00000029-0029-4029-8029-000000000029/resourceGroups/rg-prod-029/providers/microsoft.compute/sqlvirtualmachines/sql-virtual-machines-010,sql-virtual-machines-010,microsoft.compute/sqlvirtualmachines,rg-prod-029,brazilsouth,Review-Utilization,Review utilization,Resource shows optimization opportunity based on current utilization,,,HIGH,HIGH,PRICED,FULL,PARTIAL,Metric1,core-banking,payments,prod,CC1007,12758.31,GP_Gen5_4,4,20.0,running,Moderate,False,72,Mock_2vCPU_10GB,2,10.0,68.9,4542.92,0.0,Medium,RESOLVED
2026-09-10,run-20260910-official-001,FIS-INTERNATIONAL,SUB-INTERNATIONAL-09,/subscriptions/00000029-0029-4029-8029-000000000029/resourceGroups/rg-prod-029/providers/microsoft.compute/sqlvirtualmachines/sql-virtual-machines-010,sql-virtual-machines-010,microsoft.compute/sqlvirtualmachines,rg-prod-029,brazilsouth,Review-Utilization,Review utilization,Resource shows optimization opportunity based on current utilization,,,HIGH,HIGH,PRICED,FULL,PARTIAL,Metric1,core-banking,payments,prod,CC1007,12758.31,GP_Gen5_4,4,20.0,running,Aggressive,False,80,Mock_1vCPU_5GB,1,5.0,73.3,5705.06,0.0,High,RESOLVED
2026-09-10,run-20260910-official-001,FIS-INTERNATIONAL,SUB-INTERNATIONAL-10,/subscriptions/00000030-0030-4030-8030-000000000030/resourceGroups/rg-nonprod-030/providers/microsoft.compute/sqlvirtualmachines/sql-virtual-machines-011,sql-virtual-machines-011,microsoft.compute/sqlvirtualmachines,rg-nonprod-030,centralus,Review-Utilization,Review utilization,Resource shows optimization opportunity based on current utilization,,,LOW,MEDIUM,HEURISTIC,FULL,PARTIAL,Metric1,security,payments,nonprod,CC1008,1384.91,Standard_D2s_v5,2,8.0,running,Conservative,True,65,Mock_1vCPU_4GB,1,4.0,71.9,251.7,251.7,Low,RESOLVED
2026-09-10,run-20260910-official-001,FIS-INTERNATIONAL,SUB-INTERNATIONAL-10,/subscriptions/00000030-0030-4030-8030-000000000030/resourceGroups/rg-nonprod-030/providers/microsoft.compute/sqlvirtualmachines/sql-virtual-machines-011,sql-virtual-machines-011,microsoft.compute/sqlvirtualmachines,rg-nonprod-030,centralus,Review-Utilization,Review utilization,Resource shows optimization opportunity based on current utilization,,,LOW,MEDIUM,HEURISTIC,FULL,PARTIAL,Metric1,security,payments,nonprod,CC1008,1384.91,Standard_D2s_v5,2,8.0,running,Moderate,False,72,Mock_1vCPU_4GB,1,4.0,78.6,309.23,0.0,Medium,RESOLVED
2026-09-10,run-20260910-official-001,FIS-INTERNATIONAL,SUB-INTERNATIONAL-10,/subscriptions/00000030-0030-4030-8030-000000000030/resourceGroups/rg-nonprod-030/providers/microsoft.compute/sqlvirtualmachines/sql-virtual-machines-011,sql-virtual-machines-011,microsoft.compute/sqlvirtualmachines,rg-nonprod-030,centralus,Review-Utilization,Review utilization,Resource shows optimization opportunity based on current utilization,,,LOW,MEDIUM,HEURISTIC,FULL,PARTIAL,Metric1,security,payments,nonprod,CC1008,1384.91,Standard_D2s_v5,2,8.0,running,Aggressive,False,80,Mock_1vCPU_2GB,1,2.0,80.0,388.34,0.0,High,RESOLVED
2026-09-10,run-20260910-official-001,FIS-CORP,SUB-CORP-01,/subscriptions/00000001-0001-4001-8001-000000000001/resourceGroups/rg-dev-031/providers/microsoft.compute/sqlvirtualmachines/sql-virtual-machines-012,sql-virtual-machines-012,microsoft.compute/sqlvirtualmachines,rg-dev-031,centralus,Review-Utilization,Review utilization,Resource shows optimization opportunity based on current utilization,,,MEDIUM,HIGH,PRICED,FULL,PARTIAL,Metric1,payments,customer360,dev,CC1009,11641.95,GP_Gen5_8,8,40.0,running,Conservative,True,65,Mock_4vCPU_20GB,4,20.0,71.1,1159.08,1159.08,Low,RESOLVED
2026-09-10,run-20260910-official-001,FIS-CORP,SUB-CORP-01,/subscriptions/00000001-0001-4001-8001-000000000001/resourceGroups/rg-dev-031/providers/microsoft.compute/sqlvirtualmachines/sql-virtual-machines-012,sql-virtual-machines-012,microsoft.compute/sqlvirtualmachines,rg-dev-031,centralus,Review-Utilization,Review utilization,Resource shows optimization opportunity based on current utilization,,,MEDIUM,HIGH,PRICED,FULL,PARTIAL,Metric1,payments,customer360,dev,CC1009,11641.95,GP_Gen5_8,8,40.0,running,Moderate,False,72,Mock_4vCPU_20GB,4,20.0,68.4,1424.01,0.0,Medium,RESOLVED
2026-09-10,run-20260910-official-001,FIS-CORP,SUB-CORP-01,/subscriptions/00000001-0001-4001-8001-000000000001/resourceGroups/rg-dev-031/providers/microsoft.compute/sqlvirtualmachines/sql-virtual-machines-012,sql-virtual-machines-012,microsoft.compute/sqlvirtualmachines,rg-dev-031,centralus,Review-Utilization,Review utilization,Resource shows optimization opportunity based on current utilization,,,MEDIUM,HIGH,PRICED,FULL,PARTIAL,Metric1,payments,customer360,dev,CC1009,11641.95,GP_Gen5_8,8,40.0,running,Aggressive,False,80,Mock_2vCPU_10GB,2,10.0,91.3,1788.3,0.0,High,RESOLVED
2026-09-10,run-20260910-official-001,FIS-CORP,SUB-CORP-02,/subscriptions/00000002-0002-4002-8002-000000000002/resourceGroups/rg-qa-032/providers/microsoft.compute/sqlvirtualmachines/sql-virtual-machines-013,sql-virtual-machines-013,microsoft.compute/sqlvirtualmachines,rg-qa-032,eastus,Optimize-Tier,Optimize service tier,Move to a lower-cost tier aligned with observed demand,,,MEDIUM,MEDIUM,HEURISTIC,FULL,PARTIAL,"Metric1,Metric2,Metric3,Metric4",cloud-platform,reporting,qa,CC1007,14894.46,GP_Gen5_4,4,20.0,stopped,Conservative,True,65,Mock_2vCPU_10GB,2,10.0,70.5,1114.58,1114.58,Low,RESOLVED
2026-09-10,run-20260910-official-001,FIS-CORP,SUB-CORP-02,/subscriptions/00000002-0002-4002-8002-000000000002/resourceGroups/rg-qa-032/providers/microsoft.compute/sqlvirtualmachines/sql-virtual-machines-013,sql-virtual-machines-013,microsoft.compute/sqlvirtualmachines,rg-qa-032,eastus,Optimize-Tier,Optimize service tier,Move to a lower-cost tier aligned with observed demand,,,MEDIUM,MEDIUM,HEURISTIC,FULL,PARTIAL,"Metric1,Metric2,Metric3,Metric4",cloud-platform,reporting,qa,CC1007,14894.46,GP_Gen5_4,4,20.0,stopped,Moderate,False,72,Mock_2vCPU_10GB,2,10.0,77.7,1369.34,0.0,Medium,RESOLVED
2026-09-10,run-20260910-official-001,FIS-CORP,SUB-CORP-02,/subscriptions/00000002-0002-4002-8002-000000000002/resourceGroups/rg-qa-032/providers/microsoft.compute/sqlvirtualmachines/sql-virtual-machines-013,sql-virtual-machines-013,microsoft.compute/sqlvirtualmachines,rg-qa-032,eastus,Optimize-Tier,Optimize service tier,Move to a lower-cost tier aligned with observed demand,,,MEDIUM,MEDIUM,HEURISTIC,FULL,PARTIAL,"Metric1,Metric2,Metric3,Metric4",cloud-platform,reporting,qa,CC1007,14894.46,GP_Gen5_4,4,20.0,stopped,Aggressive,False,80,Mock_1vCPU_5GB,1,5.0,76.7,1719.64,0.0,High,RESOLVED
2026-09-10,run-20260910-official-001,FIS-CORP,SUB-CORP-04,/subscriptions/00000004-0004-4004-8004-000000000004/resourceGroups/rg-nonprod-034/providers/microsoft.compute/sqlvirtualmachines/sql-virtual-machines-015,sql-virtual-machines-015,microsoft.compute/sqlvirtualmachines,rg-nonprod-034,westus2,Downsize,Downsize resource,Rightsize based on sustained utilization,,,HIGH,MEDIUM,PRICED,FULL,COMPLETE,,digital-channels,customer360,nonprod,CC1003,16055.9,GP_Gen5_8,8,40.0,running,Conservative,True,65,Mock_4vCPU_20GB,4,20.0,66.2,2999.81,2999.81,Low,RESOLVED
2026-09-10,run-20260910-official-001,FIS-CORP,SUB-CORP-04,/subscriptions/00000004-0004-4004-8004-000000000004/resourceGroups/rg-nonprod-034/providers/microsoft.compute/sqlvirtualmachines/sql-virtual-machines-015,sql-virtual-machines-015,microsoft.compute/sqlvirtualmachines,rg-nonprod-034,westus2,Downsize,Downsize resource,Rightsize based on sustained utilization,,,HIGH,MEDIUM,PRICED,FULL,COMPLETE,,digital-channels,customer360,nonprod,CC1003,16055.9,GP_Gen5_8,8,40.0,running,Moderate,False,72,Mock_4vCPU_20GB,4,20.0,72.9,3685.48,0.0,Medium,RESOLVED
2026-09-10,run-20260910-official-001,FIS-CORP,SUB-CORP-04,/subscriptions/00000004-0004-4004-8004-000000000004/resourceGroups/rg-nonprod-034/providers/microsoft.compute/sqlvirtualmachines/sql-virtual-machines-015,sql-virtual-machines-015,microsoft.compute/sqlvirtualmachines,rg-nonprod-034,westus2,Downsize,Downsize resource,Rightsize based on sustained utilization,,,HIGH,MEDIUM,PRICED,FULL,COMPLETE,,digital-channels,customer360,nonprod,CC1003,16055.9,GP_Gen5_8,8,40.0,running,Aggressive,False,80,Mock_2vCPU_10GB,2,10.0,79.7,4628.28,0.0,High,RESOLVED
2026-09-10,run-20260910-official-001,FIS-CORP,SUB-CORP-05,/subscriptions/00000005-0005-4005-8005-000000000005/resourceGroups/rg-dev-035/providers/microsoft.compute/sqlvirtualmachines/sql-virtual-machines-016,sql-virtual-machines-016,microsoft.compute/sqlvirtualmachines,rg-dev-035,brazilsouth,Review-Utilization,Review utilization,Resource shows optimization opportunity based on current utilization,,,MEDIUM,HIGH,PRICED,FULL,COMPLETE,,core-banking,analytics,dev,CC1002,8594.17,P1v3,2,8.0,running,Conservative,True,65,Mock_1vCPU_4GB,1,4.0,69.1,1710.72,1710.72,Low,RESOLVED
2026-09-10,run-20260910-official-001,FIS-CORP,SUB-CORP-05,/subscriptions/00000005-0005-4005-8005-000000000005/resourceGroups/rg-dev-035/providers/microsoft.compute/sqlvirtualmachines/sql-virtual-machines-016,sql-virtual-machines-016,microsoft.compute/sqlvirtualmachines,rg-dev-035,brazilsouth,Review-Utilization,Review utilization,Resource shows optimization opportunity based on current utilization,,,MEDIUM,HIGH,PRICED,FULL,COMPLETE,,core-banking,analytics,dev,CC1002,8594.17,P1v3,2,8.0,running,Moderate,False,72,Mock_1vCPU_4GB,1,4.0,74.1,2101.75,0.0,Medium,RESOLVED
2026-09-10,run-20260910-official-001,FIS-CORP,SUB-CORP-05,/subscriptions/00000005-0005-4005-8005-000000000005/resourceGroups/rg-dev-035/providers/microsoft.compute/sqlvirtualmachines/sql-virtual-machines-016,sql-virtual-machines-016,microsoft.compute/sqlvirtualmachines,rg-dev-035,brazilsouth,Review-Utilization,Review utilization,Resource shows optimization opportunity based on current utilization,,,MEDIUM,HIGH,PRICED,FULL,COMPLETE,,core-banking,analytics,dev,CC1002,8594.17,P1v3,2,8.0,running,Aggressive,False,80,Mock_1vCPU_2GB,1,2.0,76.6,2639.4,0.0,High,RESOLVED
2026-09-10,run-20260910-official-001,FIS-CORP,SUB-CORP-06,/subscriptions/00000006-0006-4006-8006-000000000006/resourceGroups/rg-qa-036/providers/microsoft.compute/virtualmachines/sqlserver/sql-server-on-azure-vm-001,sql-server-on-azure-vm-001,microsoft.compute/virtualmachines/sqlserver,rg-qa-036,brazilsouth,Review-Utilization,Review utilization,Resource shows optimization opportunity based on current utilization,,,MEDIUM,LOW,PRICED,FULL,COMPLETE,,digital-channels,payments,qa,CC1003,5486.52,Standard_D2s_v5,2,8.0,,Conservative,True,65,Mock_1vCPU_4GB,1,4.0,64.8,1756.26,1756.26,Low,RESOLVED
2026-09-10,run-20260910-official-001,FIS-CORP,SUB-CORP-06,/subscriptions/00000006-0006-4006-8006-000000000006/resourceGroups/rg-qa-036/providers/microsoft.compute/virtualmachines/sqlserver/sql-server-on-azure-vm-001,sql-server-on-azure-vm-001,microsoft.compute/virtualmachines/sqlserver,rg-qa-036,brazilsouth,Review-Utilization,Review utilization,Resource shows optimization opportunity based on current utilization,,,MEDIUM,LOW,PRICED,FULL,COMPLETE,,digital-channels,payments,qa,CC1003,5486.52,Standard_D2s_v5,2,8.0,,Moderate,False,72,Mock_1vCPU_4GB,1,4.0,69.9,2157.7,0.0,Medium,RESOLVED
2026-09-10,run-20260910-official-001,FIS-CORP,SUB-CORP-06,/subscriptions/00000006-0006-4006-8006-000000000006/resourceGroups/rg-qa-036/providers/microsoft.compute/virtualmachines/sqlserver/sql-server-on-azure-vm-001,sql-server-on-azure-vm-001,microsoft.compute/virtualmachines/sqlserver,rg-qa-036,brazilsouth,Review-Utilization,Review utilization,Resource shows optimization opportunity based on current utilization,,,MEDIUM,LOW,PRICED,FULL,COMPLETE,,digital-channels,payments,qa,CC1003,5486.52,Standard_D2s_v5,2,8.0,,Aggressive,False,80,Mock_1vCPU_2GB,1,2.0,87.7,2709.67,0.0,High,RESOLVED
2026-09-10,run-20260910-official-001,FIS-CORP,SUB-CORP-07,/subscriptions/00000007-0007-4007-8007-000000000007/resourceGroups/rg-prod-037/providers/microsoft.compute/virtualmachines/sqlserver/sql-server-on-azure-vm-002,sql-server-on-azure-vm-002,microsoft.compute/virtualmachines/sqlserver,rg-prod-037,centralus,Downsize,Downsize resource,Rightsize based on sustained utilization,,,MEDIUM,LOW,PRICED,FULL,PARTIAL,"Metric1,Metric2",security,reporting,prod,CC1012,3971.49,P1v3,2,8.0,,Conservative,True,65,Mock_1vCPU_4GB,1,4.0,67.7,934.25,934.25,Low,RESOLVED
2026-09-10,run-20260910-official-001,FIS-CORP,SUB-CORP-07,/subscriptions/00000007-0007-4007-8007-000000000007/resourceGroups/rg-prod-037/providers/microsoft.compute/virtualmachines/sqlserver/sql-server-on-azure-vm-002,sql-server-on-azure-vm-002,microsoft.compute/virtualmachines/sqlserver,rg-prod-037,centralus,Downsize,Downsize resource,Rightsize based on sustained utilization,,,MEDIUM,LOW,PRICED,FULL,PARTIAL,"Metric1,Metric2",security,reporting,prod,CC1012,3971.49,P1v3,2,8.0,,Moderate,False,72,Mock_1vCPU_4GB,1,4.0,66.3,1147.79,0.0,Medium,RESOLVED
2026-09-10,run-20260910-official-001,FIS-CORP,SUB-CORP-07,/subscriptions/00000007-0007-4007-8007-000000000007/resourceGroups/rg-prod-037/providers/microsoft.compute/virtualmachines/sqlserver/sql-server-on-azure-vm-002,sql-server-on-azure-vm-002,microsoft.compute/virtualmachines/sqlserver,rg-prod-037,centralus,Downsize,Downsize resource,Rightsize based on sustained utilization,,,MEDIUM,LOW,PRICED,FULL,PARTIAL,"Metric1,Metric2",security,reporting,prod,CC1012,3971.49,P1v3,2,8.0,,Aggressive,False,80,Mock_1vCPU_2GB,1,2.0,76.5,1441.41,0.0,High,RESOLVED
2026-09-10,run-20260910-official-001,FIS-CORP,SUB-CORP-08,/subscriptions/00000008-0008-4008-8008-000000000008/resourceGroups/rg-nonprod-038/providers/microsoft.compute/virtualmachines/sqlserver/sql-server-on-azure-vm-003,sql-server-on-azure-vm-003,microsoft.compute/virtualmachines/sqlserver,rg-nonprod-038,brazilsouth,Optimize-Tier,Optimize service tier,Move to a lower-cost tier aligned with observed demand,,,MEDIUM,LOW,PRICED,FULL,PARTIAL,"Metric1,Metric2",payments,reporting,nonprod,CC1004,3640.21,GP_Gen5_8,8,40.0,,Conservative,True,65,Mock_4vCPU_20GB,4,20.0,58.9,1156.41,1156.41,Low,RESOLVED
2026-09-10,run-20260910-official-001,FIS-CORP,SUB-CORP-08,/subscriptions/00000008-0008-4008-8008-000000000008/resourceGroups/rg-nonprod-038/providers/microsoft.compute/virtualmachines/sqlserver/sql-server-on-azure-vm-003,sql-server-on-azure-vm-003,microsoft.compute/virtualmachines/sqlserver,rg-nonprod-038,brazilsouth,Optimize-Tier,Optimize service tier,Move to a lower-cost tier aligned with observed demand,,,MEDIUM,LOW,PRICED,FULL,PARTIAL,"Metric1,Metric2",payments,reporting,nonprod,CC1004,3640.21,GP_Gen5_8,8,40.0,,Moderate,False,72,Mock_4vCPU_20GB,4,20.0,68.0,1420.74,0.0,Medium,RESOLVED
2026-09-10,run-20260910-official-001,FIS-CORP,SUB-CORP-08,/subscriptions/00000008-0008-4008-8008-000000000008/resourceGroups/rg-nonprod-038/providers/microsoft.compute/virtualmachines/sqlserver/sql-server-on-azure-vm-003,sql-server-on-azure-vm-003,microsoft.compute/virtualmachines/sqlserver,rg-nonprod-038,brazilsouth,Optimize-Tier,Optimize service tier,Move to a lower-cost tier aligned with observed demand,,,MEDIUM,LOW,PRICED,FULL,PARTIAL,"Metric1,Metric2",payments,reporting,nonprod,CC1004,3640.21,GP_Gen5_8,8,40.0,,Aggressive,False,80,Mock_2vCPU_10GB,2,10.0,83.4,1784.18,0.0,High,RESOLVED
2026-09-10,run-20260910-official-001,FIS-CORP,SUB-CORP-10,/subscriptions/00000010-0010-4010-8010-000000000010/resourceGroups/rg-qa-040/providers/microsoft.compute/virtualmachines/sqlserver/sql-server-on-azure-vm-005,sql-server-on-azure-vm-005,microsoft.compute/virtualmachines/sqlserver,rg-qa-040,eastus2,Optimize-Tier,Optimize service tier,Move to a lower-cost tier aligned with observed demand,,,LOW,HIGH,UNPRICED,FULL,COMPLETE,,cloud-platform,identity,qa,CC1006,12856.45,Standard_D4s_v5,4,16.0,,Conservative,True,65,Mock_2vCPU_8GB,2,8.0,60.7,1349.93,1349.93,Low,RESOLVED
2026-09-10,run-20260910-official-001,FIS-CORP,SUB-CORP-10,/subscriptions/00000010-0010-4010-8010-000000000010/resourceGroups/rg-qa-040/providers/microsoft.compute/virtualmachines/sqlserver/sql-server-on-azure-vm-005,sql-server-on-azure-vm-005,microsoft.compute/virtualmachines/sqlserver,rg-qa-040,eastus2,Optimize-Tier,Optimize service tier,Move to a lower-cost tier aligned with observed demand,,,LOW,HIGH,UNPRICED,FULL,COMPLETE,,cloud-platform,identity,qa,CC1006,12856.45,Standard_D4s_v5,4,16.0,,Moderate,False,72,Mock_2vCPU_8GB,2,8.0,69.8,1658.48,0.0,Medium,RESOLVED
2026-09-10,run-20260910-official-001,FIS-CORP,SUB-CORP-10,/subscriptions/00000010-0010-4010-8010-000000000010/resourceGroups/rg-qa-040/providers/microsoft.compute/virtualmachines/sqlserver/sql-server-on-azure-vm-005,sql-server-on-azure-vm-005,microsoft.compute/virtualmachines/sqlserver,rg-qa-040,eastus2,Optimize-Tier,Optimize service tier,Move to a lower-cost tier aligned with observed demand,,,LOW,HIGH,UNPRICED,FULL,COMPLETE,,cloud-platform,identity,qa,CC1006,12856.45,Standard_D4s_v5,4,16.0,,Aggressive,False,80,Mock_1vCPU_4GB,1,4.0,81.5,2082.74,0.0,High,RESOLVED
2026-09-10,run-20260910-official-001,FIS-DIGITAL,SUB-DIGITAL-01,/subscriptions/00000011-0011-4011-8011-000000000011/resourceGroups/rg-prod-041/providers/microsoft.compute/virtualmachines/sqlserver/sql-server-on-azure-vm-006,sql-server-on-azure-vm-006,microsoft.compute/virtualmachines/sqlserver,rg-prod-041,northeurope,Downsize,Downsize resource,Rightsize based on sustained utilization,,,LOW,LOW,UNPRICED,FULL,PARTIAL,"Metric1,Metric2",digital-channels,ledger,prod,CC1009,13074.02,S3,4,7.0,,Conservative,True,65,Mock_2vCPU_3GB,2,3.5,71.9,1372.77,1372.77,Low,RESOLVED
2026-09-10,run-20260910-official-001,FIS-DIGITAL,SUB-DIGITAL-01,/subscriptions/00000011-0011-4011-8011-000000000011/resourceGroups/rg-prod-041/providers/microsoft.compute/virtualmachines/sqlserver/sql-server-on-azure-vm-006,sql-server-on-azure-vm-006,microsoft.compute/virtualmachines/sqlserver,rg-prod-041,northeurope,Downsize,Downsize resource,Rightsize based on sustained utilization,,,LOW,LOW,UNPRICED,FULL,PARTIAL,"Metric1,Metric2",digital-channels,ledger,prod,CC1009,13074.02,S3,4,7.0,,Moderate,False,72,Mock_2vCPU_3GB,2,3.5,82.8,1686.55,0.0,Medium,RESOLVED
2026-09-10,run-20260910-official-001,FIS-DIGITAL,SUB-DIGITAL-01,/subscriptions/00000011-0011-4011-8011-000000000011/resourceGroups/rg-prod-041/providers/microsoft.compute/virtualmachines/sqlserver/sql-server-on-azure-vm-006,sql-server-on-azure-vm-006,microsoft.compute/virtualmachines/sqlserver,rg-prod-041,northeurope,Downsize,Downsize resource,Rightsize based on sustained utilization,,,LOW,LOW,UNPRICED,FULL,PARTIAL,"Metric1,Metric2",digital-channels,ledger,prod,CC1009,13074.02,S3,4,7.0,,Aggressive,False,80,Mock_1vCPU_1GB,1,1.8,74.7,2117.99,0.0,High,RESOLVED
2026-09-10,run-20260910-official-001,FIS-DIGITAL,SUB-DIGITAL-02,/subscriptions/00000012-0012-4012-8012-000000000012/resourceGroups/rg-nonprod-042/providers/microsoft.compute/virtualmachines/sqlserver/sql-server-on-azure-vm-007,sql-server-on-azure-vm-007,microsoft.compute/virtualmachines/sqlserver,rg-nonprod-042,eastus,Optimize-Tier,Optimize service tier,Move to a lower-cost tier aligned with observed demand,,,MEDIUM,MEDIUM,PRICED,FULL,PARTIAL,Metric1,data-ai,ledger,nonprod,CC1004,12218.37,Standard_D2s_v5,2,8.0,,Conservative,True,65,Mock_1vCPU_4GB,1,4.0,58.7,1774.59,1774.59,Low,RESOLVED
2026-09-10,run-20260910-official-001,FIS-DIGITAL,SUB-DIGITAL-02,/subscriptions/00000012-0012-4012-8012-000000000012/resourceGroups/rg-nonprod-042/providers/microsoft.compute/virtualmachines/sqlserver/sql-server-on-azure-vm-007,sql-server-on-azure-vm-007,microsoft.compute/virtualmachines/sqlserver,rg-nonprod-042,eastus,Optimize-Tier,Optimize service tier,Move to a lower-cost tier aligned with observed demand,,,MEDIUM,MEDIUM,PRICED,FULL,PARTIAL,Metric1,data-ai,ledger,nonprod,CC1004,12218.37,Standard_D2s_v5,2,8.0,,Moderate,False,72,Mock_1vCPU_4GB,1,4.0,67.0,2180.21,0.0,Medium,RESOLVED
2026-09-10,run-20260910-official-001,FIS-DIGITAL,SUB-DIGITAL-02,/subscriptions/00000012-0012-4012-8012-000000000012/resourceGroups/rg-nonprod-042/providers/microsoft.compute/virtualmachines/sqlserver/sql-server-on-azure-vm-007,sql-server-on-azure-vm-007,microsoft.compute/virtualmachines/sqlserver,rg-nonprod-042,eastus,Optimize-Tier,Optimize service tier,Move to a lower-cost tier aligned with observed demand,,,MEDIUM,MEDIUM,PRICED,FULL,PARTIAL,Metric1,data-ai,ledger,nonprod,CC1004,12218.37,Standard_D2s_v5,2,8.0,,Aggressive,False,80,Mock_1vCPU_2GB,1,2.0,90.4,2737.94,0.0,High,RESOLVED
2026-09-10,run-20260910-official-001,FIS-DIGITAL,SUB-DIGITAL-03,/subscriptions/00000013-0013-4013-8013-000000000013/resourceGroups/rg-dev-043/providers/microsoft.compute/virtualmachines/sqlserver/sql-server-on-azure-vm-008,sql-server-on-azure-vm-008,microsoft.compute/virtualmachines/sqlserver,rg-dev-043,eastus,Optimize-Tier,Optimize service tier,Move to a lower-cost tier aligned with observed demand,,,LOW,MEDIUM,PRICED,FULL,COMPLETE,,payments,api-hub,dev,CC1010,3104.9,Standard_D2s_v5,2,8.0,,Conservative,True,65,Mock_1vCPU_4GB,1,4.0,70.7,329.84,329.84,Low,RESOLVED
2026-09-10,run-20260910-official-001,FIS-DIGITAL,SUB-DIGITAL-03,/subscriptions/00000013-0013-4013-8013-000000000013/resourceGroups/rg-dev-043/providers/microsoft.compute/virtualmachines/sqlserver/sql-server-on-azure-vm-008,sql-server-on-azure-vm-008,microsoft.compute/virtualmachines/sqlserver,rg-dev-043,eastus,Optimize-Tier,Optimize service tier,Move to a lower-cost tier aligned with observed demand,,,LOW,MEDIUM,PRICED,FULL,COMPLETE,,payments,api-hub,dev,CC1010,3104.9,Standard_D2s_v5,2,8.0,,Moderate,False,72,Mock_1vCPU_4GB,1,4.0,79.2,405.23,0.0,Medium,RESOLVED
2026-09-10,run-20260910-official-001,FIS-DIGITAL,SUB-DIGITAL-03,/subscriptions/00000013-0013-4013-8013-000000000013/resourceGroups/rg-dev-043/providers/microsoft.compute/virtualmachines/sqlserver/sql-server-on-azure-vm-008,sql-server-on-azure-vm-008,microsoft.compute/virtualmachines/sqlserver,rg-dev-043,eastus,Optimize-Tier,Optimize service tier,Move to a lower-cost tier aligned with observed demand,,,LOW,MEDIUM,PRICED,FULL,COMPLETE,,payments,api-hub,dev,CC1010,3104.9,Standard_D2s_v5,2,8.0,,Aggressive,False,80,Mock_1vCPU_2GB,1,2.0,80.4,508.9,0.0,High,RESOLVED
2026-09-10,run-20260910-official-001,FIS-DIGITAL,SUB-DIGITAL-04,/subscriptions/00000014-0014-4014-8014-000000000014/resourceGroups/rg-qa-044/providers/microsoft.compute/virtualmachines/sqlserver/sql-server-on-azure-vm-009,sql-server-on-azure-vm-009,microsoft.compute/virtualmachines/sqlserver,rg-qa-044,westus2,Downsize,Downsize resource,Rightsize based on sustained utilization,,,LOW,HIGH,PRICED,FULL,PARTIAL,Metric1,payments,risk,qa,CC1006,1525.27,GP_Gen5_8,8,40.0,,Conservative,True,65,Mock_4vCPU_20GB,4,20.0,74.9,234.69,234.69,Low,RESOLVED
2026-09-10,run-20260910-official-001,FIS-DIGITAL,SUB-DIGITAL-04,/subscriptions/00000014-0014-4014-8014-000000000014/resourceGroups/rg-qa-044/providers/microsoft.compute/virtualmachines/sqlserver/sql-server-on-azure-vm-009,sql-server-on-azure-vm-009,microsoft.compute/virtualmachines/sqlserver,rg-qa-044,westus2,Downsize,Downsize resource,Rightsize based on sustained utilization,,,LOW,HIGH,PRICED,FULL,PARTIAL,Metric1,payments,risk,qa,CC1006,1525.27,GP_Gen5_8,8,40.0,,Moderate,False,72,Mock_4vCPU_20GB,4,20.0,74.8,288.33,0.0,Medium,RESOLVED
2026-09-10,run-20260910-official-001,FIS-DIGITAL,SUB-DIGITAL-04,/subscriptions/00000014-0014-4014-8014-000000000014/resourceGroups/rg-qa-044/providers/microsoft.compute/virtualmachines/sqlserver/sql-server-on-azure-vm-009,sql-server-on-azure-vm-009,microsoft.compute/virtualmachines/sqlserver,rg-qa-044,westus2,Downsize,Downsize resource,Rightsize based on sustained utilization,,,LOW,HIGH,PRICED,FULL,PARTIAL,Metric1,payments,risk,qa,CC1006,1525.27,GP_Gen5_8,8,40.0,,Aggressive,False,80,Mock_2vCPU_10GB,2,10.0,84.8,362.09,0.0,High,RESOLVED
2026-09-10,run-20260910-official-001,FIS-DIGITAL,SUB-DIGITAL-06,/subscriptions/00000016-0016-4016-8016-000000000016/resourceGroups/rg-nonprod-046/providers/microsoft.compute/virtualmachines/sqlserver/sql-server-on-azure-vm-011,sql-server-on-azure-vm-011,microsoft.compute/virtualmachines/sqlserver,rg-nonprod-046,northeurope,Downsize,Downsize resource,Rightsize based on sustained utilization,,,MEDIUM,HIGH,PRICED,FULL,PARTIAL,Metric1,cloud-platform,customer360,nonprod,CC1008,14369.51,S3,4,7.0,,Conservative,True,65,Mock_2vCPU_3GB,2,3.5,59.4,2098.33,2098.33,Low,RESOLVED
2026-09-10,run-20260910-official-001,FIS-DIGITAL,SUB-DIGITAL-06,/subscriptions/00000016-0016-4016-8016-000000000016/resourceGroups/rg-nonprod-046/providers/microsoft.compute/virtualmachines/sqlserver/sql-server-on-azure-vm-011,sql-server-on-azure-vm-011,microsoft.compute/virtualmachines/sqlserver,rg-nonprod-046,northeurope,Downsize,Downsize resource,Rightsize based on sustained utilization,,,MEDIUM,HIGH,PRICED,FULL,PARTIAL,Metric1,cloud-platform,customer360,nonprod,CC1008,14369.51,S3,4,7.0,,Moderate,False,72,Mock_2vCPU_3GB,2,3.5,71.3,2577.95,0.0,Medium,RESOLVED
2026-09-10,run-20260910-official-001,FIS-DIGITAL,SUB-DIGITAL-06,/subscriptions/00000016-0016-4016-8016-000000000016/resourceGroups/rg-nonprod-046/providers/microsoft.compute/virtualmachines/sqlserver/sql-server-on-azure-vm-011,sql-server-on-azure-vm-011,microsoft.compute/virtualmachines/sqlserver,rg-nonprod-046,northeurope,Downsize,Downsize resource,Rightsize based on sustained utilization,,,MEDIUM,HIGH,PRICED,FULL,PARTIAL,Metric1,cloud-platform,customer360,nonprod,CC1008,14369.51,S3,4,7.0,,Aggressive,False,80,Mock_1vCPU_1GB,1,1.8,86.2,3237.43,0.0,High,RESOLVED
2026-09-10,run-20260910-official-001,FIS-DIGITAL,SUB-DIGITAL-09,/subscriptions/00000019-0019-4019-8019-000000000019/resourceGroups/rg-prod-049/providers/microsoft.compute/virtualmachines/sqlserver/sql-server-on-azure-vm-014,sql-server-on-azure-vm-014,microsoft.compute/virtualmachines/sqlserver,rg-prod-049,eastus2,Review-Utilization,Review utilization,Resource shows optimization opportunity based on current utilization,,,HIGH,LOW,PRICED,FULL,COMPLETE,,payments,identity,prod,CC1004,14539.06,Standard_D4s_v5,4,16.0,,Conservative,True,65,Mock_2vCPU_8GB,2,8.0,70.3,2673.96,2673.96,Low,RESOLVED
2026-09-10,run-20260910-official-001,FIS-DIGITAL,SUB-DIGITAL-09,/subscriptions/00000019-0019-4019-8019-000000000019/resourceGroups/rg-prod-049/providers/microsoft.compute/virtualmachines/sqlserver/sql-server-on-azure-vm-014,sql-server-on-azure-vm-014,microsoft.compute/virtualmachines/sqlserver,rg-prod-049,eastus2,Review-Utilization,Review utilization,Resource shows optimization opportunity based on current utilization,,,HIGH,LOW,PRICED,FULL,COMPLETE,,payments,identity,prod,CC1004,14539.06,Standard_D4s_v5,4,16.0,,Moderate,False,72,Mock_2vCPU_8GB,2,8.0,67.8,3285.16,0.0,Medium,RESOLVED
2026-09-10,run-20260910-official-001,FIS-DIGITAL,SUB-DIGITAL-09,/subscriptions/00000019-0019-4019-8019-000000000019/resourceGroups/rg-prod-049/providers/microsoft.compute/virtualmachines/sqlserver/sql-server-on-azure-vm-014,sql-server-on-azure-vm-014,microsoft.compute/virtualmachines/sqlserver,rg-prod-049,eastus2,Review-Utilization,Review utilization,Resource shows optimization opportunity based on current utilization,,,HIGH,LOW,PRICED,FULL,COMPLETE,,payments,identity,prod,CC1004,14539.06,Standard_D4s_v5,4,16.0,,Aggressive,False,80,Mock_1vCPU_4GB,1,4.0,79.2,4125.55,0.0,High,RESOLVED
2026-09-10,run-20260910-official-001,FIS-DIGITAL,SUB-DIGITAL-10,/subscriptions/00000020-0020-4020-8020-000000000020/resourceGroups/rg-nonprod-050/providers/microsoft.compute/virtualmachines/sqlserver/sql-server-on-azure-vm-015,sql-server-on-azure-vm-015,microsoft.compute/virtualmachines/sqlserver,rg-nonprod-050,centralus,Review-Utilization,Review utilization,Resource shows optimization opportunity based on current utilization,,,LOW,HIGH,HEURISTIC,FULL,COMPLETE,,security,reporting,nonprod,CC1009,8805.42,P1v3,2,8.0,,Conservative,True,65,Mock_1vCPU_4GB,1,4.0,66.8,495.1,495.1,Low,RESOLVED
2026-09-10,run-20260910-official-001,FIS-DIGITAL,SUB-DIGITAL-10,/subscriptions/00000020-0020-4020-8020-000000000020/resourceGroups/rg-nonprod-050/providers/microsoft.compute/virtualmachines/sqlserver/sql-server-on-azure-vm-015,sql-server-on-azure-vm-015,microsoft.compute/virtualmachines/sqlserver,rg-nonprod-050,centralus,Review-Utilization,Review utilization,Resource shows optimization opportunity based on current utilization,,,LOW,HIGH,HEURISTIC,FULL,COMPLETE,,security,reporting,nonprod,CC1009,8805.42,P1v3,2,8.0,,Moderate,False,72,Mock_1vCPU_4GB,1,4.0,80.2,608.26,0.0,Medium,RESOLVED
2026-09-10,run-20260910-official-001,FIS-DIGITAL,SUB-DIGITAL-10,/subscriptions/00000020-0020-4020-8020-000000000020/resourceGroups/rg-nonprod-050/providers/microsoft.compute/virtualmachines/sqlserver/sql-server-on-azure-vm-015,sql-server-on-azure-vm-015,microsoft.compute/virtualmachines/sqlserver,rg-nonprod-050,centralus,Review-Utilization,Review utilization,Resource shows optimization opportunity based on current utilization,,,LOW,HIGH,HEURISTIC,FULL,COMPLETE,,security,reporting,nonprod,CC1009,8805.42,P1v3,2,8.0,,Aggressive,False,80,Mock_1vCPU_2GB,1,2.0,90.9,763.86,0.0,High,RESOLVED
2026-09-10,run-20260910-official-001,FIS-CORP,SUB-CORP-02,/subscriptions/00000002-0002-4002-8002-000000000002/resourceGroups/rg-nonprod-002/providers/microsoft.compute/virtualmachines/sqlserver/sql-server-on-azure-vm-016,sql-server-on-azure-vm-016,microsoft.compute/virtualmachines/sqlserver,rg-nonprod-002,eastus2,Review-Utilization,Review utilization,Resource shows optimization opportunity based on current utilization,,,LOW,MEDIUM,HEURISTIC,FULL,PARTIAL,"Metric1,Metric2",core-banking,risk,nonprod,CC1008,326.13,P1v3,2,8.0,,Conservative,True,65,Mock_1vCPU_4GB,1,4.0,59.2,91.13,91.13,Low,RESOLVED
2026-09-10,run-20260910-official-001,FIS-CORP,SUB-CORP-02,/subscriptions/00000002-0002-4002-8002-000000000002/resourceGroups/rg-nonprod-002/providers/microsoft.compute/virtualmachines/sqlserver/sql-server-on-azure-vm-016,sql-server-on-azure-vm-016,microsoft.compute/virtualmachines/sqlserver,rg-nonprod-002,eastus2,Review-Utilization,Review utilization,Resource shows optimization opportunity based on current utilization,,,LOW,MEDIUM,HEURISTIC,FULL,PARTIAL,"Metric1,Metric2",core-banking,risk,nonprod,CC1008,326.13,P1v3,2,8.0,,Moderate,False,72,Mock_1vCPU_4GB,1,4.0,82.5,111.95,0.0,Medium,RESOLVED
2026-09-10,run-20260910-official-001,FIS-CORP,SUB-CORP-02,/subscriptions/00000002-0002-4002-8002-000000000002/resourceGroups/rg-nonprod-002/providers/microsoft.compute/virtualmachines/sqlserver/sql-server-on-azure-vm-016,sql-server-on-azure-vm-016,microsoft.compute/virtualmachines/sqlserver,rg-nonprod-002,eastus2,Review-Utilization,Review utilization,Resource shows optimization opportunity based on current utilization,,,LOW,MEDIUM,HEURISTIC,FULL,PARTIAL,"Metric1,Metric2",core-banking,risk,nonprod,CC1008,326.13,P1v3,2,8.0,,Aggressive,False,80,Mock_1vCPU_2GB,1,2.0,78.9,140.59,0.0,High,RESOLVED
2026-09-10,run-20260910-official-001,FIS-DIGITAL,SUB-DIGITAL-06,/subscriptions/00000016-0016-4016-8016-000000000016/resourceGroups/rg-nonprod-046/providers/microsoft.compute/virtualmachines/sqlserver/sql-server-on-azure-vm-018,sql-server-on-azure-vm-018,microsoft.compute/virtualmachines/sqlserver,rg-nonprod-046,westeurope,Review-Utilization,Review utilization,Resource shows optimization opportunity based on current utilization,,,MEDIUM,LOW,HEURISTIC,FULL,PARTIAL,Metric1,core-banking,analytics,nonprod,CC1011,13859.89,Standard_D8s_v5,8,32.0,,Conservative,True,65,Mock_4vCPU_16GB,4,16.0,59.3,1894.18,1894.18,Low,RESOLVED
2026-09-10,run-20260910-official-001,FIS-DIGITAL,SUB-DIGITAL-06,/subscriptions/00000016-0016-4016-8016-000000000016/resourceGroups/rg-nonprod-046/providers/microsoft.compute/virtualmachines/sqlserver/sql-server-on-azure-vm-018,sql-server-on-azure-vm-018,microsoft.compute/virtualmachines/sqlserver,rg-nonprod-046,westeurope,Review-Utilization,Review utilization,Resource shows optimization opportunity based on current utilization,,,MEDIUM,LOW,HEURISTIC,FULL,PARTIAL,Metric1,core-banking,analytics,nonprod,CC1011,13859.89,Standard_D8s_v5,8,32.0,,Moderate,False,72,Mock_4vCPU_16GB,4,16.0,75.8,2327.13,0.0,Medium,RESOLVED
2026-09-10,run-20260910-official-001,FIS-DIGITAL,SUB-DIGITAL-06,/subscriptions/00000016-0016-4016-8016-000000000016/resourceGroups/rg-nonprod-046/providers/microsoft.compute/virtualmachines/sqlserver/sql-server-on-azure-vm-018,sql-server-on-azure-vm-018,microsoft.compute/virtualmachines/sqlserver,rg-nonprod-046,westeurope,Review-Utilization,Review utilization,Resource shows optimization opportunity based on current utilization,,,MEDIUM,LOW,HEURISTIC,FULL,PARTIAL,Metric1,core-banking,analytics,nonprod,CC1011,13859.89,Standard_D8s_v5,8,32.0,,Aggressive,False,80,Mock_2vCPU_8GB,2,8.0,80.4,2922.45,0.0,High,RESOLVED
2026-09-10,run-20260910-official-001,FIS-INTERNATIONAL,SUB-INTERNATIONAL-07,/subscriptions/00000027-0027-4027-8027-000000000027/resourceGroups/rg-dev-027/providers/microsoft.compute/virtualmachines/sqlserver/sql-server-on-azure-vm-019,sql-server-on-azure-vm-019,microsoft.compute/virtualmachines/sqlserver,rg-dev-027,westus2,Review-Utilization,Review utilization,Resource shows optimization opportunity based on current utilization,,,MEDIUM,HIGH,HEURISTIC,FULL,PARTIAL,"Metric1,Metric2,Metric3",payments,payments,dev,CC1004,13010.07,S3,4,7.0,,Conservative,True,65,Mock_2vCPU_3GB,2,3.5,75.7,1611.65,1611.65,Low,RESOLVED
2026-09-10,run-20260910-official-001,FIS-INTERNATIONAL,SUB-INTERNATIONAL-07,/subscriptions/00000027-0027-4027-8027-000000000027/resourceGroups/rg-dev-027/providers/microsoft.compute/virtualmachines/sqlserver/sql-server-on-azure-vm-019,sql-server-on-azure-vm-019,microsoft.compute/virtualmachines/sqlserver,rg-dev-027,westus2,Review-Utilization,Review utilization,Resource shows optimization opportunity based on current utilization,,,MEDIUM,HIGH,HEURISTIC,FULL,PARTIAL,"Metric1,Metric2,Metric3",payments,payments,dev,CC1004,13010.07,S3,4,7.0,,Moderate,False,72,Mock_2vCPU_3GB,2,3.5,73.9,1980.03,0.0,Medium,RESOLVED
2026-09-10,run-20260910-official-001,FIS-INTERNATIONAL,SUB-INTERNATIONAL-07,/subscriptions/00000027-0027-4027-8027-000000000027/resourceGroups/rg-dev-027/providers/microsoft.compute/virtualmachines/sqlserver/sql-server-on-azure-vm-019,sql-server-on-azure-vm-019,microsoft.compute/virtualmachines/sqlserver,rg-dev-027,westus2,Review-Utilization,Review utilization,Resource shows optimization opportunity based on current utilization,,,MEDIUM,HIGH,HEURISTIC,FULL,PARTIAL,"Metric1,Metric2,Metric3",payments,payments,dev,CC1004,13010.07,S3,4,7.0,,Aggressive,False,80,Mock_1vCPU_1GB,1,1.8,79.4,2486.55,0.0,High,RESOLVED
2026-09-10,run-20260910-official-001,FIS-DIGITAL,SUB-DIGITAL-07,/subscriptions/00000017-0017-4017-8017-000000000017/resourceGroups/rg-dev-047/providers/microsoft.compute/virtualmachines/sqlserver/sql-server-on-azure-vm-020,sql-server-on-azure-vm-020,microsoft.compute/virtualmachines/sqlserver,rg-dev-047,westus2,Review-Utilization,Review utilization,Resource shows optimization opportunity based on current utilization,,,MEDIUM,MEDIUM,PRICED,FULL,PARTIAL,"Metric1,Metric2,Metric3",digital-channels,analytics,dev,CC1007,8137.51,GP_Gen5_4,4,20.0,,Conservative,True,65,Mock_2vCPU_10GB,2,10.0,68.8,894.56,894.56,Low,RESOLVED
2026-09-10,run-20260910-official-001,FIS-DIGITAL,SUB-DIGITAL-07,/subscriptions/00000017-0017-4017-8017-000000000017/resourceGroups/rg-dev-047/providers/microsoft.compute/virtualmachines/sqlserver/sql-server-on-azure-vm-020,sql-server-on-azure-vm-020,microsoft.compute/virtualmachines/sqlserver,rg-dev-047,westus2,Review-Utilization,Review utilization,Resource shows optimization opportunity based on current utilization,,,MEDIUM,MEDIUM,PRICED,FULL,PARTIAL,"Metric1,Metric2,Metric3",digital-channels,analytics,dev,CC1007,8137.51,GP_Gen5_4,4,20.0,,Moderate,False,72,Mock_2vCPU_10GB,2,10.0,71.5,1099.03,0.0,Medium,RESOLVED
2026-09-10,run-20260910-official-001,FIS-DIGITAL,SUB-DIGITAL-07,/subscriptions/00000017-0017-4017-8017-000000000017/resourceGroups/rg-dev-047/providers/microsoft.compute/virtualmachines/sqlserver/sql-server-on-azure-vm-020,sql-server-on-azure-vm-020,microsoft.compute/virtualmachines/sqlserver,rg-dev-047,westus2,Review-Utilization,Review utilization,Resource shows optimization opportunity based on current utilization,,,MEDIUM,MEDIUM,PRICED,FULL,PARTIAL,"Metric1,Metric2,Metric3",digital-channels,analytics,dev,CC1007,8137.51,GP_Gen5_4,4,20.0,,Aggressive,False,80,Mock_1vCPU_5GB,1,5.0,91.2,1380.18,0.0,High,RESOLVED
2026-09-10,run-20260910-official-001,FIS-CORP,SUB-CORP-03,/subscriptions/00000003-0003-4003-8003-000000000003/resourceGroups/rg-prod-033/providers/microsoft.compute/virtualmachines/sqlserver/sql-server-on-azure-vm-021,sql-server-on-azure-vm-021,microsoft.compute/virtualmachines/sqlserver,rg-prod-033,eastus2,Review-Utilization,Review utilization,Resource shows optimization opportunity based on current utilization,,,LOW,LOW,PRICED,FULL,PARTIAL,Metric1,payments,customer360,prod,CC1009,1265.69,Standard_D4s_v5,4,16.0,,Conservative,True,65,Mock_2vCPU_8GB,2,8.0,59.0,332.29,332.29,Low,RESOLVED
2026-09-10,run-20260910-official-001,FIS-CORP,SUB-CORP-03,/subscriptions/00000003-0003-4003-8003-000000000003/resourceGroups/rg-prod-033/providers/microsoft.compute/virtualmachines/sqlserver/sql-server-on-azure-vm-021,sql-server-on-azure-vm-021,microsoft.compute/virtualmachines/sqlserver,rg-prod-033,eastus2,Review-Utilization,Review utilization,Resource shows optimization opportunity based on current utilization,,,LOW,LOW,PRICED,FULL,PARTIAL,Metric1,payments,customer360,prod,CC1009,1265.69,Standard_D4s_v5,4,16.0,,Moderate,False,72,Mock_2vCPU_8GB,2,8.0,77.4,408.24,0.0,Medium,RESOLVED
2026-09-10,run-20260910-official-001,FIS-CORP,SUB-CORP-03,/subscriptions/00000003-0003-4003-8003-000000000003/resourceGroups/rg-prod-033/providers/microsoft.compute/virtualmachines/sqlserver/sql-server-on-azure-vm-021,sql-server-on-azure-vm-021,microsoft.compute/virtualmachines/sqlserver,rg-prod-033,eastus2,Review-Utilization,Review utilization,Resource shows optimization opportunity based on current utilization,,,LOW,LOW,PRICED,FULL,PARTIAL,Metric1,payments,customer360,prod,CC1009,1265.69,Standard_D4s_v5,4,16.0,,Aggressive,False,80,Mock_1vCPU_4GB,1,4.0,76.3,512.68,0.0,High,RESOLVED
2026-09-10,run-20260910-official-001,FIS-CORP,SUB-CORP-10,/subscriptions/00000010-0010-4010-8010-000000000010/resourceGroups/rg-nonprod-010/providers/microsoft.compute/virtualmachines/sqlserver/sql-server-on-azure-vm-023,sql-server-on-azure-vm-023,microsoft.compute/virtualmachines/sqlserver,rg-nonprod-010,northeurope,Downsize,Downsize resource,Rightsize based on sustained utilization,,,MEDIUM,HIGH,PRICED,FULL,PARTIAL,"Metric1,Metric2",integration,payments,nonprod,CC1011,10155.84,P1v3,2,8.0,,Conservative,True,65,Mock_1vCPU_4GB,1,4.0,59.2,921.82,921.82,Low,RESOLVED
2026-09-10,run-20260910-official-001,FIS-CORP,SUB-CORP-10,/subscriptions/00000010-0010-4010-8010-000000000010/resourceGroups/rg-nonprod-010/providers/microsoft.compute/virtualmachines/sqlserver/sql-server-on-azure-vm-023,sql-server-on-azure-vm-023,microsoft.compute/virtualmachines/sqlserver,rg-nonprod-010,northeurope,Downsize,Downsize resource,Rightsize based on sustained utilization,,,MEDIUM,HIGH,PRICED,FULL,PARTIAL,"Metric1,Metric2",integration,payments,nonprod,CC1011,10155.84,P1v3,2,8.0,,Moderate,False,72,Mock_1vCPU_4GB,1,4.0,73.2,1132.53,0.0,Medium,RESOLVED
2026-09-10,run-20260910-official-001,FIS-CORP,SUB-CORP-10,/subscriptions/00000010-0010-4010-8010-000000000010/resourceGroups/rg-nonprod-010/providers/microsoft.compute/virtualmachines/sqlserver/sql-server-on-azure-vm-023,sql-server-on-azure-vm-023,microsoft.compute/virtualmachines/sqlserver,rg-nonprod-010,northeurope,Downsize,Downsize resource,Rightsize based on sustained utilization,,,MEDIUM,HIGH,PRICED,FULL,PARTIAL,"Metric1,Metric2",integration,payments,nonprod,CC1011,10155.84,P1v3,2,8.0,,Aggressive,False,80,Mock_1vCPU_2GB,1,2.0,87.9,1422.24,0.0,High,RESOLVED
2026-09-10,run-20260910-official-001,FIS-INTERNATIONAL,SUB-INTERNATIONAL-06,/subscriptions/00000026-0026-4026-8026-000000000026/resourceGroups/rg-nonprod-026/providers/microsoft.web/sites/app-service-001,app-service-001,microsoft.web/sites,rg-nonprod-026,northeurope,Optimize-Tier,Optimize service tier,Move to a lower-cost tier aligned with observed demand,,,HIGH,MEDIUM,PRICED,FULL,PARTIAL,Metric1,core-banking,customer360,nonprod,CC1001,17365.67,GP_Gen5_8,8,40.0,,Conservative,True,65,Mock_4vCPU_20GB,4,20.0,69.1,4597.07,4597.07,Low,RESOLVED
2026-09-10,run-20260910-official-001,FIS-INTERNATIONAL,SUB-INTERNATIONAL-06,/subscriptions/00000026-0026-4026-8026-000000000026/resourceGroups/rg-nonprod-026/providers/microsoft.web/sites/app-service-001,app-service-001,microsoft.web/sites,rg-nonprod-026,northeurope,Optimize-Tier,Optimize service tier,Move to a lower-cost tier aligned with observed demand,,,HIGH,MEDIUM,PRICED,FULL,PARTIAL,Metric1,core-banking,customer360,nonprod,CC1001,17365.67,GP_Gen5_8,8,40.0,,Moderate,False,72,Mock_4vCPU_20GB,4,20.0,80.9,5647.83,0.0,Medium,RESOLVED
2026-09-10,run-20260910-official-001,FIS-INTERNATIONAL,SUB-INTERNATIONAL-06,/subscriptions/00000026-0026-4026-8026-000000000026/resourceGroups/rg-nonprod-026/providers/microsoft.web/sites/app-service-001,app-service-001,microsoft.web/sites,rg-nonprod-026,northeurope,Optimize-Tier,Optimize service tier,Move to a lower-cost tier aligned with observed demand,,,HIGH,MEDIUM,PRICED,FULL,PARTIAL,Metric1,core-banking,customer360,nonprod,CC1001,17365.67,GP_Gen5_8,8,40.0,,Aggressive,False,80,Mock_2vCPU_10GB,2,10.0,87.9,7092.62,0.0,High,RESOLVED
2026-09-10,run-20260910-official-001,FIS-INTERNATIONAL,SUB-INTERNATIONAL-02,/subscriptions/00000022-0022-4022-8022-000000000022/resourceGroups/rg-nonprod-022/providers/microsoft.web/sites/app-service-002,app-service-002,microsoft.web/sites,rg-nonprod-022,eastus2,Optimize-Tier,Optimize service tier,Move to a lower-cost tier aligned with observed demand,,,HIGH,MEDIUM,PRICED,FULL,PARTIAL,Metric1,digital-channels,risk,nonprod,CC1008,13154.72,GP_Gen5_8,8,40.0,,Conservative,True,65,Mock_4vCPU_20GB,4,20.0,64.7,2130.64,2130.64,Low,RESOLVED
2026-09-10,run-20260910-official-001,FIS-INTERNATIONAL,SUB-INTERNATIONAL-02,/subscriptions/00000022-0022-4022-8022-000000000022/resourceGroups/rg-nonprod-022/providers/microsoft.web/sites/app-service-002,app-service-002,microsoft.web/sites,rg-nonprod-022,eastus2,Optimize-Tier,Optimize service tier,Move to a lower-cost tier aligned with observed demand,,,HIGH,MEDIUM,PRICED,FULL,PARTIAL,Metric1,digital-channels,risk,nonprod,CC1008,13154.72,GP_Gen5_8,8,40.0,,Moderate,False,72,Mock_4vCPU_20GB,4,20.0,83.8,2617.64,0.0,Medium,RESOLVED
2026-09-10,run-20260910-official-001,FIS-INTERNATIONAL,SUB-INTERNATIONAL-02,/subscriptions/00000022-0022-4022-8022-000000000022/resourceGroups/rg-nonprod-022/providers/microsoft.web/sites/app-service-002,app-service-002,microsoft.web/sites,rg-nonprod-022,eastus2,Optimize-Tier,Optimize service tier,Move to a lower-cost tier aligned with observed demand,,,HIGH,MEDIUM,PRICED,FULL,PARTIAL,Metric1,digital-channels,risk,nonprod,CC1008,13154.72,GP_Gen5_8,8,40.0,,Aggressive,False,80,Mock_2vCPU_10GB,2,10.0,76.0,3287.27,0.0,High,RESOLVED
2026-09-10,run-20260910-official-001,FIS-DIGITAL,SUB-DIGITAL-03,/subscriptions/00000013-0013-4013-8013-000000000013/resourceGroups/rg-prod-013/providers/microsoft.web/sites/app-service-003,app-service-003,microsoft.web/sites,rg-prod-013,northeurope,Optimize-Tier,Optimize service tier,Move to a lower-cost tier aligned with observed demand,,,HIGH,MEDIUM,PRICED,FULL,COMPLETE,,core-banking,risk,prod,CC1004,15761.88,Standard_D4s_v5,4,16.0,,Conservative,True,65,Mock_2vCPU_8GB,2,8.0,60.1,4483.18,4483.18,Low,RESOLVED
2026-09-10,run-20260910-official-001,FIS-DIGITAL,SUB-DIGITAL-03,/subscriptions/00000013-0013-4013-8013-000000000013/resourceGroups/rg-prod-013/providers/microsoft.web/sites/app-service-003,app-service-003,microsoft.web/sites,rg-prod-013,northeurope,Optimize-Tier,Optimize service tier,Move to a lower-cost tier aligned with observed demand,,,HIGH,MEDIUM,PRICED,FULL,COMPLETE,,core-banking,risk,prod,CC1004,15761.88,Standard_D4s_v5,4,16.0,,Moderate,False,72,Mock_2vCPU_8GB,2,8.0,76.5,5507.9,0.0,Medium,RESOLVED
2026-09-10,run-20260910-official-001,FIS-DIGITAL,SUB-DIGITAL-03,/subscriptions/00000013-0013-4013-8013-000000000013/resourceGroups/rg-prod-013/providers/microsoft.web/sites/app-service-003,app-service-003,microsoft.web/sites,rg-prod-013,northeurope,Optimize-Tier,Optimize service tier,Move to a lower-cost tier aligned with observed demand,,,HIGH,MEDIUM,PRICED,FULL,COMPLETE,,core-banking,risk,prod,CC1004,15761.88,Standard_D4s_v5,4,16.0,,Aggressive,False,80,Mock_1vCPU_4GB,1,4.0,88.3,6916.9,0.0,High,RESOLVED
2026-09-10,run-20260910-official-001,FIS-CORP,SUB-CORP-01,/subscriptions/00000001-0001-4001-8001-000000000001/resourceGroups/rg-dev-031/providers/microsoft.web/sites/app-service-004,app-service-004,microsoft.web/sites,rg-dev-031,centralus,Downsize,Downsize resource,Rightsize based on sustained utilization,,,LOW,LOW,UNPRICED,FULL,PARTIAL,Metric1,security,ledger,dev,CC1003,5731.8,Standard_D8s_v5,8,32.0,,Conservative,True,65,Mock_4vCPU_16GB,4,16.0,59.4,601.84,601.84,Low,RESOLVED
2026-09-10,run-20260910-official-001,FIS-CORP,SUB-CORP-01,/subscriptions/00000001-0001-4001-8001-000000000001/resourceGroups/rg-dev-031/providers/microsoft.web/sites/app-service-004,app-service-004,microsoft.web/sites,rg-dev-031,centralus,Downsize,Downsize resource,Rightsize based on sustained utilization,,,LOW,LOW,UNPRICED,FULL,PARTIAL,Metric1,security,ledger,dev,CC1003,5731.8,Standard_D8s_v5,8,32.0,,Moderate,False,72,Mock_4vCPU_16GB,4,16.0,82.9,739.4,0.0,Medium,RESOLVED
2026-09-10,run-20260910-official-001,FIS-CORP,SUB-CORP-01,/subscriptions/00000001-0001-4001-8001-000000000001/resourceGroups/rg-dev-031/providers/microsoft.web/sites/app-service-004,app-service-004,microsoft.web/sites,rg-dev-031,centralus,Downsize,Downsize resource,Rightsize based on sustained utilization,,,LOW,LOW,UNPRICED,FULL,PARTIAL,Metric1,security,ledger,dev,CC1003,5731.8,Standard_D8s_v5,8,32.0,,Aggressive,False,80,Mock_2vCPU_8GB,2,8.0,82.0,928.55,0.0,High,RESOLVED
2026-09-10,run-20260910-official-001,FIS-DIGITAL,SUB-DIGITAL-02,/subscriptions/00000012-0012-4012-8012-000000000012/resourceGroups/rg-qa-012/providers/microsoft.web/sites/app-service-008,app-service-008,microsoft.web/sites,rg-qa-012,centralus,Downsize,Downsize resource,Rightsize based on sustained utilization,,,MEDIUM,HIGH,PRICED,FULL,COMPLETE,,core-banking,ledger,qa,CC1006,8277.95,Standard_D8s_v5,8,32.0,,Conservative,True,65,Mock_4vCPU_16GB,4,16.0,58.3,1943.14,1943.14,Low,RESOLVED
2026-09-10,run-20260910-official-001,FIS-DIGITAL,SUB-DIGITAL-02,/subscriptions/00000012-0012-4012-8012-000000000012/resourceGroups/rg-qa-012/providers/microsoft.web/sites/app-service-008,app-service-008,microsoft.web/sites,rg-qa-012,centralus,Downsize,Downsize resource,Rightsize based on sustained utilization,,,MEDIUM,HIGH,PRICED,FULL,COMPLETE,,core-banking,ledger,qa,CC1006,8277.95,Standard_D8s_v5,8,32.0,,Moderate,False,72,Mock_4vCPU_16GB,4,16.0,70.5,2387.29,0.0,Medium,RESOLVED
2026-09-10,run-20260910-official-001,FIS-DIGITAL,SUB-DIGITAL-02,/subscriptions/00000012-0012-4012-8012-000000000012/resourceGroups/rg-qa-012/providers/microsoft.web/sites/app-service-008,app-service-008,microsoft.web/sites,rg-qa-012,centralus,Downsize,Downsize resource,Rightsize based on sustained utilization,,,MEDIUM,HIGH,PRICED,FULL,COMPLETE,,core-banking,ledger,qa,CC1006,8277.95,Standard_D8s_v5,8,32.0,,Aggressive,False,80,Mock_2vCPU_8GB,2,8.0,91.6,2997.99,0.0,High,RESOLVED
2026-09-10,run-20260910-official-001,FIS-CORP,SUB-CORP-02,/subscriptions/00000002-0002-4002-8002-000000000002/resourceGroups/rg-nonprod-002/providers/microsoft.web/sites/app-service-011,app-service-011,microsoft.web/sites,rg-nonprod-002,brazilsouth,Review-Utilization,Review utilization,Resource shows optimization opportunity based on current utilization,,,HIGH,LOW,PRICED,FULL,PARTIAL,"Metric1,Metric2,Metric3,Metric4",data-ai,analytics,nonprod,CC1004,13270.79,GP_Gen5_8,8,40.0,,Conservative,True,65,Mock_4vCPU_20GB,4,20.0,66.0,2366.89,2366.89,Low,RESOLVED
2026-09-10,run-20260910-official-001,FIS-CORP,SUB-CORP-02,/subscriptions/00000002-0002-4002-8002-000000000002/resourceGroups/rg-nonprod-002/providers/microsoft.web/sites/app-service-011,app-service-011,microsoft.web/sites,rg-nonprod-002,brazilsouth,Review-Utilization,Review utilization,Resource shows optimization opportunity based on current utilization,,,HIGH,LOW,PRICED,FULL,PARTIAL,"Metric1,Metric2,Metric3,Metric4",data-ai,analytics,nonprod,CC1004,13270.79,GP_Gen5_8,8,40.0,,Moderate,False,72,Mock_4vCPU_20GB,4,20.0,66.7,2907.89,0.0,Medium,RESOLVED
2026-09-10,run-20260910-official-001,FIS-CORP,SUB-CORP-02,/subscriptions/00000002-0002-4002-8002-000000000002/resourceGroups/rg-nonprod-002/providers/microsoft.web/sites/app-service-011,app-service-011,microsoft.web/sites,rg-nonprod-002,brazilsouth,Review-Utilization,Review utilization,Resource shows optimization opportunity based on current utilization,,,HIGH,LOW,PRICED,FULL,PARTIAL,"Metric1,Metric2,Metric3,Metric4",data-ai,analytics,nonprod,CC1004,13270.79,GP_Gen5_8,8,40.0,,Aggressive,False,80,Mock_2vCPU_10GB,2,10.0,80.7,3651.77,0.0,High,RESOLVED
2026-09-10,run-20260910-official-001,FIS-CORP,SUB-CORP-06,/subscriptions/00000006-0006-4006-8006-000000000006/resourceGroups/rg-qa-036/providers/microsoft.web/serverfarms/app-service-plan-002,app-service-plan-002,microsoft.web/serverfarms,rg-qa-036,westus2,Downsize,Downsize resource,Rightsize based on sustained utilization,,,HIGH,MEDIUM,HEURISTIC,FULL,PARTIAL,"Metric1,Metric2",cloud-platform,api-hub,qa,CC1001,14601.77,GP_Gen5_8,8,40.0,,Conservative,True,65,Mock_4vCPU_20GB,4,20.0,71.2,2411.24,2411.24,Low,RESOLVED
2026-09-10,run-20260910-official-001,FIS-CORP,SUB-CORP-06,/subscriptions/00000006-0006-4006-8006-000000000006/resourceGroups/rg-qa-036/providers/microsoft.web/serverfarms/app-service-plan-002,app-service-plan-002,microsoft.web/serverfarms,rg-qa-036,westus2,Downsize,Downsize resource,Rightsize based on sustained utilization,,,HIGH,MEDIUM,HEURISTIC,FULL,PARTIAL,"Metric1,Metric2",cloud-platform,api-hub,qa,CC1001,14601.77,GP_Gen5_8,8,40.0,,Moderate,False,72,Mock_4vCPU_20GB,4,20.0,65.8,2962.38,0.0,Medium,RESOLVED
2026-09-10,run-20260910-official-001,FIS-CORP,SUB-CORP-06,/subscriptions/00000006-0006-4006-8006-000000000006/resourceGroups/rg-qa-036/providers/microsoft.web/serverfarms/app-service-plan-002,app-service-plan-002,microsoft.web/serverfarms,rg-qa-036,westus2,Downsize,Downsize resource,Rightsize based on sustained utilization,,,HIGH,MEDIUM,HEURISTIC,FULL,PARTIAL,"Metric1,Metric2",cloud-platform,api-hub,qa,CC1001,14601.77,GP_Gen5_8,8,40.0,,Aggressive,False,80,Mock_2vCPU_10GB,2,10.0,75.3,3720.2,0.0,High,RESOLVED
2026-09-10,run-20260910-official-001,FIS-CORP,SUB-CORP-05,/subscriptions/00000005-0005-4005-8005-000000000005/resourceGroups/rg-dev-035/providers/microsoft.web/serverfarms/app-service-plan-003,app-service-plan-003,microsoft.web/serverfarms,rg-dev-035,centralus,Review-Utilization,Review utilization,Resource shows optimization opportunity based on current utilization,,,LOW,HIGH,UNPRICED,FULL,PARTIAL,"Metric1,Metric2,Metric3,Metric4",cloud-platform,payments,dev,CC1001,6852.07,S3,4,7.0,,Conservative,True,65,Mock_2vCPU_3GB,2,3.5,59.9,719.47,719.47,Low,RESOLVED
2026-09-10,run-20260910-official-001,FIS-CORP,SUB-CORP-05,/subscriptions/00000005-0005-4005-8005-000000000005/resourceGroups/rg-dev-035/providers/microsoft.web/serverfarms/app-service-plan-003,app-service-plan-003,microsoft.web/serverfarms,rg-dev-035,centralus,Review-Utilization,Review utilization,Resource shows optimization opportunity based on current utilization,,,LOW,HIGH,UNPRICED,FULL,PARTIAL,"Metric1,Metric2,Metric3,Metric4",cloud-platform,payments,dev,CC1001,6852.07,S3,4,7.0,,Moderate,False,72,Mock_2vCPU_3GB,2,3.5,74.9,883.92,0.0,Medium,RESOLVED
2026-09-10,run-20260910-official-001,FIS-CORP,SUB-CORP-05,/subscriptions/00000005-0005-4005-8005-000000000005/resourceGroups/rg-dev-035/providers/microsoft.web/serverfarms/app-service-plan-003,app-service-plan-003,microsoft.web/serverfarms,rg-dev-035,centralus,Review-Utilization,Review utilization,Resource shows optimization opportunity based on current utilization,,,LOW,HIGH,UNPRICED,FULL,PARTIAL,"Metric1,Metric2,Metric3,Metric4",cloud-platform,payments,dev,CC1001,6852.07,S3,4,7.0,,Aggressive,False,80,Mock_1vCPU_1GB,1,1.8,84.1,1110.04,0.0,High,RESOLVED
2026-09-10,run-20260910-official-001,FIS-INTERNATIONAL,SUB-INTERNATIONAL-01,/subscriptions/00000021-0021-4021-8021-000000000021/resourceGroups/rg-prod-021/providers/microsoft.web/serverfarms/app-service-plan-005,app-service-plan-005,microsoft.web/serverfarms,rg-prod-021,eastus2,Downsize,Downsize resource,Rightsize based on sustained utilization,,,LOW,HIGH,PRICED,FULL,PARTIAL,"Metric1,Metric2,Metric3",security,identity,prod,CC1007,1955.92,GP_Gen5_8,8,40.0,,Conservative,True,65,Mock_4vCPU_20GB,4,20.0,60.3,354.63,354.63,Low,RESOLVED
2026-09-10,run-20260910-official-001,FIS-INTERNATIONAL,SUB-INTERNATIONAL-01,/subscriptions/00000021-0021-4021-8021-000000000021/resourceGroups/rg-prod-021/providers/microsoft.web/serverfarms/app-service-plan-005,app-service-plan-005,microsoft.web/serverfarms,rg-prod-021,eastus2,Downsize,Downsize resource,Rightsize based on sustained utilization,,,LOW,HIGH,PRICED,FULL,PARTIAL,"Metric1,Metric2,Metric3",security,identity,prod,CC1007,1955.92,GP_Gen5_8,8,40.0,,Moderate,False,72,Mock_4vCPU_20GB,4,20.0,70.7,435.69,0.0,Medium,RESOLVED
2026-09-10,run-20260910-official-001,FIS-INTERNATIONAL,SUB-INTERNATIONAL-01,/subscriptions/00000021-0021-4021-8021-000000000021/resourceGroups/rg-prod-021/providers/microsoft.web/serverfarms/app-service-plan-005,app-service-plan-005,microsoft.web/serverfarms,rg-prod-021,eastus2,Downsize,Downsize resource,Rightsize based on sustained utilization,,,LOW,HIGH,PRICED,FULL,PARTIAL,"Metric1,Metric2,Metric3",security,identity,prod,CC1007,1955.92,GP_Gen5_8,8,40.0,,Aggressive,False,80,Mock_2vCPU_10GB,2,10.0,90.6,547.15,0.0,High,RESOLVED
2026-09-10,run-20260910-official-001,FIS-DIGITAL,SUB-DIGITAL-01,/subscriptions/00000011-0011-4011-8011-000000000011/resourceGroups/rg-dev-011/providers/microsoft.web/serverfarms/app-service-plan-007,app-service-plan-007,microsoft.web/serverfarms,rg-dev-011,eastus2,Review-Utilization,Review utilization,Resource shows optimization opportunity based on current utilization,,,HIGH,LOW,HEURISTIC,FULL,COMPLETE,,core-banking,payments,dev,CC1006,17297.02,Standard_D2s_v5,2,8.0,,Conservative,True,65,Mock_1vCPU_4GB,1,4.0,63.6,2722.92,2722.92,Low,RESOLVED
2026-09-10,run-20260910-official-001,FIS-DIGITAL,SUB-DIGITAL-01,/subscriptions/00000011-0011-4011-8011-000000000011/resourceGroups/rg-dev-011/providers/microsoft.web/serverfarms/app-service-plan-007,app-service-plan-007,microsoft.web/serverfarms,rg-dev-011,eastus2,Review-Utilization,Review utilization,Resource shows optimization opportunity based on current utilization,,,HIGH,LOW,HEURISTIC,FULL,COMPLETE,,core-banking,payments,dev,CC1006,17297.02,Standard_D2s_v5,2,8.0,,Moderate,False,72,Mock_1vCPU_4GB,1,4.0,71.0,3345.3,0.0,Medium,RESOLVED
2026-09-10,run-20260910-official-001,FIS-DIGITAL,SUB-DIGITAL-01,/subscriptions/00000011-0011-4011-8011-000000000011/resourceGroups/rg-dev-011/providers/microsoft.web/serverfarms/app-service-plan-007,app-service-plan-007,microsoft.web/serverfarms,rg-dev-011,eastus2,Review-Utilization,Review utilization,Resource shows optimization opportunity based on current utilization,,,HIGH,LOW,HEURISTIC,FULL,COMPLETE,,core-banking,payments,dev,CC1006,17297.02,Standard_D2s_v5,2,8.0,,Aggressive,False,80,Mock_1vCPU_2GB,1,2.0,77.4,4201.07,0.0,High,RESOLVED
2026-09-10,run-20260910-official-001,FIS-DIGITAL,SUB-DIGITAL-06,/subscriptions/00000016-0016-4016-8016-000000000016/resourceGroups/rg-qa-016/providers/microsoft.web/serverfarms/app-service-plan-008,app-service-plan-008,microsoft.web/serverfarms,rg-qa-016,eastus,Downsize,Downsize resource,Rightsize based on sustained utilization,,,HIGH,MEDIUM,PRICED,FULL,PARTIAL,"Metric1,Metric2,Metric3",integration,customer360,qa,CC1001,12926.96,Standard_D4s_v5,4,16.0,,Conservative,True,65,Mock_2vCPU_8GB,2,8.0,60.0,3551.53,3551.53,Low,RESOLVED
2026-09-10,run-20260910-official-001,FIS-DIGITAL,SUB-DIGITAL-06,/subscriptions/00000016-0016-4016-8016-000000000016/resourceGroups/rg-qa-016/providers/microsoft.web/serverfarms/app-service-plan-008,app-service-plan-008,microsoft.web/serverfarms,rg-qa-016,eastus,Downsize,Downsize resource,Rightsize based on sustained utilization,,,HIGH,MEDIUM,PRICED,FULL,PARTIAL,"Metric1,Metric2,Metric3",integration,customer360,qa,CC1001,12926.96,Standard_D4s_v5,4,16.0,,Moderate,False,72,Mock_2vCPU_8GB,2,8.0,70.9,4363.31,0.0,Medium,RESOLVED
2026-09-10,run-20260910-official-001,FIS-DIGITAL,SUB-DIGITAL-06,/subscriptions/00000016-0016-4016-8016-000000000016/resourceGroups/rg-qa-016/providers/microsoft.web/serverfarms/app-service-plan-008,app-service-plan-008,microsoft.web/serverfarms,rg-qa-016,eastus,Downsize,Downsize resource,Rightsize based on sustained utilization,,,HIGH,MEDIUM,PRICED,FULL,PARTIAL,"Metric1,Metric2,Metric3",integration,customer360,qa,CC1001,12926.96,Standard_D4s_v5,4,16.0,,Aggressive,False,80,Mock_1vCPU_4GB,1,4.0,81.4,5479.51,0.0,High,RESOLVED
2026-09-10,run-20260910-official-001,FIS-DIGITAL,SUB-DIGITAL-09,/subscriptions/00000019-0019-4019-8019-000000000019/resourceGroups/rg-dev-019/providers/microsoft.web/serverfarms/app-service-plan-009,app-service-plan-009,microsoft.web/serverfarms,rg-dev-019,centralus,Downsize,Downsize resource,Rightsize based on sustained utilization,,,MEDIUM,MEDIUM,PRICED,FULL,PARTIAL,"Metric1,Metric2,Metric3,Metric4,Metric5",security,payments,dev,CC1002,8881.0,GP_Gen5_8,8,40.0,,Conservative,True,65,Mock_4vCPU_20GB,4,20.0,71.3,1161.83,1161.83,Low,RESOLVED
2026-09-10,run-20260910-official-001,FIS-DIGITAL,SUB-DIGITAL-09,/subscriptions/00000019-0019-4019-8019-000000000019/resourceGroups/rg-dev-019/providers/microsoft.web/serverfarms/app-service-plan-009,app-service-plan-009,microsoft.web/serverfarms,rg-dev-019,centralus,Downsize,Downsize resource,Rightsize based on sustained utilization,,,MEDIUM,MEDIUM,PRICED,FULL,PARTIAL,"Metric1,Metric2,Metric3,Metric4,Metric5",security,payments,dev,CC1002,8881.0,GP_Gen5_8,8,40.0,,Moderate,False,72,Mock_4vCPU_20GB,4,20.0,65.4,1427.39,0.0,Medium,RESOLVED
2026-09-10,run-20260910-official-001,FIS-DIGITAL,SUB-DIGITAL-09,/subscriptions/00000019-0019-4019-8019-000000000019/resourceGroups/rg-dev-019/providers/microsoft.web/serverfarms/app-service-plan-009,app-service-plan-009,microsoft.web/serverfarms,rg-dev-019,centralus,Downsize,Downsize resource,Rightsize based on sustained utilization,,,MEDIUM,MEDIUM,PRICED,FULL,PARTIAL,"Metric1,Metric2,Metric3,Metric4,Metric5",security,payments,dev,CC1002,8881.0,GP_Gen5_8,8,40.0,,Aggressive,False,80,Mock_2vCPU_10GB,2,10.0,90.5,1792.54,0.0,High,RESOLVED
2026-09-10,run-20260910-official-001,FIS-INTERNATIONAL,SUB-INTERNATIONAL-07,/subscriptions/00000027-0027-4027-8027-000000000027/resourceGroups/rg-dev-027/providers/microsoft.containerservice/managedclusters/azure-kubernetes-servi-001,azure-kubernetes-servi-001,microsoft.containerservice/managedclusters,rg-dev-027,northeurope,Optimize-Tier,Optimize service tier,Move to a lower-cost tier aligned with observed demand,,,MEDIUM,LOW,HEURISTIC,FULL,PARTIAL,Metric1,data-ai,risk,dev,CC1009,14064.33,S3,4,7.0,,Conservative,True,65,Mock_2vCPU_3GB,2,3.5,72.2,1818.28,1818.28,Low,RESOLVED
2026-09-10,run-20260910-official-001,FIS-INTERNATIONAL,SUB-INTERNATIONAL-07,/subscriptions/00000027-0027-4027-8027-000000000027/resourceGroups/rg-dev-027/providers/microsoft.containerservice/managedclusters/azure-kubernetes-servi-001,azure-kubernetes-servi-001,microsoft.containerservice/managedclusters,rg-dev-027,northeurope,Optimize-Tier,Optimize service tier,Move to a lower-cost tier aligned with observed demand,,,MEDIUM,LOW,HEURISTIC,FULL,PARTIAL,Metric1,data-ai,risk,dev,CC1009,14064.33,S3,4,7.0,,Moderate,False,72,Mock_2vCPU_3GB,2,3.5,69.1,2233.88,0.0,Medium,RESOLVED
2026-09-10,run-20260910-official-001,FIS-INTERNATIONAL,SUB-INTERNATIONAL-07,/subscriptions/00000027-0027-4027-8027-000000000027/resourceGroups/rg-dev-027/providers/microsoft.containerservice/managedclusters/azure-kubernetes-servi-001,azure-kubernetes-servi-001,microsoft.containerservice/managedclusters,rg-dev-027,northeurope,Optimize-Tier,Optimize service tier,Move to a lower-cost tier aligned with observed demand,,,MEDIUM,LOW,HEURISTIC,FULL,PARTIAL,Metric1,data-ai,risk,dev,CC1009,14064.33,S3,4,7.0,,Aggressive,False,80,Mock_1vCPU_1GB,1,1.8,91.1,2805.34,0.0,High,RESOLVED
2026-09-10,run-20260910-official-001,FIS-INTERNATIONAL,SUB-INTERNATIONAL-08,/subscriptions/00000028-0028-4028-8028-000000000028/resourceGroups/rg-qa-028/providers/microsoft.containerservice/managedclusters/azure-kubernetes-servi-004,azure-kubernetes-servi-004,microsoft.containerservice/managedclusters,rg-qa-028,westus2,Optimize-Tier,Optimize service tier,Move to a lower-cost tier aligned with observed demand,,,LOW,HIGH,PRICED,FULL,PARTIAL,"Metric1,Metric2,Metric3",core-banking,identity,qa,CC1007,1016.1,GP_Gen5_8,8,40.0,,Conservative,True,65,Mock_4vCPU_20GB,4,20.0,76.3,284.34,284.34,Low,RESOLVED
2026-09-10,run-20260910-official-001,FIS-INTERNATIONAL,SUB-INTERNATIONAL-08,/subscriptions/00000028-0028-4028-8028-000000000028/resourceGroups/rg-qa-028/providers/microsoft.containerservice/managedclusters/azure-kubernetes-servi-004,azure-kubernetes-servi-004,microsoft.containerservice/managedclusters,rg-qa-028,westus2,Optimize-Tier,Optimize service tier,Move to a lower-cost tier aligned with observed demand,,,LOW,HIGH,PRICED,FULL,PARTIAL,"Metric1,Metric2,Metric3",core-banking,identity,qa,CC1007,1016.1,GP_Gen5_8,8,40.0,,Moderate,False,72,Mock_4vCPU_20GB,4,20.0,75.0,349.33,0.0,Medium,RESOLVED
2026-09-10,run-20260910-official-001,FIS-INTERNATIONAL,SUB-INTERNATIONAL-08,/subscriptions/00000028-0028-4028-8028-000000000028/resourceGroups/rg-qa-028/providers/microsoft.containerservice/managedclusters/azure-kubernetes-servi-004,azure-kubernetes-servi-004,microsoft.containerservice/managedclusters,rg-qa-028,westus2,Optimize-Tier,Optimize service tier,Move to a lower-cost tier aligned with observed demand,,,LOW,HIGH,PRICED,FULL,PARTIAL,"Metric1,Metric2,Metric3",core-banking,identity,qa,CC1007,1016.1,GP_Gen5_8,8,40.0,,Aggressive,False,80,Mock_2vCPU_10GB,2,10.0,80.5,438.7,0.0,High,RESOLVED
2026-09-10,run-20260910-official-001,FIS-DIGITAL,SUB-DIGITAL-01,/subscriptions/00000011-0011-4011-8011-000000000011/resourceGroups/rg-dev-011/providers/microsoft.containerservice/managedclusters/azure-kubernetes-servi-005,azure-kubernetes-servi-005,microsoft.containerservice/managedclusters,rg-dev-011,brazilsouth,Optimize-Tier,Optimize service tier,Move to a lower-cost tier aligned with observed demand,,,LOW,MEDIUM,PRICED,FULL,COMPLETE,,integration,api-hub,dev,CC1011,6221.21,P1v3,2,8.0,,Conservative,True,65,Mock_1vCPU_4GB,1,4.0,65.5,395.25,395.25,Low,RESOLVED
2026-09-10,run-20260910-official-001,FIS-DIGITAL,SUB-DIGITAL-01,/subscriptions/00000011-0011-4011-8011-000000000011/resourceGroups/rg-dev-011/providers/microsoft.containerservice/managedclusters/azure-kubernetes-servi-005,azure-kubernetes-servi-005,microsoft.containerservice/managedclusters,rg-dev-011,brazilsouth,Optimize-Tier,Optimize service tier,Move to a lower-cost tier aligned with observed demand,,,LOW,MEDIUM,PRICED,FULL,COMPLETE,,integration,api-hub,dev,CC1011,6221.21,P1v3,2,8.0,,Moderate,False,72,Mock_1vCPU_4GB,1,4.0,77.8,485.6,0.0,Medium,RESOLVED
2026-09-10,run-20260910-official-001,FIS-DIGITAL,SUB-DIGITAL-01,/subscriptions/00000011-0011-4011-8011-000000000011/resourceGroups/rg-dev-011/providers/microsoft.containerservice/managedclusters/azure-kubernetes-servi-005,azure-kubernetes-servi-005,microsoft.containerservice/managedclusters,rg-dev-011,brazilsouth,Optimize-Tier,Optimize service tier,Move to a lower-cost tier aligned with observed demand,,,LOW,MEDIUM,PRICED,FULL,COMPLETE,,integration,api-hub,dev,CC1011,6221.21,P1v3,2,8.0,,Aggressive,False,80,Mock_1vCPU_2GB,1,2.0,84.8,609.82,0.0,High,RESOLVED
2026-09-10,run-20260910-official-001,FIS-DIGITAL,SUB-DIGITAL-04,/subscriptions/00000014-0014-4014-8014-000000000014/resourceGroups/rg-nonprod-014/providers/microsoft.containerservice/managedclusters/azure-kubernetes-servi-007,azure-kubernetes-servi-007,microsoft.containerservice/managedclusters,rg-nonprod-014,eastus2,Review-Utilization,Review utilization,Resource shows optimization opportunity based on current utilization,,,HIGH,LOW,PRICED,FULL,PARTIAL,Metric1,digital-channels,customer360,nonprod,CC1003,13006.43,P1v3,2,8.0,,Conservative,True,65,Mock_1vCPU_4GB,1,4.0,71.9,2699.78,2699.78,Low,RESOLVED
2026-09-10,run-20260910-official-001,FIS-DIGITAL,SUB-DIGITAL-04,/subscriptions/00000014-0014-4014-8014-000000000014/resourceGroups/rg-nonprod-014/providers/microsoft.containerservice/managedclusters/azure-kubernetes-servi-007,azure-kubernetes-servi-007,microsoft.containerservice/managedclusters,rg-nonprod-014,eastus2,Review-Utilization,Review utilization,Resource shows optimization opportunity based on current utilization,,,HIGH,LOW,PRICED,FULL,PARTIAL,Metric1,digital-channels,customer360,nonprod,CC1003,13006.43,P1v3,2,8.0,,Moderate,False,72,Mock_1vCPU_4GB,1,4.0,74.3,3316.87,0.0,Medium,RESOLVED
2026-09-10,run-20260910-official-001,FIS-DIGITAL,SUB-DIGITAL-04,/subscriptions/00000014-0014-4014-8014-000000000014/resourceGroups/rg-nonprod-014/providers/microsoft.containerservice/managedclusters/azure-kubernetes-servi-007,azure-kubernetes-servi-007,microsoft.containerservice/managedclusters,rg-nonprod-014,eastus2,Review-Utilization,Review utilization,Resource shows optimization opportunity based on current utilization,,,HIGH,LOW,PRICED,FULL,PARTIAL,Metric1,digital-channels,customer360,nonprod,CC1003,13006.43,P1v3,2,8.0,,Aggressive,False,80,Mock_1vCPU_2GB,1,2.0,86.2,4165.38,0.0,High,RESOLVED
2026-09-10,run-20260910-official-001,FIS-DIGITAL,SUB-DIGITAL-10,/subscriptions/00000020-0020-4020-8020-000000000020/resourceGroups/rg-qa-020/providers/microsoft.containerservice/managedclusters/azure-kubernetes-servi-010,azure-kubernetes-servi-010,microsoft.containerservice/managedclusters,rg-qa-020,westus2,Optimize-Tier,Optimize service tier,Move to a lower-cost tier aligned with observed demand,,,LOW,HIGH,UNPRICED,FULL,PARTIAL,"Metric1,Metric2,Metric3,Metric4",payments,payments,qa,CC1001,2484.5,Standard_D2s_v5,2,8.0,,Conservative,True,65,Mock_1vCPU_4GB,1,4.0,61.0,260.87,260.87,Low,RESOLVED
2026-09-10,run-20260910-official-001,FIS-DIGITAL,SUB-DIGITAL-10,/subscriptions/00000020-0020-4020-8020-000000000020/resourceGroups/rg-qa-020/providers/microsoft.containerservice/managedclusters/azure-kubernetes-servi-010,azure-kubernetes-servi-010,microsoft.containerservice/managedclusters,rg-qa-020,westus2,Optimize-Tier,Optimize service tier,Move to a lower-cost tier aligned with observed demand,,,LOW,HIGH,UNPRICED,FULL,PARTIAL,"Metric1,Metric2,Metric3,Metric4",payments,payments,qa,CC1001,2484.5,Standard_D2s_v5,2,8.0,,Moderate,False,72,Mock_1vCPU_4GB,1,4.0,77.3,320.5,0.0,Medium,RESOLVED
2026-09-10,run-20260910-official-001,FIS-DIGITAL,SUB-DIGITAL-10,/subscriptions/00000020-0020-4020-8020-000000000020/resourceGroups/rg-qa-020/providers/microsoft.containerservice/managedclusters/azure-kubernetes-servi-010,azure-kubernetes-servi-010,microsoft.containerservice/managedclusters,rg-qa-020,westus2,Optimize-Tier,Optimize service tier,Move to a lower-cost tier aligned with observed demand,,,LOW,HIGH,UNPRICED,FULL,PARTIAL,"Metric1,Metric2,Metric3,Metric4",payments,payments,qa,CC1001,2484.5,Standard_D2s_v5,2,8.0,,Aggressive,False,80,Mock_1vCPU_2GB,1,2.0,83.0,402.49,0.0,High,RESOLVED
2026-09-10,run-20260910-official-001,FIS-CORP,SUB-CORP-03,/subscriptions/00000003-0003-4003-8003-000000000003/resourceGroups/rg-dev-003/providers/microsoft.containerservice/managedclusters/azure-kubernetes-servi-011,azure-kubernetes-servi-011,microsoft.containerservice/managedclusters,rg-dev-003,northeurope,Downsize,Downsize resource,Rightsize based on sustained utilization,,,MEDIUM,HIGH,HEURISTIC,FULL,PARTIAL,"Metric1,Metric2,Metric3",payments,risk,dev,CC1011,5079.88,Standard_D2s_v5,2,8.0,,Conservative,True,65,Mock_1vCPU_4GB,1,4.0,66.0,1275.25,1275.25,Low,RESOLVED
2026-09-10,run-20260910-official-001,FIS-CORP,SUB-CORP-03,/subscriptions/00000003-0003-4003-8003-000000000003/resourceGroups/rg-dev-003/providers/microsoft.containerservice/managedclusters/azure-kubernetes-servi-011,azure-kubernetes-servi-011,microsoft.containerservice/managedclusters,rg-dev-003,northeurope,Downsize,Downsize resource,Rightsize based on sustained utilization,,,MEDIUM,HIGH,HEURISTIC,FULL,PARTIAL,"Metric1,Metric2,Metric3",payments,risk,dev,CC1011,5079.88,Standard_D2s_v5,2,8.0,,Moderate,False,72,Mock_1vCPU_4GB,1,4.0,74.0,1566.74,0.0,Medium,RESOLVED
2026-09-10,run-20260910-official-001,FIS-CORP,SUB-CORP-03,/subscriptions/00000003-0003-4003-8003-000000000003/resourceGroups/rg-dev-003/providers/microsoft.containerservice/managedclusters/azure-kubernetes-servi-011,azure-kubernetes-servi-011,microsoft.containerservice/managedclusters,rg-dev-003,northeurope,Downsize,Downsize resource,Rightsize based on sustained utilization,,,MEDIUM,HIGH,HEURISTIC,FULL,PARTIAL,"Metric1,Metric2,Metric3",payments,risk,dev,CC1011,5079.88,Standard_D2s_v5,2,8.0,,Aggressive,False,80,Mock_1vCPU_2GB,1,2.0,89.6,1967.53,0.0,High,RESOLVED
2026-09-10,run-20260910-official-001,FIS-DIGITAL,SUB-DIGITAL-03,/subscriptions/00000013-0013-4013-8013-000000000013/resourceGroups/rg-dev-043/providers/microsoft.containerservice/managedclusters/azure-kubernetes-servi-012,azure-kubernetes-servi-012,microsoft.containerservice/managedclusters,rg-dev-043,centralus,Optimize-Tier,Optimize service tier,Move to a lower-cost tier aligned with observed demand,,,HIGH,LOW,PRICED,FULL,PARTIAL,"Metric1,Metric2,Metric3",security,reporting,dev,CC1003,12977.42,S3,4,7.0,,Conservative,True,65,Mock_2vCPU_3GB,2,3.5,74.1,3770.93,3770.93,Low,RESOLVED
2026-09-10,run-20260910-official-001,FIS-DIGITAL,SUB-DIGITAL-03,/subscriptions/00000013-0013-4013-8013-000000000013/resourceGroups/rg-dev-043/providers/microsoft.containerservice/managedclusters/azure-kubernetes-servi-012,azure-kubernetes-servi-012,microsoft.containerservice/managedclusters,rg-dev-043,centralus,Optimize-Tier,Optimize service tier,Move to a lower-cost tier aligned with observed demand,,,HIGH,LOW,PRICED,FULL,PARTIAL,"Metric1,Metric2,Metric3",security,reporting,dev,CC1003,12977.42,S3,4,7.0,,Moderate,False,72,Mock_2vCPU_3GB,2,3.5,79.8,4632.86,0.0,Medium,RESOLVED
2026-09-10,run-20260910-official-001,FIS-DIGITAL,SUB-DIGITAL-03,/subscriptions/00000013-0013-4013-8013-000000000013/resourceGroups/rg-dev-043/providers/microsoft.containerservice/managedclusters/azure-kubernetes-servi-012,azure-kubernetes-servi-012,microsoft.containerservice/managedclusters,rg-dev-043,centralus,Optimize-Tier,Optimize service tier,Move to a lower-cost tier aligned with observed demand,,,HIGH,LOW,PRICED,FULL,PARTIAL,"Metric1,Metric2,Metric3",security,reporting,dev,CC1003,12977.42,S3,4,7.0,,Aggressive,False,80,Mock_1vCPU_1GB,1,1.8,87.8,5818.01,0.0,High,RESOLVED
2026-09-10,run-20260910-official-001,FIS-DIGITAL,SUB-DIGITAL-05,/subscriptions/00000015-0015-4015-8015-000000000015/resourceGroups/rg-prod-045/providers/microsoft.containerservice/managedclusters/azure-kubernetes-servi-013,azure-kubernetes-servi-013,microsoft.containerservice/managedclusters,rg-prod-045,eastus2,Downsize,Downsize resource,Rightsize based on sustained utilization,,,MEDIUM,MEDIUM,PRICED,FULL,PARTIAL,Metric1,core-banking,reporting,prod,CC1003,2860.02,P1v3,2,8.0,,Conservative,True,65,Mock_1vCPU_4GB,1,4.0,60.5,794.03,794.03,Low,RESOLVED
2026-09-10,run-20260910-official-001,FIS-DIGITAL,SUB-DIGITAL-05,/subscriptions/00000015-0015-4015-8015-000000000015/resourceGroups/rg-prod-045/providers/microsoft.containerservice/managedclusters/azure-kubernetes-servi-013,azure-kubernetes-servi-013,microsoft.containerservice/managedclusters,rg-prod-045,eastus2,Downsize,Downsize resource,Rightsize based on sustained utilization,,,MEDIUM,MEDIUM,PRICED,FULL,PARTIAL,Metric1,core-banking,reporting,prod,CC1003,2860.02,P1v3,2,8.0,,Moderate,False,72,Mock_1vCPU_4GB,1,4.0,70.3,975.52,0.0,Medium,RESOLVED
2026-09-10,run-20260910-official-001,FIS-DIGITAL,SUB-DIGITAL-05,/subscriptions/00000015-0015-4015-8015-000000000015/resourceGroups/rg-prod-045/providers/microsoft.containerservice/managedclusters/azure-kubernetes-servi-013,azure-kubernetes-servi-013,microsoft.containerservice/managedclusters,rg-prod-045,eastus2,Downsize,Downsize resource,Rightsize based on sustained utilization,,,MEDIUM,MEDIUM,PRICED,FULL,PARTIAL,Metric1,core-banking,reporting,prod,CC1003,2860.02,P1v3,2,8.0,,Aggressive,False,80,Mock_1vCPU_2GB,1,2.0,73.0,1225.08,0.0,High,RESOLVED
2026-09-10,run-20260910-official-001,FIS-INTERNATIONAL,SUB-INTERNATIONAL-05,/subscriptions/00000025-0025-4025-8025-000000000025/resourceGroups/rg-prod-025/providers/microsoft.containerinstance/containergroups/container-instances-001,container-instances-001,microsoft.containerinstance/containergroups,rg-prod-025,westus2,Review-Utilization,Review utilization,Resource shows optimization opportunity based on current utilization,,,MEDIUM,LOW,HEURISTIC,FULL,PARTIAL,Metric1,digital-channels,payments,prod,CC1006,9901.27,Standard_D4s_v5,4,16.0,,Conservative,True,65,Mock_2vCPU_8GB,2,8.0,76.7,914.31,914.31,Low,RESOLVED
2026-09-10,run-20260910-official-001,FIS-INTERNATIONAL,SUB-INTERNATIONAL-05,/subscriptions/00000025-0025-4025-8025-000000000025/resourceGroups/rg-prod-025/providers/microsoft.containerinstance/containergroups/container-instances-001,container-instances-001,microsoft.containerinstance/containergroups,rg-prod-025,westus2,Review-Utilization,Review utilization,Resource shows optimization opportunity based on current utilization,,,MEDIUM,LOW,HEURISTIC,FULL,PARTIAL,Metric1,digital-channels,payments,prod,CC1006,9901.27,Standard_D4s_v5,4,16.0,,Moderate,False,72,Mock_2vCPU_8GB,2,8.0,78.1,1123.3,0.0,Medium,RESOLVED
2026-09-10,run-20260910-official-001,FIS-INTERNATIONAL,SUB-INTERNATIONAL-05,/subscriptions/00000025-0025-4025-8025-000000000025/resourceGroups/rg-prod-025/providers/microsoft.containerinstance/containergroups/container-instances-001,container-instances-001,microsoft.containerinstance/containergroups,rg-prod-025,westus2,Review-Utilization,Review utilization,Resource shows optimization opportunity based on current utilization,,,MEDIUM,LOW,HEURISTIC,FULL,PARTIAL,Metric1,digital-channels,payments,prod,CC1006,9901.27,Standard_D4s_v5,4,16.0,,Aggressive,False,80,Mock_1vCPU_4GB,1,4.0,83.9,1410.65,0.0,High,RESOLVED
2026-09-10,run-20260910-official-001,FIS-DIGITAL,SUB-DIGITAL-10,/subscriptions/00000020-0020-4020-8020-000000000020/resourceGroups/rg-nonprod-050/providers/microsoft.containerinstance/containergroups/container-instances-002,container-instances-002,microsoft.containerinstance/containergroups,rg-nonprod-050,westus2,Optimize-Tier,Optimize service tier,Move to a lower-cost tier aligned with observed demand,,,MEDIUM,LOW,PRICED,FULL,PARTIAL,"Metric1,Metric2",integration,payments,nonprod,CC1011,2209.23,P1v3,2,8.0,,Conservative,True,65,Mock_1vCPU_4GB,1,4.0,67.5,586.96,586.96,Low,RESOLVED
2026-09-10,run-20260910-official-001,FIS-DIGITAL,SUB-DIGITAL-10,/subscriptions/00000020-0020-4020-8020-000000000020/resourceGroups/rg-nonprod-050/providers/microsoft.containerinstance/containergroups/container-instances-002,container-instances-002,microsoft.containerinstance/containergroups,rg-nonprod-050,westus2,Optimize-Tier,Optimize service tier,Move to a lower-cost tier aligned with observed demand,,,MEDIUM,LOW,PRICED,FULL,PARTIAL,"Metric1,Metric2",integration,payments,nonprod,CC1011,2209.23,P1v3,2,8.0,,Moderate,False,72,Mock_1vCPU_4GB,1,4.0,77.0,721.12,0.0,Medium,RESOLVED
2026-09-10,run-20260910-official-001,FIS-DIGITAL,SUB-DIGITAL-10,/subscriptions/00000020-0020-4020-8020-000000000020/resourceGroups/rg-nonprod-050/providers/microsoft.containerinstance/containergroups/container-instances-002,container-instances-002,microsoft.containerinstance/containergroups,rg-nonprod-050,westus2,Optimize-Tier,Optimize service tier,Move to a lower-cost tier aligned with observed demand,,,MEDIUM,LOW,PRICED,FULL,PARTIAL,"Metric1,Metric2",integration,payments,nonprod,CC1011,2209.23,P1v3,2,8.0,,Aggressive,False,80,Mock_1vCPU_2GB,1,2.0,82.4,905.59,0.0,High,RESOLVED
2026-09-10,run-20260910-official-001,FIS-CORP,SUB-CORP-05,/subscriptions/00000005-0005-4005-8005-000000000005/resourceGroups/rg-prod-005/providers/microsoft.containerinstance/containergroups/container-instances-005,container-instances-005,microsoft.containerinstance/containergroups,rg-prod-005,westus2,Optimize-Tier,Optimize service tier,Move to a lower-cost tier aligned with observed demand,,,HIGH,HIGH,PRICED,FULL,PARTIAL,Metric1,digital-channels,ledger,prod,CC1011,9534.44,GP_Gen5_4,4,20.0,,Conservative,True,65,Mock_2vCPU_10GB,2,10.0,68.4,2912.84,2912.84,Low,RESOLVED
2026-09-10,run-20260910-official-001,FIS-CORP,SUB-CORP-05,/subscriptions/00000005-0005-4005-8005-000000000005/resourceGroups/rg-prod-005/providers/microsoft.containerinstance/containergroups/container-instances-005,container-instances-005,microsoft.containerinstance/containergroups,rg-prod-005,westus2,Optimize-Tier,Optimize service tier,Move to a lower-cost tier aligned with observed demand,,,HIGH,HIGH,PRICED,FULL,PARTIAL,Metric1,digital-channels,ledger,prod,CC1011,9534.44,GP_Gen5_4,4,20.0,,Moderate,False,72,Mock_2vCPU_10GB,2,10.0,65.5,3578.63,0.0,Medium,RESOLVED
2026-09-10,run-20260910-official-001,FIS-CORP,SUB-CORP-05,/subscriptions/00000005-0005-4005-8005-000000000005/resourceGroups/rg-prod-005/providers/microsoft.containerinstance/containergroups/container-instances-005,container-instances-005,microsoft.containerinstance/containergroups,rg-prod-005,westus2,Optimize-Tier,Optimize service tier,Move to a lower-cost tier aligned with observed demand,,,HIGH,HIGH,PRICED,FULL,PARTIAL,Metric1,digital-channels,ledger,prod,CC1011,9534.44,GP_Gen5_4,4,20.0,,Aggressive,False,80,Mock_1vCPU_5GB,1,5.0,74.2,4494.1,0.0,High,RESOLVED
2026-09-10,run-20260910-official-001,FIS-DIGITAL,SUB-DIGITAL-06,/subscriptions/00000016-0016-4016-8016-000000000016/resourceGroups/rg-qa-016/providers/microsoft.containerinstance/containergroups/container-instances-006,container-instances-006,microsoft.containerinstance/containergroups,rg-qa-016,westeurope,Downsize,Downsize resource,Rightsize based on sustained utilization,,,MEDIUM,HIGH,PRICED,FULL,PARTIAL,"Metric1,Metric2",cloud-platform,analytics,qa,CC1012,6861.12,GP_Gen5_4,4,20.0,,Conservative,True,65,Mock_2vCPU_10GB,2,10.0,64.9,901.94,901.94,Low,RESOLVED
2026-09-10,run-20260910-official-001,FIS-DIGITAL,SUB-DIGITAL-06,/subscriptions/00000016-0016-4016-8016-000000000016/resourceGroups/rg-qa-016/providers/microsoft.containerinstance/containergroups/container-instances-006,container-instances-006,microsoft.containerinstance/containergroups,rg-qa-016,westeurope,Downsize,Downsize resource,Rightsize based on sustained utilization,,,MEDIUM,HIGH,PRICED,FULL,PARTIAL,"Metric1,Metric2",cloud-platform,analytics,qa,CC1012,6861.12,GP_Gen5_4,4,20.0,,Moderate,False,72,Mock_2vCPU_10GB,2,10.0,83.4,1108.1,0.0,Medium,RESOLVED
2026-09-10,run-20260910-official-001,FIS-DIGITAL,SUB-DIGITAL-06,/subscriptions/00000016-0016-4016-8016-000000000016/resourceGroups/rg-qa-016/providers/microsoft.containerinstance/containergroups/container-instances-006,container-instances-006,microsoft.containerinstance/containergroups,rg-qa-016,westeurope,Downsize,Downsize resource,Rightsize based on sustained utilization,,,MEDIUM,HIGH,PRICED,FULL,PARTIAL,"Metric1,Metric2",cloud-platform,analytics,qa,CC1012,6861.12,GP_Gen5_4,4,20.0,,Aggressive,False,80,Mock_1vCPU_5GB,1,5.0,79.5,1391.57,0.0,High,RESOLVED
2026-09-10,run-20260910-official-001,FIS-DIGITAL,SUB-DIGITAL-04,/subscriptions/00000014-0014-4014-8014-000000000014/resourceGroups/rg-qa-044/providers/microsoft.containerinstance/containergroups/container-instances-009,container-instances-009,microsoft.containerinstance/containergroups,rg-qa-044,centralus,Review-Utilization,Review utilization,Resource shows optimization opportunity based on current utilization,,,MEDIUM,MEDIUM,HEURISTIC,FULL,PARTIAL,"Metric1,Metric2",core-banking,api-hub,qa,CC1011,4383.72,S3,4,7.0,,Conservative,True,65,Mock_2vCPU_3GB,2,3.5,68.0,1019.1,1019.1,Low,RESOLVED
2026-09-10,run-20260910-official-001,FIS-DIGITAL,SUB-DIGITAL-04,/subscriptions/00000014-0014-4014-8014-000000000014/resourceGroups/rg-qa-044/providers/microsoft.containerinstance/containergroups/container-instances-009,container-instances-009,microsoft.containerinstance/containergroups,rg-qa-044,centralus,Review-Utilization,Review utilization,Resource shows optimization opportunity based on current utilization,,,MEDIUM,MEDIUM,HEURISTIC,FULL,PARTIAL,"Metric1,Metric2",core-banking,api-hub,qa,CC1011,4383.72,S3,4,7.0,,Moderate,False,72,Mock_2vCPU_3GB,2,3.5,83.5,1252.04,0.0,Medium,RESOLVED
2026-09-10,run-20260910-official-001,FIS-DIGITAL,SUB-DIGITAL-04,/subscriptions/00000014-0014-4014-8014-000000000014/resourceGroups/rg-qa-044/providers/microsoft.containerinstance/containergroups/container-instances-009,container-instances-009,microsoft.containerinstance/containergroups,rg-qa-044,centralus,Review-Utilization,Review utilization,Resource shows optimization opportunity based on current utilization,,,MEDIUM,MEDIUM,HEURISTIC,FULL,PARTIAL,"Metric1,Metric2",core-banking,api-hub,qa,CC1011,4383.72,S3,4,7.0,,Aggressive,False,80,Mock_1vCPU_1GB,1,1.8,81.2,1572.33,0.0,High,RESOLVED
2026-09-10,run-20260910-official-001,FIS-INTERNATIONAL,SUB-INTERNATIONAL-05,/subscriptions/00000025-0025-4025-8025-000000000025/resourceGroups/rg-prod-025/providers/microsoft.containerinstance/containergroups/container-instances-010,container-instances-010,microsoft.containerinstance/containergroups,rg-prod-025,centralus,Optimize-Tier,Optimize service tier,Move to a lower-cost tier aligned with observed demand,,,HIGH,MEDIUM,PRICED,FULL,COMPLETE,,digital-channels,reporting,prod,CC1004,12006.06,Standard_D4s_v5,4,16.0,,Conservative,True,65,Mock_2vCPU_8GB,2,8.0,59.2,3270.79,3270.79,Low,RESOLVED
2026-09-10,run-20260910-official-001,FIS-INTERNATIONAL,SUB-INTERNATIONAL-05,/subscriptions/00000025-0025-4025-8025-000000000025/resourceGroups/rg-prod-025/providers/microsoft.containerinstance/containergroups/container-instances-010,container-instances-010,microsoft.containerinstance/containergroups,rg-prod-025,centralus,Optimize-Tier,Optimize service tier,Move to a lower-cost tier aligned with observed demand,,,HIGH,MEDIUM,PRICED,FULL,COMPLETE,,digital-channels,reporting,prod,CC1004,12006.06,Standard_D4s_v5,4,16.0,,Moderate,False,72,Mock_2vCPU_8GB,2,8.0,70.6,4018.4,0.0,Medium,RESOLVED
2026-09-10,run-20260910-official-001,FIS-INTERNATIONAL,SUB-INTERNATIONAL-05,/subscriptions/00000025-0025-4025-8025-000000000025/resourceGroups/rg-prod-025/providers/microsoft.containerinstance/containergroups/container-instances-010,container-instances-010,microsoft.containerinstance/containergroups,rg-prod-025,centralus,Optimize-Tier,Optimize service tier,Move to a lower-cost tier aligned with observed demand,,,HIGH,MEDIUM,PRICED,FULL,COMPLETE,,digital-channels,reporting,prod,CC1004,12006.06,Standard_D4s_v5,4,16.0,,Aggressive,False,80,Mock_1vCPU_4GB,1,4.0,88.9,5046.36,0.0,High,RESOLVED
2026-09-10,run-20260910-official-001,FIS-DIGITAL,SUB-DIGITAL-03,/subscriptions/00000013-0013-4013-8013-000000000013/resourceGroups/rg-dev-043/providers/microsoft.containerinstance/containergroups/container-instances-011,container-instances-011,microsoft.containerinstance/containergroups,rg-dev-043,northeurope,Review-Utilization,Review utilization,Resource shows optimization opportunity based on current utilization,,,HIGH,MEDIUM,HEURISTIC,FULL,PARTIAL,"Metric1,Metric2,Metric3",core-banking,ledger,dev,CC1003,12422.98,Standard_D8s_v5,8,32.0,,Conservative,True,65,Mock_4vCPU_16GB,4,16.0,58.1,3022.32,3022.32,Low,RESOLVED
2026-09-10,run-20260910-official-001,FIS-DIGITAL,SUB-DIGITAL-03,/subscriptions/00000013-0013-4013-8013-000000000013/resourceGroups/rg-dev-043/providers/microsoft.containerinstance/containergroups/container-instances-011,container-instances-011,microsoft.containerinstance/containergroups,rg-dev-043,northeurope,Review-Utilization,Review utilization,Resource shows optimization opportunity based on current utilization,,,HIGH,MEDIUM,HEURISTIC,FULL,PARTIAL,"Metric1,Metric2,Metric3",core-banking,ledger,dev,CC1003,12422.98,Standard_D8s_v5,8,32.0,,Moderate,False,72,Mock_4vCPU_16GB,4,16.0,70.8,3713.14,0.0,Medium,RESOLVED
2026-09-10,run-20260910-official-001,FIS-DIGITAL,SUB-DIGITAL-03,/subscriptions/00000013-0013-4013-8013-000000000013/resourceGroups/rg-dev-043/providers/microsoft.containerinstance/containergroups/container-instances-011,container-instances-011,microsoft.containerinstance/containergroups,rg-dev-043,northeurope,Review-Utilization,Review utilization,Resource shows optimization opportunity based on current utilization,,,HIGH,MEDIUM,HEURISTIC,FULL,PARTIAL,"Metric1,Metric2,Metric3",core-banking,ledger,dev,CC1003,12422.98,Standard_D8s_v5,8,32.0,,Aggressive,False,80,Mock_2vCPU_8GB,2,8.0,90.7,4663.01,0.0,High,RESOLVED
2026-09-10,run-20260910-official-001,FIS-DIGITAL,SUB-DIGITAL-01,/subscriptions/00000011-0011-4011-8011-000000000011/resourceGroups/rg-prod-041/providers/microsoft.containerinstance/containergroups/container-instances-012,container-instances-012,microsoft.containerinstance/containergroups,rg-prod-041,brazilsouth,Downsize,Downsize resource,Rightsize based on sustained utilization,,,MEDIUM,MEDIUM,HEURISTIC,FULL,PARTIAL,Metric1,payments,customer360,prod,CC1007,6510.74,Standard_D8s_v5,8,32.0,,Conservative,True,65,Mock_4vCPU_16GB,4,16.0,66.5,756.15,756.15,Low,RESOLVED
2026-09-10,run-20260910-official-001,FIS-DIGITAL,SUB-DIGITAL-01,/subscriptions/00000011-0011-4011-8011-000000000011/resourceGroups/rg-prod-041/providers/microsoft.containerinstance/containergroups/container-instances-012,container-instances-012,microsoft.containerinstance/containergroups,rg-prod-041,brazilsouth,Downsize,Downsize resource,Rightsize based on sustained utilization,,,MEDIUM,MEDIUM,HEURISTIC,FULL,PARTIAL,Metric1,payments,customer360,prod,CC1007,6510.74,Standard_D8s_v5,8,32.0,,Moderate,False,72,Mock_4vCPU_16GB,4,16.0,70.8,928.98,0.0,Medium,RESOLVED
2026-09-10,run-20260910-official-001,FIS-DIGITAL,SUB-DIGITAL-01,/subscriptions/00000011-0011-4011-8011-000000000011/resourceGroups/rg-prod-041/providers/microsoft.containerinstance/containergroups/container-instances-012,container-instances-012,microsoft.containerinstance/containergroups,rg-prod-041,brazilsouth,Downsize,Downsize resource,Rightsize based on sustained utilization,,,MEDIUM,MEDIUM,HEURISTIC,FULL,PARTIAL,Metric1,payments,customer360,prod,CC1007,6510.74,Standard_D8s_v5,8,32.0,,Aggressive,False,80,Mock_2vCPU_8GB,2,8.0,86.7,1166.63,0.0,High,RESOLVED
2026-09-10,run-20260910-official-001,FIS-INTERNATIONAL,SUB-INTERNATIONAL-09,/subscriptions/00000029-0029-4029-8029-000000000029/resourceGroups/rg-prod-029/providers/microsoft.containerinstance/containergroups/container-instances-013,container-instances-013,microsoft.containerinstance/containergroups,rg-prod-029,centralus,Review-Utilization,Review utilization,Resource shows optimization opportunity based on current utilization,,,MEDIUM,MEDIUM,PRICED,FULL,PARTIAL,Metric1,core-banking,reporting,prod,CC1005,13454.65,P1v3,2,8.0,,Conservative,True,65,Mock_1vCPU_4GB,1,4.0,66.4,1276.91,1276.91,Low,RESOLVED
2026-09-10,run-20260910-official-001,FIS-INTERNATIONAL,SUB-INTERNATIONAL-09,/subscriptions/00000029-0029-4029-8029-000000000029/resourceGroups/rg-prod-029/providers/microsoft.containerinstance/containergroups/container-instances-013,container-instances-013,microsoft.containerinstance/containergroups,rg-prod-029,centralus,Review-Utilization,Review utilization,Resource shows optimization opportunity based on current utilization,,,MEDIUM,MEDIUM,PRICED,FULL,PARTIAL,Metric1,core-banking,reporting,prod,CC1005,13454.65,P1v3,2,8.0,,Moderate,False,72,Mock_1vCPU_4GB,1,4.0,73.3,1568.78,0.0,Medium,RESOLVED
2026-09-10,run-20260910-official-001,FIS-INTERNATIONAL,SUB-INTERNATIONAL-09,/subscriptions/00000029-0029-4029-8029-000000000029/resourceGroups/rg-prod-029/providers/microsoft.containerinstance/containergroups/container-instances-013,container-instances-013,microsoft.containerinstance/containergroups,rg-prod-029,centralus,Review-Utilization,Review utilization,Resource shows optimization opportunity based on current utilization,,,MEDIUM,MEDIUM,PRICED,FULL,PARTIAL,Metric1,core-banking,reporting,prod,CC1005,13454.65,P1v3,2,8.0,,Aggressive,False,80,Mock_1vCPU_2GB,1,2.0,88.9,1970.09,0.0,High,RESOLVED
2026-09-10,run-20260910-official-001,FIS-DIGITAL,SUB-DIGITAL-07,/subscriptions/00000017-0017-4017-8017-000000000017/resourceGroups/rg-dev-047/providers/microsoft.sql/servers/databases/azure-sql-database-002,azure-sql-database-002,microsoft.sql/servers/databases,rg-dev-047,northeurope,Review-Utilization,Review utilization,Resource shows optimization opportunity based on current utilization,,,HIGH,MEDIUM,PRICED,FULL,PARTIAL,Metric1,payments,risk,dev,CC1002,17223.28,P1v3,2,8.0,,Conservative,True,65,Mock_1vCPU_4GB,1,4.0,70.8,4199.62,4199.62,Low,RESOLVED
2026-09-10,run-20260910-official-001,FIS-DIGITAL,SUB-DIGITAL-07,/subscriptions/00000017-0017-4017-8017-000000000017/resourceGroups/rg-dev-047/providers/microsoft.sql/servers/databases/azure-sql-database-002,azure-sql-database-002,microsoft.sql/servers/databases,rg-dev-047,northeurope,Review-Utilization,Review utilization,Resource shows optimization opportunity based on current utilization,,,HIGH,MEDIUM,PRICED,FULL,PARTIAL,Metric1,payments,risk,dev,CC1002,17223.28,P1v3,2,8.0,,Moderate,False,72,Mock_1vCPU_4GB,1,4.0,78.9,5159.54,0.0,Medium,RESOLVED
2026-09-10,run-20260910-official-001,FIS-DIGITAL,SUB-DIGITAL-07,/subscriptions/00000017-0017-4017-8017-000000000017/resourceGroups/rg-dev-047/providers/microsoft.sql/servers/databases/azure-sql-database-002,azure-sql-database-002,microsoft.sql/servers/databases,rg-dev-047,northeurope,Review-Utilization,Review utilization,Resource shows optimization opportunity based on current utilization,,,HIGH,MEDIUM,PRICED,FULL,PARTIAL,Metric1,payments,risk,dev,CC1002,17223.28,P1v3,2,8.0,,Aggressive,False,80,Mock_1vCPU_2GB,1,2.0,89.0,6479.42,0.0,High,RESOLVED
2026-09-10,run-20260910-official-001,FIS-CORP,SUB-CORP-10,/subscriptions/00000010-0010-4010-8010-000000000010/resourceGroups/rg-nonprod-010/providers/microsoft.sql/servers/databases/azure-sql-database-003,azure-sql-database-003,microsoft.sql/servers/databases,rg-nonprod-010,brazilsouth,Review-Utilization,Review utilization,Resource shows optimization opportunity based on current utilization,,,HIGH,MEDIUM,PRICED,FULL,PARTIAL,"Metric1,Metric2",core-banking,identity,nonprod,CC1002,15678.51,S3,4,7.0,,Conservative,True,65,Mock_2vCPU_3GB,2,3.5,63.5,4459.34,4459.34,Low,RESOLVED
2026-09-10,run-20260910-official-001,FIS-CORP,SUB-CORP-10,/subscriptions/00000010-0010-4010-8010-000000000010/resourceGroups/rg-nonprod-010/providers/microsoft.sql/servers/databases/azure-sql-database-003,azure-sql-database-003,microsoft.sql/servers/databases,rg-nonprod-010,brazilsouth,Review-Utilization,Review utilization,Resource shows optimization opportunity based on current utilization,,,HIGH,MEDIUM,PRICED,FULL,PARTIAL,"Metric1,Metric2",core-banking,identity,nonprod,CC1002,15678.51,S3,4,7.0,,Moderate,False,72,Mock_2vCPU_3GB,2,3.5,73.9,5478.61,0.0,Medium,RESOLVED
2026-09-10,run-20260910-official-001,FIS-CORP,SUB-CORP-10,/subscriptions/00000010-0010-4010-8010-000000000010/resourceGroups/rg-nonprod-010/providers/microsoft.sql/servers/databases/azure-sql-database-003,azure-sql-database-003,microsoft.sql/servers/databases,rg-nonprod-010,brazilsouth,Review-Utilization,Review utilization,Resource shows optimization opportunity based on current utilization,,,HIGH,MEDIUM,PRICED,FULL,PARTIAL,"Metric1,Metric2",core-banking,identity,nonprod,CC1002,15678.51,S3,4,7.0,,Aggressive,False,80,Mock_1vCPU_1GB,1,1.8,81.8,6880.12,0.0,High,RESOLVED
2026-09-10,run-20260910-official-001,FIS-DIGITAL,SUB-DIGITAL-02,/subscriptions/00000012-0012-4012-8012-000000000012/resourceGroups/rg-qa-012/providers/microsoft.sql/servers/databases/azure-sql-database-004,azure-sql-database-004,microsoft.sql/servers/databases,rg-qa-012,eastus2,Optimize-Tier,Optimize service tier,Move to a lower-cost tier aligned with observed demand,,,LOW,HIGH,PRICED,FULL,PARTIAL,Metric1,payments,payments,qa,CC1004,1158.07,Standard_D8s_v5,8,32.0,,Conservative,True,65,Mock_4vCPU_16GB,4,16.0,75.6,305.59,305.59,Low,RESOLVED
2026-09-10,run-20260910-official-001,FIS-DIGITAL,SUB-DIGITAL-02,/subscriptions/00000012-0012-4012-8012-000000000012/resourceGroups/rg-qa-012/providers/microsoft.sql/servers/databases/azure-sql-database-004,azure-sql-database-004,microsoft.sql/servers/databases,rg-qa-012,eastus2,Optimize-Tier,Optimize service tier,Move to a lower-cost tier aligned with observed demand,,,LOW,HIGH,PRICED,FULL,PARTIAL,Metric1,payments,payments,qa,CC1004,1158.07,Standard_D8s_v5,8,32.0,,Moderate,False,72,Mock_4vCPU_16GB,4,16.0,70.6,375.44,0.0,Medium,RESOLVED
2026-09-10,run-20260910-official-001,FIS-DIGITAL,SUB-DIGITAL-02,/subscriptions/00000012-0012-4012-8012-000000000012/resourceGroups/rg-qa-012/providers/microsoft.sql/servers/databases/azure-sql-database-004,azure-sql-database-004,microsoft.sql/servers/databases,rg-qa-012,eastus2,Optimize-Tier,Optimize service tier,Move to a lower-cost tier aligned with observed demand,,,LOW,HIGH,PRICED,FULL,PARTIAL,Metric1,payments,payments,qa,CC1004,1158.07,Standard_D8s_v5,8,32.0,,Aggressive,False,80,Mock_2vCPU_8GB,2,8.0,89.0,471.48,0.0,High,RESOLVED
2026-09-10,run-20260910-official-001,FIS-DIGITAL,SUB-DIGITAL-10,/subscriptions/00000020-0020-4020-8020-000000000020/resourceGroups/rg-qa-020/providers/microsoft.sql/servers/databases/azure-sql-database-005,azure-sql-database-005,microsoft.sql/servers/databases,rg-qa-020,brazilsouth,Review-Utilization,Review utilization,Resource shows optimization opportunity based on current utilization,,,LOW,HIGH,HEURISTIC,FULL,PARTIAL,Metric1,digital-channels,reporting,qa,CC1012,2776.04,GP_Gen5_4,4,20.0,,Conservative,True,65,Mock_2vCPU_10GB,2,10.0,66.6,299.03,299.03,Low,RESOLVED
2026-09-10,run-20260910-official-001,FIS-DIGITAL,SUB-DIGITAL-10,/subscriptions/00000020-0020-4020-8020-000000000020/resourceGroups/rg-qa-020/providers/microsoft.sql/servers/databases/azure-sql-database-005,azure-sql-database-005,microsoft.sql/servers/databases,rg-qa-020,brazilsouth,Review-Utilization,Review utilization,Resource shows optimization opportunity based on current utilization,,,LOW,HIGH,HEURISTIC,FULL,PARTIAL,Metric1,digital-channels,reporting,qa,CC1012,2776.04,GP_Gen5_4,4,20.0,,Moderate,False,72,Mock_2vCPU_10GB,2,10.0,74.2,367.37,0.0,Medium,RESOLVED
2026-09-10,run-20260910-official-001,FIS-DIGITAL,SUB-DIGITAL-10,/subscriptions/00000020-0020-4020-8020-000000000020/resourceGroups/rg-qa-020/providers/microsoft.sql/servers/databases/azure-sql-database-005,azure-sql-database-005,microsoft.sql/servers/databases,rg-qa-020,brazilsouth,Review-Utilization,Review utilization,Resource shows optimization opportunity based on current utilization,,,LOW,HIGH,HEURISTIC,FULL,PARTIAL,Metric1,digital-channels,reporting,qa,CC1012,2776.04,GP_Gen5_4,4,20.0,,Aggressive,False,80,Mock_1vCPU_5GB,1,5.0,83.3,461.35,0.0,High,RESOLVED
2026-09-10,run-20260910-official-001,FIS-DIGITAL,SUB-DIGITAL-04,/subscriptions/00000014-0014-4014-8014-000000000014/resourceGroups/rg-nonprod-014/providers/microsoft.sql/servers/databases/azure-sql-database-007,azure-sql-database-007,microsoft.sql/servers/databases,rg-nonprod-014,centralus,Downsize,Downsize resource,Rightsize based on sustained utilization,,,HIGH,MEDIUM,PRICED,FULL,PARTIAL,"Metric1,Metric2",data-ai,reporting,nonprod,CC1002,13146.57,S3,4,7.0,,Conservative,True,65,Mock_2vCPU_3GB,2,3.5,67.1,3381.41,3381.41,Low,RESOLVED
2026-09-10,run-20260910-official-001,FIS-DIGITAL,SUB-DIGITAL-04,/subscriptions/00000014-0014-4014-8014-000000000014/resourceGroups/rg-nonprod-014/providers/microsoft.sql/servers/databases/azure-sql-database-007,azure-sql-database-007,microsoft.sql/servers/databases,rg-nonprod-014,centralus,Downsize,Downsize resource,Rightsize based on sustained utilization,,,HIGH,MEDIUM,PRICED,FULL,PARTIAL,"Metric1,Metric2",data-ai,reporting,nonprod,CC1002,13146.57,S3,4,7.0,,Moderate,False,72,Mock_2vCPU_3GB,2,3.5,70.6,4154.3,0.0,Medium,RESOLVED
2026-09-10,run-20260910-official-001,FIS-DIGITAL,SUB-DIGITAL-04,/subscriptions/00000014-0014-4014-8014-000000000014/resourceGroups/rg-nonprod-014/providers/microsoft.sql/servers/databases/azure-sql-database-007,azure-sql-database-007,microsoft.sql/servers/databases,rg-nonprod-014,centralus,Downsize,Downsize resource,Rightsize based on sustained utilization,,,HIGH,MEDIUM,PRICED,FULL,PARTIAL,"Metric1,Metric2",data-ai,reporting,nonprod,CC1002,13146.57,S3,4,7.0,,Aggressive,False,80,Mock_1vCPU_1GB,1,1.8,80.9,5217.03,0.0,High,RESOLVED
2026-09-10,run-20260910-official-001,FIS-DIGITAL,SUB-DIGITAL-01,/subscriptions/00000011-0011-4011-8011-000000000011/resourceGroups/rg-prod-041/providers/microsoft.sql/servers/databases/azure-sql-database-009,azure-sql-database-009,microsoft.sql/servers/databases,rg-prod-041,brazilsouth,Review-Utilization,Review utilization,Resource shows optimization opportunity based on current utilization,,,MEDIUM,HIGH,PRICED,FULL,PARTIAL,Metric1,core-banking,risk,prod,CC1005,17787.28,Standard_D2s_v5,2,8.0,,Conservative,True,65,Mock_1vCPU_4GB,1,4.0,76.4,1830.85,1830.85,Low,RESOLVED
2026-09-10,run-20260910-official-001,FIS-DIGITAL,SUB-DIGITAL-01,/subscriptions/00000011-0011-4011-8011-000000000011/resourceGroups/rg-prod-041/providers/microsoft.sql/servers/databases/azure-sql-database-009,azure-sql-database-009,microsoft.sql/servers/databases,rg-prod-041,brazilsouth,Review-Utilization,Review utilization,Resource shows optimization opportunity based on current utilization,,,MEDIUM,HIGH,PRICED,FULL,PARTIAL,Metric1,core-banking,risk,prod,CC1005,17787.28,Standard_D2s_v5,2,8.0,,Moderate,False,72,Mock_1vCPU_4GB,1,4.0,70.9,2249.33,0.0,Medium,RESOLVED
2026-09-10,run-20260910-official-001,FIS-DIGITAL,SUB-DIGITAL-01,/subscriptions/00000011-0011-4011-8011-000000000011/resourceGroups/rg-prod-041/providers/microsoft.sql/servers/databases/azure-sql-database-009,azure-sql-database-009,microsoft.sql/servers/databases,rg-prod-041,brazilsouth,Review-Utilization,Review utilization,Resource shows optimization opportunity based on current utilization,,,MEDIUM,HIGH,PRICED,FULL,PARTIAL,Metric1,core-banking,risk,prod,CC1005,17787.28,Standard_D2s_v5,2,8.0,,Aggressive,False,80,Mock_1vCPU_2GB,1,2.0,86.9,2824.74,0.0,High,RESOLVED
2026-09-10,run-20260910-official-001,FIS-CORP,SUB-CORP-03,/subscriptions/00000003-0003-4003-8003-000000000003/resourceGroups/rg-prod-033/providers/microsoft.sql/servers/databases/azure-sql-database-010,azure-sql-database-010,microsoft.sql/servers/databases,rg-prod-033,centralus,Downsize,Downsize resource,Rightsize based on sustained utilization,,,HIGH,HIGH,PRICED,FULL,PARTIAL,Metric1,cloud-platform,api-hub,prod,CC1010,12840.64,P1v3,2,8.0,,Conservative,True,65,Mock_1vCPU_4GB,1,4.0,60.9,2383.05,2383.05,Low,RESOLVED
2026-09-10,run-20260910-official-001,FIS-CORP,SUB-CORP-03,/subscriptions/00000003-0003-4003-8003-000000000003/resourceGroups/rg-prod-033/providers/microsoft.sql/servers/databases/azure-sql-database-010,azure-sql-database-010,microsoft.sql/servers/databases,rg-prod-033,centralus,Downsize,Downsize resource,Rightsize based on sustained utilization,,,HIGH,HIGH,PRICED,FULL,PARTIAL,Metric1,cloud-platform,api-hub,prod,CC1010,12840.64,P1v3,2,8.0,,Moderate,False,72,Mock_1vCPU_4GB,1,4.0,81.2,2927.75,0.0,Medium,RESOLVED
2026-09-10,run-20260910-official-001,FIS-CORP,SUB-CORP-03,/subscriptions/00000003-0003-4003-8003-000000000003/resourceGroups/rg-prod-033/providers/microsoft.sql/servers/databases/azure-sql-database-010,azure-sql-database-010,microsoft.sql/servers/databases,rg-prod-033,centralus,Downsize,Downsize resource,Rightsize based on sustained utilization,,,HIGH,HIGH,PRICED,FULL,PARTIAL,Metric1,cloud-platform,api-hub,prod,CC1010,12840.64,P1v3,2,8.0,,Aggressive,False,80,Mock_1vCPU_2GB,1,2.0,80.0,3676.71,0.0,High,RESOLVED
2026-09-10,run-20260910-official-001,FIS-CORP,SUB-CORP-06,/subscriptions/00000006-0006-4006-8006-000000000006/resourceGroups/rg-nonprod-006/providers/microsoft.sql/servers/databases/azure-sql-database-013,azure-sql-database-013,microsoft.sql/servers/databases,rg-nonprod-006,westus2,Review-Utilization,Review utilization,Resource shows optimization opportunity based on current utilization,,,HIGH,MEDIUM,HEURISTIC,FULL,PARTIAL,Metric1,data-ai,reporting,nonprod,CC1001,17871.24,P1v3,2,8.0,,Conservative,True,65,Mock_1vCPU_4GB,1,4.0,73.2,4415.71,4415.71,Low,RESOLVED
2026-09-10,run-20260910-official-001,FIS-CORP,SUB-CORP-06,/subscriptions/00000006-0006-4006-8006-000000000006/resourceGroups/rg-nonprod-006/providers/microsoft.sql/servers/databases/azure-sql-database-013,azure-sql-database-013,microsoft.sql/servers/databases,rg-nonprod-006,westus2,Review-Utilization,Review utilization,Resource shows optimization opportunity based on current utilization,,,HIGH,MEDIUM,HEURISTIC,FULL,PARTIAL,Metric1,data-ai,reporting,nonprod,CC1001,17871.24,P1v3,2,8.0,,Moderate,False,72,Mock_1vCPU_4GB,1,4.0,82.5,5425.02,0.0,Medium,RESOLVED
2026-09-10,run-20260910-official-001,FIS-CORP,SUB-CORP-06,/subscriptions/00000006-0006-4006-8006-000000000006/resourceGroups/rg-nonprod-006/providers/microsoft.sql/servers/databases/azure-sql-database-013,azure-sql-database-013,microsoft.sql/servers/databases,rg-nonprod-006,westus2,Review-Utilization,Review utilization,Resource shows optimization opportunity based on current utilization,,,HIGH,MEDIUM,HEURISTIC,FULL,PARTIAL,Metric1,data-ai,reporting,nonprod,CC1001,17871.24,P1v3,2,8.0,,Aggressive,False,80,Mock_1vCPU_2GB,1,2.0,84.5,6812.81,0.0,High,RESOLVED
2026-09-10,run-20260910-official-001,FIS-DIGITAL,SUB-DIGITAL-02,/subscriptions/00000012-0012-4012-8012-000000000012/resourceGroups/rg-qa-012/providers/microsoft.sql/servers/databases/azure-sql-database-015,azure-sql-database-015,microsoft.sql/servers/databases,rg-qa-012,westus2,Optimize-Tier,Optimize service tier,Move to a lower-cost tier aligned with observed demand,,,MEDIUM,MEDIUM,PRICED,FULL,COMPLETE,,payments,analytics,qa,CC1011,10898.11,GP_Gen5_8,8,40.0,,Conservative,True,65,Mock_4vCPU_20GB,4,20.0,62.1,1101.64,1101.64,Low,RESOLVED
2026-09-10,run-20260910-official-001,FIS-DIGITAL,SUB-DIGITAL-02,/subscriptions/00000012-0012-4012-8012-000000000012/resourceGroups/rg-qa-012/providers/microsoft.sql/servers/databases/azure-sql-database-015,azure-sql-database-015,microsoft.sql/servers/databases,rg-qa-012,westus2,Optimize-Tier,Optimize service tier,Move to a lower-cost tier aligned with observed demand,,,MEDIUM,MEDIUM,PRICED,FULL,COMPLETE,,payments,analytics,qa,CC1011,10898.11,GP_Gen5_8,8,40.0,,Moderate,False,72,Mock_4vCPU_20GB,4,20.0,67.5,1353.44,0.0,Medium,RESOLVED
2026-09-10,run-20260910-official-001,FIS-DIGITAL,SUB-DIGITAL-02,/subscriptions/00000012-0012-4012-8012-000000000012/resourceGroups/rg-qa-012/providers/microsoft.sql/servers/databases/azure-sql-database-015,azure-sql-database-015,microsoft.sql/servers/databases,rg-qa-012,westus2,Optimize-Tier,Optimize service tier,Move to a lower-cost tier aligned with observed demand,,,MEDIUM,MEDIUM,PRICED,FULL,COMPLETE,,payments,analytics,qa,CC1011,10898.11,GP_Gen5_8,8,40.0,,Aggressive,False,80,Mock_2vCPU_10GB,2,10.0,78.3,1699.67,0.0,High,RESOLVED
2026-09-10,run-20260910-official-001,FIS-CORP,SUB-CORP-05,/subscriptions/00000005-0005-4005-8005-000000000005/resourceGroups/rg-dev-035/providers/microsoft.sql/servers/databases/azure-sql-database-016,azure-sql-database-016,microsoft.sql/servers/databases,rg-dev-035,brazilsouth,Downsize,Downsize resource,Rightsize based on sustained utilization,,,LOW,LOW,UNPRICED,FULL,COMPLETE,,payments,risk,dev,CC1001,16038.5,Standard_D2s_v5,2,8.0,,Conservative,True,65,Mock_1vCPU_4GB,1,4.0,62.8,1684.04,1684.04,Low,RESOLVED
2026-09-10,run-20260910-official-001,FIS-CORP,SUB-CORP-05,/subscriptions/00000005-0005-4005-8005-000000000005/resourceGroups/rg-dev-035/providers/microsoft.sql/servers/databases/azure-sql-database-016,azure-sql-database-016,microsoft.sql/servers/databases,rg-dev-035,brazilsouth,Downsize,Downsize resource,Rightsize based on sustained utilization,,,LOW,LOW,UNPRICED,FULL,COMPLETE,,payments,risk,dev,CC1001,16038.5,Standard_D2s_v5,2,8.0,,Moderate,False,72,Mock_1vCPU_4GB,1,4.0,78.0,2068.97,0.0,Medium,RESOLVED
2026-09-10,run-20260910-official-001,FIS-CORP,SUB-CORP-05,/subscriptions/00000005-0005-4005-8005-000000000005/resourceGroups/rg-dev-035/providers/microsoft.sql/servers/databases/azure-sql-database-016,azure-sql-database-016,microsoft.sql/servers/databases,rg-dev-035,brazilsouth,Downsize,Downsize resource,Rightsize based on sustained utilization,,,LOW,LOW,UNPRICED,FULL,COMPLETE,,payments,risk,dev,CC1001,16038.5,Standard_D2s_v5,2,8.0,,Aggressive,False,80,Mock_1vCPU_2GB,1,2.0,81.7,2598.24,0.0,High,RESOLVED
2026-09-10,run-20260910-official-001,FIS-CORP,SUB-CORP-07,/subscriptions/00000007-0007-4007-8007-000000000007/resourceGroups/rg-prod-037/providers/microsoft.sql/servers/databases/azure-sql-database-017,azure-sql-database-017,microsoft.sql/servers/databases,rg-prod-037,eastus2,Downsize,Downsize resource,Rightsize based on sustained utilization,,,HIGH,MEDIUM,PRICED,FULL,PARTIAL,"Metric1,Metric2,Metric3,Metric4",cloud-platform,analytics,prod,CC1003,15824.84,P1v3,2,8.0,,Conservative,True,65,Mock_1vCPU_4GB,1,4.0,74.1,3231.65,3231.65,Low,RESOLVED
2026-09-10,run-20260910-official-001,FIS-CORP,SUB-CORP-07,/subscriptions/00000007-0007-4007-8007-000000000007/resourceGroups/rg-prod-037/providers/microsoft.sql/servers/databases/azure-sql-database-017,azure-sql-database-017,microsoft.sql/servers/databases,rg-prod-037,eastus2,Downsize,Downsize resource,Rightsize based on sustained utilization,,,HIGH,MEDIUM,PRICED,FULL,PARTIAL,"Metric1,Metric2,Metric3,Metric4",cloud-platform,analytics,prod,CC1003,15824.84,P1v3,2,8.0,,Moderate,False,72,Mock_1vCPU_4GB,1,4.0,71.0,3970.31,0.0,Medium,RESOLVED
2026-09-10,run-20260910-official-001,FIS-CORP,SUB-CORP-07,/subscriptions/00000007-0007-4007-8007-000000000007/resourceGroups/rg-prod-037/providers/microsoft.sql/servers/databases/azure-sql-database-017,azure-sql-database-017,microsoft.sql/servers/databases,rg-prod-037,eastus2,Downsize,Downsize resource,Rightsize based on sustained utilization,,,HIGH,MEDIUM,PRICED,FULL,PARTIAL,"Metric1,Metric2,Metric3,Metric4",cloud-platform,analytics,prod,CC1003,15824.84,P1v3,2,8.0,,Aggressive,False,80,Mock_1vCPU_2GB,1,2.0,78.8,4985.97,0.0,High,RESOLVED
2026-09-10,run-20260910-official-001,FIS-INTERNATIONAL,SUB-INTERNATIONAL-09,/subscriptions/00000029-0029-4029-8029-000000000029/resourceGroups/rg-prod-029/providers/microsoft.sql/servers/databases/azure-sql-database-019,azure-sql-database-019,microsoft.sql/servers/databases,rg-prod-029,brazilsouth,Optimize-Tier,Optimize service tier,Move to a lower-cost tier aligned with observed demand,,,LOW,LOW,HEURISTIC,FULL,PARTIAL,"Metric1,Metric2,Metric3",security,identity,prod,CC1007,214.88,P1v3,2,8.0,,Conservative,True,65,Mock_1vCPU_4GB,1,4.0,59.7,33.45,33.45,Low,RESOLVED
2026-09-10,run-20260910-official-001,FIS-INTERNATIONAL,SUB-INTERNATIONAL-09,/subscriptions/00000029-0029-4029-8029-000000000029/resourceGroups/rg-prod-029/providers/microsoft.sql/servers/databases/azure-sql-database-019,azure-sql-database-019,microsoft.sql/servers/databases,rg-prod-029,brazilsouth,Optimize-Tier,Optimize service tier,Move to a lower-cost tier aligned with observed demand,,,LOW,LOW,HEURISTIC,FULL,PARTIAL,"Metric1,Metric2,Metric3",security,identity,prod,CC1007,214.88,P1v3,2,8.0,,Moderate,False,72,Mock_1vCPU_4GB,1,4.0,67.4,41.09,0.0,Medium,RESOLVED
2026-09-10,run-20260910-official-001,FIS-INTERNATIONAL,SUB-INTERNATIONAL-09,/subscriptions/00000029-0029-4029-8029-000000000029/resourceGroups/rg-prod-029/providers/microsoft.sql/servers/databases/azure-sql-database-019,azure-sql-database-019,microsoft.sql/servers/databases,rg-prod-029,brazilsouth,Optimize-Tier,Optimize service tier,Move to a lower-cost tier aligned with observed demand,,,LOW,LOW,HEURISTIC,FULL,PARTIAL,"Metric1,Metric2,Metric3",security,identity,prod,CC1007,214.88,P1v3,2,8.0,,Aggressive,False,80,Mock_1vCPU_2GB,1,2.0,74.8,51.6,0.0,High,RESOLVED
2026-09-10,run-20260910-official-001,FIS-DIGITAL,SUB-DIGITAL-01,/subscriptions/00000011-0011-4011-8011-000000000011/resourceGroups/rg-dev-011/providers/microsoft.sql/servers/databases/azure-sql-database-020,azure-sql-database-020,microsoft.sql/servers/databases,rg-dev-011,northeurope,Review-Utilization,Review utilization,Resource shows optimization opportunity based on current utilization,,,HIGH,LOW,PRICED,FULL,PARTIAL,"Metric1,Metric2,Metric3,Metric4",data-ai,payments,dev,CC1002,11699.79,Standard_D8s_v5,8,32.0,,Conservative,True,65,Mock_4vCPU_16GB,4,16.0,60.2,2322.95,2322.95,Low,RESOLVED
2026-09-10,run-20260910-official-001,FIS-DIGITAL,SUB-DIGITAL-01,/subscriptions/00000011-0011-4011-8011-000000000011/resourceGroups/rg-dev-011/providers/microsoft.sql/servers/databases/azure-sql-database-020,azure-sql-database-020,microsoft.sql/servers/databases,rg-dev-011,northeurope,Review-Utilization,Review utilization,Resource shows optimization opportunity based on current utilization,,,HIGH,LOW,PRICED,FULL,PARTIAL,"Metric1,Metric2,Metric3,Metric4",data-ai,payments,dev,CC1002,11699.79,Standard_D8s_v5,8,32.0,,Moderate,False,72,Mock_4vCPU_16GB,4,16.0,73.4,2853.91,0.0,Medium,RESOLVED
2026-09-10,run-20260910-official-001,FIS-DIGITAL,SUB-DIGITAL-01,/subscriptions/00000011-0011-4011-8011-000000000011/resourceGroups/rg-dev-011/providers/microsoft.sql/servers/databases/azure-sql-database-020,azure-sql-database-020,microsoft.sql/servers/databases,rg-dev-011,northeurope,Review-Utilization,Review utilization,Resource shows optimization opportunity based on current utilization,,,HIGH,LOW,PRICED,FULL,PARTIAL,"Metric1,Metric2,Metric3,Metric4",data-ai,payments,dev,CC1002,11699.79,Standard_D8s_v5,8,32.0,,Aggressive,False,80,Mock_2vCPU_8GB,2,8.0,74.7,3583.98,0.0,High,RESOLVED
2026-09-10,run-20260910-official-001,FIS-CORP,SUB-CORP-01,/subscriptions/00000001-0001-4001-8001-000000000001/resourceGroups/rg-dev-031/providers/microsoft.sql/servers/databases/azure-sql-database-022,azure-sql-database-022,microsoft.sql/servers/databases,rg-dev-031,westus2,Review-Utilization,Review utilization,Resource shows optimization opportunity based on current utilization,,,LOW,HIGH,HEURISTIC,FULL,PARTIAL,Metric1,integration,analytics,dev,CC1005,1488.13,Standard_D8s_v5,8,32.0,,Conservative,True,65,Mock_4vCPU_16GB,4,16.0,59.4,351.62,351.62,Low,RESOLVED
2026-09-10,run-20260910-official-001,FIS-CORP,SUB-CORP-01,/subscriptions/00000001-0001-4001-8001-000000000001/resourceGroups/rg-dev-031/providers/microsoft.sql/servers/databases/azure-sql-database-022,azure-sql-database-022,microsoft.sql/servers/databases,rg-dev-031,westus2,Review-Utilization,Review utilization,Resource shows optimization opportunity based on current utilization,,,LOW,HIGH,HEURISTIC,FULL,PARTIAL,Metric1,integration,analytics,dev,CC1005,1488.13,Standard_D8s_v5,8,32.0,,Moderate,False,72,Mock_4vCPU_16GB,4,16.0,68.3,431.99,0.0,Medium,RESOLVED
2026-09-10,run-20260910-official-001,FIS-CORP,SUB-CORP-01,/subscriptions/00000001-0001-4001-8001-000000000001/resourceGroups/rg-dev-031/providers/microsoft.sql/servers/databases/azure-sql-database-022,azure-sql-database-022,microsoft.sql/servers/databases,rg-dev-031,westus2,Review-Utilization,Review utilization,Resource shows optimization opportunity based on current utilization,,,LOW,HIGH,HEURISTIC,FULL,PARTIAL,Metric1,integration,analytics,dev,CC1005,1488.13,Standard_D8s_v5,8,32.0,,Aggressive,False,80,Mock_2vCPU_8GB,2,8.0,91.2,542.49,0.0,High,RESOLVED
2026-09-10,run-20260910-official-001,FIS-DIGITAL,SUB-DIGITAL-01,/subscriptions/00000011-0011-4011-8011-000000000011/resourceGroups/rg-dev-011/providers/microsoft.sql/servers/databases/azure-sql-database-023,azure-sql-database-023,microsoft.sql/servers/databases,rg-dev-011,northeurope,Downsize,Downsize resource,Rightsize based on sustained utilization,,,MEDIUM,MEDIUM,PRICED,FULL,PARTIAL,Metric1,integration,ledger,dev,CC1002,6628.93,GP_Gen5_4,4,20.0,,Conservative,True,65,Mock_2vCPU_10GB,2,10.0,71.4,732.49,732.49,Low,RESOLVED
2026-09-10,run-20260910-official-001,FIS-DIGITAL,SUB-DIGITAL-01,/subscriptions/00000011-0011-4011-8011-000000000011/resourceGroups/rg-dev-011/providers/microsoft.sql/servers/databases/azure-sql-database-023,azure-sql-database-023,microsoft.sql/servers/databases,rg-dev-011,northeurope,Downsize,Downsize resource,Rightsize based on sustained utilization,,,MEDIUM,MEDIUM,PRICED,FULL,PARTIAL,Metric1,integration,ledger,dev,CC1002,6628.93,GP_Gen5_4,4,20.0,,Moderate,False,72,Mock_2vCPU_10GB,2,10.0,79.4,899.91,0.0,Medium,RESOLVED
2026-09-10,run-20260910-official-001,FIS-DIGITAL,SUB-DIGITAL-01,/subscriptions/00000011-0011-4011-8011-000000000011/resourceGroups/rg-dev-011/providers/microsoft.sql/servers/databases/azure-sql-database-023,azure-sql-database-023,microsoft.sql/servers/databases,rg-dev-011,northeurope,Downsize,Downsize resource,Rightsize based on sustained utilization,,,MEDIUM,MEDIUM,PRICED,FULL,PARTIAL,Metric1,integration,ledger,dev,CC1002,6628.93,GP_Gen5_4,4,20.0,,Aggressive,False,80,Mock_1vCPU_5GB,1,5.0,78.8,1130.12,0.0,High,RESOLVED
2026-09-10,run-20260910-official-001,FIS-DIGITAL,SUB-DIGITAL-09,/subscriptions/00000019-0019-4019-8019-000000000019/resourceGroups/rg-prod-049/providers/microsoft.sql/servers/databases/azure-sql-database-025,azure-sql-database-025,microsoft.sql/servers/databases,rg-prod-049,brazilsouth,Optimize-Tier,Optimize service tier,Move to a lower-cost tier aligned with observed demand,,,HIGH,LOW,PRICED,FULL,COMPLETE,,digital-channels,customer360,prod,CC1007,14378.26,GP_Gen5_4,4,20.0,,Conservative,True,65,Mock_2vCPU_10GB,2,10.0,65.4,4495.56,4495.56,Low,RESOLVED
2026-09-10,run-20260910-official-001,FIS-DIGITAL,SUB-DIGITAL-09,/subscriptions/00000019-0019-4019-8019-000000000019/resourceGroups/rg-prod-049/providers/microsoft.sql/servers/databases/azure-sql-database-025,azure-sql-database-025,microsoft.sql/servers/databases,rg-prod-049,brazilsouth,Optimize-Tier,Optimize service tier,Move to a lower-cost tier aligned with observed demand,,,HIGH,LOW,PRICED,FULL,COMPLETE,,digital-channels,customer360,prod,CC1007,14378.26,GP_Gen5_4,4,20.0,,Moderate,False,72,Mock_2vCPU_10GB,2,10.0,72.9,5523.12,0.0,Medium,RESOLVED
2026-09-10,run-20260910-official-001,FIS-DIGITAL,SUB-DIGITAL-09,/subscriptions/00000019-0019-4019-8019-000000000019/resourceGroups/rg-prod-049/providers/microsoft.sql/servers/databases/azure-sql-database-025,azure-sql-database-025,microsoft.sql/servers/databases,rg-prod-049,brazilsouth,Optimize-Tier,Optimize service tier,Move to a lower-cost tier aligned with observed demand,,,HIGH,LOW,PRICED,FULL,COMPLETE,,digital-channels,customer360,prod,CC1007,14378.26,GP_Gen5_4,4,20.0,,Aggressive,False,80,Mock_1vCPU_5GB,1,5.0,78.4,6936.01,0.0,High,RESOLVED
2026-09-10,run-20260910-official-001,FIS-INTERNATIONAL,SUB-INTERNATIONAL-02,/subscriptions/00000022-0022-4022-8022-000000000022/resourceGroups/rg-nonprod-022/providers/microsoft.documentdb/databaseaccounts/cosmos-db-002,cosmos-db-002,microsoft.documentdb/databaseaccounts,rg-nonprod-022,westus2,Review-Utilization,Review utilization,Resource shows optimization opportunity based on current utilization,,,HIGH,MEDIUM,HEURISTIC,FULL,PARTIAL,"Metric1,Metric2,Metric3",security,reporting,nonprod,CC1003,11979.13,GP_Gen5_8,8,40.0,,Conservative,True,65,Mock_4vCPU_20GB,4,20.0,65.3,2175.77,2175.77,Low,RESOLVED
2026-09-10,run-20260910-official-001,FIS-INTERNATIONAL,SUB-INTERNATIONAL-02,/subscriptions/00000022-0022-4022-8022-000000000022/resourceGroups/rg-nonprod-022/providers/microsoft.documentdb/databaseaccounts/cosmos-db-002,cosmos-db-002,microsoft.documentdb/databaseaccounts,rg-nonprod-022,westus2,Review-Utilization,Review utilization,Resource shows optimization opportunity based on current utilization,,,HIGH,MEDIUM,HEURISTIC,FULL,PARTIAL,"Metric1,Metric2,Metric3",security,reporting,nonprod,CC1003,11979.13,GP_Gen5_8,8,40.0,,Moderate,False,72,Mock_4vCPU_20GB,4,20.0,70.9,2673.09,0.0,Medium,RESOLVED
2026-09-10,run-20260910-official-001,FIS-INTERNATIONAL,SUB-INTERNATIONAL-02,/subscriptions/00000022-0022-4022-8022-000000000022/resourceGroups/rg-nonprod-022/providers/microsoft.documentdb/databaseaccounts/cosmos-db-002,cosmos-db-002,microsoft.documentdb/databaseaccounts,rg-nonprod-022,westus2,Review-Utilization,Review utilization,Resource shows optimization opportunity based on current utilization,,,HIGH,MEDIUM,HEURISTIC,FULL,PARTIAL,"Metric1,Metric2,Metric3",security,reporting,nonprod,CC1003,11979.13,GP_Gen5_8,8,40.0,,Aggressive,False,80,Mock_2vCPU_10GB,2,10.0,75.3,3356.9,0.0,High,RESOLVED
2026-09-10,run-20260910-official-001,FIS-CORP,SUB-CORP-02,/subscriptions/00000002-0002-4002-8002-000000000002/resourceGroups/rg-qa-032/providers/microsoft.documentdb/databaseaccounts/cosmos-db-004,cosmos-db-004,microsoft.documentdb/databaseaccounts,rg-qa-032,northeurope,Optimize-Tier,Optimize service tier,Move to a lower-cost tier aligned with observed demand,,,LOW,MEDIUM,HEURISTIC,FULL,COMPLETE,,integration,analytics,qa,CC1004,3219.01,GP_Gen5_4,4,20.0,,Conservative,True,65,Mock_2vCPU_10GB,2,10.0,71.2,472.16,472.16,Low,RESOLVED
2026-09-10,run-20260910-official-001,FIS-CORP,SUB-CORP-02,/subscriptions/00000002-0002-4002-8002-000000000002/resourceGroups/rg-qa-032/providers/microsoft.documentdb/databaseaccounts/cosmos-db-004,cosmos-db-004,microsoft.documentdb/databaseaccounts,rg-qa-032,northeurope,Optimize-Tier,Optimize service tier,Move to a lower-cost tier aligned with observed demand,,,LOW,MEDIUM,HEURISTIC,FULL,COMPLETE,,integration,analytics,qa,CC1004,3219.01,GP_Gen5_4,4,20.0,,Moderate,False,72,Mock_2vCPU_10GB,2,10.0,75.0,580.09,0.0,Medium,RESOLVED
2026-09-10,run-20260910-official-001,FIS-CORP,SUB-CORP-02,/subscriptions/00000002-0002-4002-8002-000000000002/resourceGroups/rg-qa-032/providers/microsoft.documentdb/databaseaccounts/cosmos-db-004,cosmos-db-004,microsoft.documentdb/databaseaccounts,rg-qa-032,northeurope,Optimize-Tier,Optimize service tier,Move to a lower-cost tier aligned with observed demand,,,LOW,MEDIUM,HEURISTIC,FULL,COMPLETE,,integration,analytics,qa,CC1004,3219.01,GP_Gen5_4,4,20.0,,Aggressive,False,80,Mock_1vCPU_5GB,1,5.0,81.4,728.48,0.0,High,RESOLVED
2026-09-10,run-20260910-official-001,FIS-DIGITAL,SUB-DIGITAL-06,/subscriptions/00000016-0016-4016-8016-000000000016/resourceGroups/rg-qa-016/providers/microsoft.documentdb/databaseaccounts/cosmos-db-006,cosmos-db-006,microsoft.documentdb/databaseaccounts,rg-qa-016,eastus2,Optimize-Tier,Optimize service tier,Move to a lower-cost tier aligned with observed demand,,,HIGH,LOW,HEURISTIC,FULL,COMPLETE,,security,ledger,qa,CC1009,9578.02,Standard_D4s_v5,4,16.0,,Conservative,True,65,Mock_2vCPU_8GB,2,8.0,67.7,2488.91,2488.91,Low,RESOLVED
2026-09-10,run-20260910-official-001,FIS-DIGITAL,SUB-DIGITAL-06,/subscriptions/00000016-0016-4016-8016-000000000016/resourceGroups/rg-qa-016/providers/microsoft.documentdb/databaseaccounts/cosmos-db-006,cosmos-db-006,microsoft.documentdb/databaseaccounts,rg-qa-016,eastus2,Optimize-Tier,Optimize service tier,Move to a lower-cost tier aligned with observed demand,,,HIGH,LOW,HEURISTIC,FULL,COMPLETE,,security,ledger,qa,CC1009,9578.02,Standard_D4s_v5,4,16.0,,Moderate,False,72,Mock_2vCPU_8GB,2,8.0,71.5,3057.8,0.0,Medium,RESOLVED
2026-09-10,run-20260910-official-001,FIS-DIGITAL,SUB-DIGITAL-06,/subscriptions/00000016-0016-4016-8016-000000000016/resourceGroups/rg-qa-016/providers/microsoft.documentdb/databaseaccounts/cosmos-db-006,cosmos-db-006,microsoft.documentdb/databaseaccounts,rg-qa-016,eastus2,Optimize-Tier,Optimize service tier,Move to a lower-cost tier aligned with observed demand,,,HIGH,LOW,HEURISTIC,FULL,COMPLETE,,security,ledger,qa,CC1009,9578.02,Standard_D4s_v5,4,16.0,,Aggressive,False,80,Mock_1vCPU_4GB,1,4.0,87.3,3840.03,0.0,High,RESOLVED
2026-09-10,run-20260910-official-001,FIS-CORP,SUB-CORP-04,/subscriptions/00000004-0004-4004-8004-000000000004/resourceGroups/rg-qa-004/providers/microsoft.documentdb/databaseaccounts/cosmos-db-007,cosmos-db-007,microsoft.documentdb/databaseaccounts,rg-qa-004,eastus,Downsize,Downsize resource,Rightsize based on sustained utilization,,,MEDIUM,HIGH,PRICED,FULL,PARTIAL,"Metric1,Metric2,Metric3",digital-channels,api-hub,qa,CC1007,9248.33,Standard_D8s_v5,8,32.0,,Conservative,True,65,Mock_4vCPU_16GB,4,16.0,69.2,1058.64,1058.64,Low,RESOLVED
2026-09-10,run-20260910-official-001,FIS-CORP,SUB-CORP-04,/subscriptions/00000004-0004-4004-8004-000000000004/resourceGroups/rg-qa-004/providers/microsoft.documentdb/databaseaccounts/cosmos-db-007,cosmos-db-007,microsoft.documentdb/databaseaccounts,rg-qa-004,eastus,Downsize,Downsize resource,Rightsize based on sustained utilization,,,MEDIUM,HIGH,PRICED,FULL,PARTIAL,"Metric1,Metric2,Metric3",digital-channels,api-hub,qa,CC1007,9248.33,Standard_D8s_v5,8,32.0,,Moderate,False,72,Mock_4vCPU_16GB,4,16.0,71.1,1300.62,0.0,Medium,RESOLVED
2026-09-10,run-20260910-official-001,FIS-CORP,SUB-CORP-04,/subscriptions/00000004-0004-4004-8004-000000000004/resourceGroups/rg-qa-004/providers/microsoft.documentdb/databaseaccounts/cosmos-db-007,cosmos-db-007,microsoft.documentdb/databaseaccounts,rg-qa-004,eastus,Downsize,Downsize resource,Rightsize based on sustained utilization,,,MEDIUM,HIGH,PRICED,FULL,PARTIAL,"Metric1,Metric2,Metric3",digital-channels,api-hub,qa,CC1007,9248.33,Standard_D8s_v5,8,32.0,,Aggressive,False,80,Mock_2vCPU_8GB,2,8.0,84.5,1633.34,0.0,High,RESOLVED
2026-09-10,run-20260910-official-001,FIS-DIGITAL,SUB-DIGITAL-09,/subscriptions/00000019-0019-4019-8019-000000000019/resourceGroups/rg-prod-049/providers/microsoft.documentdb/databaseaccounts/cosmos-db-008,cosmos-db-008,microsoft.documentdb/databaseaccounts,rg-prod-049,eastus2,Downsize,Downsize resource,Rightsize based on sustained utilization,,,MEDIUM,MEDIUM,PRICED,FULL,PARTIAL,"Metric1,Metric2",data-ai,payments,prod,CC1006,14443.01,Standard_D8s_v5,8,32.0,,Conservative,True,65,Mock_4vCPU_16GB,4,16.0,64.8,1543.61,1543.61,Low,RESOLVED
2026-09-10,run-20260910-official-001,FIS-DIGITAL,SUB-DIGITAL-09,/subscriptions/00000019-0019-4019-8019-000000000019/resourceGroups/rg-prod-049/providers/microsoft.documentdb/databaseaccounts/cosmos-db-008,cosmos-db-008,microsoft.documentdb/databaseaccounts,rg-prod-049,eastus2,Downsize,Downsize resource,Rightsize based on sustained utilization,,,MEDIUM,MEDIUM,PRICED,FULL,PARTIAL,"Metric1,Metric2",data-ai,payments,prod,CC1006,14443.01,Standard_D8s_v5,8,32.0,,Moderate,False,72,Mock_4vCPU_16GB,4,16.0,73.5,1896.44,0.0,Medium,RESOLVED
2026-09-10,run-20260910-official-001,FIS-DIGITAL,SUB-DIGITAL-09,/subscriptions/00000019-0019-4019-8019-000000000019/resourceGroups/rg-prod-049/providers/microsoft.documentdb/databaseaccounts/cosmos-db-008,cosmos-db-008,microsoft.documentdb/databaseaccounts,rg-prod-049,eastus2,Downsize,Downsize resource,Rightsize based on sustained utilization,,,MEDIUM,MEDIUM,PRICED,FULL,PARTIAL,"Metric1,Metric2",data-ai,payments,prod,CC1006,14443.01,Standard_D8s_v5,8,32.0,,Aggressive,False,80,Mock_2vCPU_8GB,2,8.0,85.6,2381.57,0.0,High,RESOLVED
2026-09-10,run-20260910-official-001,FIS-INTERNATIONAL,SUB-INTERNATIONAL-07,/subscriptions/00000027-0027-4027-8027-000000000027/resourceGroups/rg-dev-027/providers/microsoft.documentdb/databaseaccounts/cosmos-db-010,cosmos-db-010,microsoft.documentdb/databaseaccounts,rg-dev-027,eastus2,Review-Utilization,Review utilization,Resource shows optimization opportunity based on current utilization,,,MEDIUM,MEDIUM,PRICED,FULL,PARTIAL,Metric1,integration,risk,dev,CC1010,3282.01,Standard_D2s_v5,2,8.0,,Conservative,True,65,Mock_1vCPU_4GB,1,4.0,75.7,1048.89,1048.89,Low,RESOLVED
2026-09-10,run-20260910-official-001,FIS-INTERNATIONAL,SUB-INTERNATIONAL-07,/subscriptions/00000027-0027-4027-8027-000000000027/resourceGroups/rg-dev-027/providers/microsoft.documentdb/databaseaccounts/cosmos-db-010,cosmos-db-010,microsoft.documentdb/databaseaccounts,rg-dev-027,eastus2,Review-Utilization,Review utilization,Resource shows optimization opportunity based on current utilization,,,MEDIUM,MEDIUM,PRICED,FULL,PARTIAL,Metric1,integration,risk,dev,CC1010,3282.01,Standard_D2s_v5,2,8.0,,Moderate,False,72,Mock_1vCPU_4GB,1,4.0,72.1,1288.63,0.0,Medium,RESOLVED
2026-09-10,run-20260910-official-001,FIS-INTERNATIONAL,SUB-INTERNATIONAL-07,/subscriptions/00000027-0027-4027-8027-000000000027/resourceGroups/rg-dev-027/providers/microsoft.documentdb/databaseaccounts/cosmos-db-010,cosmos-db-010,microsoft.documentdb/databaseaccounts,rg-dev-027,eastus2,Review-Utilization,Review utilization,Resource shows optimization opportunity based on current utilization,,,MEDIUM,MEDIUM,PRICED,FULL,PARTIAL,Metric1,integration,risk,dev,CC1010,3282.01,Standard_D2s_v5,2,8.0,,Aggressive,False,80,Mock_1vCPU_2GB,1,2.0,85.3,1618.28,0.0,High,RESOLVED
2026-09-10,run-20260910-official-001,FIS-CORP,SUB-CORP-10,/subscriptions/00000010-0010-4010-8010-000000000010/resourceGroups/rg-qa-040/providers/microsoft.documentdb/databaseaccounts/cosmos-db-011,cosmos-db-011,microsoft.documentdb/databaseaccounts,rg-qa-040,brazilsouth,Optimize-Tier,Optimize service tier,Move to a lower-cost tier aligned with observed demand,,,MEDIUM,MEDIUM,PRICED,FULL,COMPLETE,,payments,analytics,qa,CC1010,7093.25,S3,4,7.0,,Conservative,True,65,Mock_2vCPU_3GB,2,3.5,61.4,1902.9,1902.9,Low,RESOLVED
2026-09-10,run-20260910-official-001,FIS-CORP,SUB-CORP-10,/subscriptions/00000010-0010-4010-8010-000000000010/resourceGroups/rg-qa-040/providers/microsoft.documentdb/databaseaccounts/cosmos-db-011,cosmos-db-011,microsoft.documentdb/databaseaccounts,rg-qa-040,brazilsouth,Optimize-Tier,Optimize service tier,Move to a lower-cost tier aligned with observed demand,,,MEDIUM,MEDIUM,PRICED,FULL,COMPLETE,,payments,analytics,qa,CC1010,7093.25,S3,4,7.0,,Moderate,False,72,Mock_2vCPU_3GB,2,3.5,67.1,2337.85,0.0,Medium,RESOLVED
2026-09-10,run-20260910-official-001,FIS-CORP,SUB-CORP-10,/subscriptions/00000010-0010-4010-8010-000000000010/resourceGroups/rg-qa-040/providers/microsoft.documentdb/databaseaccounts/cosmos-db-011,cosmos-db-011,microsoft.documentdb/databaseaccounts,rg-qa-040,brazilsouth,Optimize-Tier,Optimize service tier,Move to a lower-cost tier aligned with observed demand,,,MEDIUM,MEDIUM,PRICED,FULL,COMPLETE,,payments,analytics,qa,CC1010,7093.25,S3,4,7.0,,Aggressive,False,80,Mock_1vCPU_1GB,1,1.8,88.0,2935.9,0.0,High,RESOLVED
2026-09-10,run-20260910-official-001,FIS-DIGITAL,SUB-DIGITAL-06,/subscriptions/00000016-0016-4016-8016-000000000016/resourceGroups/rg-nonprod-046/providers/microsoft.documentdb/databaseaccounts/cosmos-db-012,cosmos-db-012,microsoft.documentdb/databaseaccounts,rg-nonprod-046,eastus,Optimize-Tier,Optimize service tier,Move to a lower-cost tier aligned with observed demand,,,MEDIUM,LOW,PRICED,FULL,PARTIAL,Metric1,integration,reporting,nonprod,CC1005,4332.7,GP_Gen5_8,8,40.0,,Conservative,True,65,Mock_4vCPU_20GB,4,20.0,73.2,576.46,576.46,Low,RESOLVED
2026-09-10,run-20260910-official-001,FIS-DIGITAL,SUB-DIGITAL-06,/subscriptions/00000016-0016-4016-8016-000000000016/resourceGroups/rg-nonprod-046/providers/microsoft.documentdb/databaseaccounts/cosmos-db-012,cosmos-db-012,microsoft.documentdb/databaseaccounts,rg-nonprod-046,eastus,Optimize-Tier,Optimize service tier,Move to a lower-cost tier aligned with observed demand,,,MEDIUM,LOW,PRICED,FULL,PARTIAL,Metric1,integration,reporting,nonprod,CC1005,4332.7,GP_Gen5_8,8,40.0,,Moderate,False,72,Mock_4vCPU_20GB,4,20.0,69.9,708.22,0.0,Medium,RESOLVED
2026-09-10,run-20260910-official-001,FIS-DIGITAL,SUB-DIGITAL-06,/subscriptions/00000016-0016-4016-8016-000000000016/resourceGroups/rg-nonprod-046/providers/microsoft.documentdb/databaseaccounts/cosmos-db-012,cosmos-db-012,microsoft.documentdb/databaseaccounts,rg-nonprod-046,eastus,Optimize-Tier,Optimize service tier,Move to a lower-cost tier aligned with observed demand,,,MEDIUM,LOW,PRICED,FULL,PARTIAL,Metric1,integration,reporting,nonprod,CC1005,4332.7,GP_Gen5_8,8,40.0,,Aggressive,False,80,Mock_2vCPU_10GB,2,10.0,73.6,889.39,0.0,High,RESOLVED
2026-09-10,run-20260910-official-001,FIS-CORP,SUB-CORP-04,/subscriptions/00000004-0004-4004-8004-000000000004/resourceGroups/rg-qa-004/providers/microsoft.documentdb/databaseaccounts/cosmos-db-014,cosmos-db-014,microsoft.documentdb/databaseaccounts,rg-qa-004,westus2,Optimize-Tier,Optimize service tier,Move to a lower-cost tier aligned with observed demand,,,HIGH,HIGH,PRICED,FULL,PARTIAL,Metric1,integration,ledger,qa,CC1009,10191.29,P1v3,2,8.0,,Conservative,True,65,Mock_1vCPU_4GB,1,4.0,64.5,3064.35,3064.35,Low,RESOLVED
2026-09-10,run-20260910-official-001,FIS-CORP,SUB-CORP-04,/subscriptions/00000004-0004-4004-8004-000000000004/resourceGroups/rg-qa-004/providers/microsoft.documentdb/databaseaccounts/cosmos-db-014,cosmos-db-014,microsoft.documentdb/databaseaccounts,rg-qa-004,westus2,Optimize-Tier,Optimize service tier,Move to a lower-cost tier aligned with observed demand,,,HIGH,HIGH,PRICED,FULL,PARTIAL,Metric1,integration,ledger,qa,CC1009,10191.29,P1v3,2,8.0,,Moderate,False,72,Mock_1vCPU_4GB,1,4.0,73.8,3764.78,0.0,Medium,RESOLVED
2026-09-10,run-20260910-official-001,FIS-CORP,SUB-CORP-04,/subscriptions/00000004-0004-4004-8004-000000000004/resourceGroups/rg-qa-004/providers/microsoft.documentdb/databaseaccounts/cosmos-db-014,cosmos-db-014,microsoft.documentdb/databaseaccounts,rg-qa-004,westus2,Optimize-Tier,Optimize service tier,Move to a lower-cost tier aligned with observed demand,,,HIGH,HIGH,PRICED,FULL,PARTIAL,Metric1,integration,ledger,qa,CC1009,10191.29,P1v3,2,8.0,,Aggressive,False,80,Mock_1vCPU_2GB,1,2.0,83.6,4727.86,0.0,High,RESOLVED
2026-09-10,run-20260910-official-001,FIS-CORP,SUB-CORP-07,/subscriptions/00000007-0007-4007-8007-000000000007/resourceGroups/rg-dev-007/providers/microsoft.documentdb/databaseaccounts/cosmos-db-015,cosmos-db-015,microsoft.documentdb/databaseaccounts,rg-dev-007,centralus,Review-Utilization,Review utilization,Resource shows optimization opportunity based on current utilization,,,HIGH,HIGH,PRICED,FULL,COMPLETE,,core-banking,risk,dev,CC1010,11176.61,GP_Gen5_4,4,20.0,,Conservative,True,65,Mock_2vCPU_10GB,2,10.0,67.0,2209.96,2209.96,Low,RESOLVED
2026-09-10,run-20260910-official-001,FIS-CORP,SUB-CORP-07,/subscriptions/00000007-0007-4007-8007-000000000007/resourceGroups/rg-dev-007/providers/microsoft.documentdb/databaseaccounts/cosmos-db-015,cosmos-db-015,microsoft.documentdb/databaseaccounts,rg-dev-007,centralus,Review-Utilization,Review utilization,Resource shows optimization opportunity based on current utilization,,,HIGH,HIGH,PRICED,FULL,COMPLETE,,core-banking,risk,dev,CC1010,11176.61,GP_Gen5_4,4,20.0,,Moderate,False,72,Mock_2vCPU_10GB,2,10.0,70.0,2715.1,0.0,Medium,RESOLVED
2026-09-10,run-20260910-official-001,FIS-CORP,SUB-CORP-07,/subscriptions/00000007-0007-4007-8007-000000000007/resourceGroups/rg-dev-007/providers/microsoft.documentdb/databaseaccounts/cosmos-db-015,cosmos-db-015,microsoft.documentdb/databaseaccounts,rg-dev-007,centralus,Review-Utilization,Review utilization,Resource shows optimization opportunity based on current utilization,,,HIGH,HIGH,PRICED,FULL,COMPLETE,,core-banking,risk,dev,CC1010,11176.61,GP_Gen5_4,4,20.0,,Aggressive,False,80,Mock_1vCPU_5GB,1,5.0,78.0,3409.66,0.0,High,RESOLVED
2026-09-10,run-20260910-official-001,FIS-INTERNATIONAL,SUB-INTERNATIONAL-07,/subscriptions/00000027-0027-4027-8027-000000000027/resourceGroups/rg-dev-027/providers/microsoft.documentdb/databaseaccounts/cosmos-db-016,cosmos-db-016,microsoft.documentdb/databaseaccounts,rg-dev-027,westeurope,Review-Utilization,Review utilization,Resource shows optimization opportunity based on current utilization,,,HIGH,MEDIUM,HEURISTIC,FULL,PARTIAL,Metric1,data-ai,ledger,dev,CC1010,16248.82,Standard_D4s_v5,4,16.0,,Conservative,True,65,Mock_2vCPU_8GB,2,8.0,74.5,2742.33,2742.33,Low,RESOLVED
2026-09-10,run-20260910-official-001,FIS-INTERNATIONAL,SUB-INTERNATIONAL-07,/subscriptions/00000027-0027-4027-8027-000000000027/resourceGroups/rg-dev-027/providers/microsoft.documentdb/databaseaccounts/cosmos-db-016,cosmos-db-016,microsoft.documentdb/databaseaccounts,rg-dev-027,westeurope,Review-Utilization,Review utilization,Resource shows optimization opportunity based on current utilization,,,HIGH,MEDIUM,HEURISTIC,FULL,PARTIAL,Metric1,data-ai,ledger,dev,CC1010,16248.82,Standard_D4s_v5,4,16.0,,Moderate,False,72,Mock_2vCPU_8GB,2,8.0,65.8,3369.14,0.0,Medium,RESOLVED
2026-09-10,run-20260910-official-001,FIS-INTERNATIONAL,SUB-INTERNATIONAL-07,/subscriptions/00000027-0027-4027-8027-000000000027/resourceGroups/rg-dev-027/providers/microsoft.documentdb/databaseaccounts/cosmos-db-016,cosmos-db-016,microsoft.documentdb/databaseaccounts,rg-dev-027,westeurope,Review-Utilization,Review utilization,Resource shows optimization opportunity based on current utilization,,,HIGH,MEDIUM,HEURISTIC,FULL,PARTIAL,Metric1,data-ai,ledger,dev,CC1010,16248.82,Standard_D4s_v5,4,16.0,,Aggressive,False,80,Mock_1vCPU_4GB,1,4.0,81.8,4231.02,0.0,High,RESOLVED
2026-09-10,run-20260910-official-001,FIS-INTERNATIONAL,SUB-INTERNATIONAL-09,/subscriptions/00000029-0029-4029-8029-000000000029/resourceGroups/rg-prod-029/providers/microsoft.documentdb/databaseaccounts/cosmos-db-018,cosmos-db-018,microsoft.documentdb/databaseaccounts,rg-prod-029,eastus2,Optimize-Tier,Optimize service tier,Move to a lower-cost tier aligned with observed demand,,,LOW,LOW,PRICED,FULL,COMPLETE,,cloud-platform,payments,prod,CC1012,1640.33,Standard_D4s_v5,4,16.0,,Conservative,True,65,Mock_2vCPU_8GB,2,8.0,64.4,112.76,112.76,Low,RESOLVED
2026-09-10,run-20260910-official-001,FIS-INTERNATIONAL,SUB-INTERNATIONAL-09,/subscriptions/00000029-0029-4029-8029-000000000029/resourceGroups/rg-prod-029/providers/microsoft.documentdb/databaseaccounts/cosmos-db-018,cosmos-db-018,microsoft.documentdb/databaseaccounts,rg-prod-029,eastus2,Optimize-Tier,Optimize service tier,Move to a lower-cost tier aligned with observed demand,,,LOW,LOW,PRICED,FULL,COMPLETE,,cloud-platform,payments,prod,CC1012,1640.33,Standard_D4s_v5,4,16.0,,Moderate,False,72,Mock_2vCPU_8GB,2,8.0,67.3,138.53,0.0,Medium,RESOLVED
2026-09-10,run-20260910-official-001,FIS-INTERNATIONAL,SUB-INTERNATIONAL-09,/subscriptions/00000029-0029-4029-8029-000000000029/resourceGroups/rg-prod-029/providers/microsoft.documentdb/databaseaccounts/cosmos-db-018,cosmos-db-018,microsoft.documentdb/databaseaccounts,rg-prod-029,eastus2,Optimize-Tier,Optimize service tier,Move to a lower-cost tier aligned with observed demand,,,LOW,LOW,PRICED,FULL,COMPLETE,,cloud-platform,payments,prod,CC1012,1640.33,Standard_D4s_v5,4,16.0,,Aggressive,False,80,Mock_1vCPU_4GB,1,4.0,79.4,173.97,0.0,High,RESOLVED
2026-09-10,run-20260910-official-001,FIS-CORP,SUB-CORP-09,/subscriptions/00000009-0009-4009-8009-000000000009/resourceGroups/rg-dev-039/providers/microsoft.documentdb/databaseaccounts/cosmos-db-019,cosmos-db-019,microsoft.documentdb/databaseaccounts,rg-dev-039,westeurope,Optimize-Tier,Optimize service tier,Move to a lower-cost tier aligned with observed demand,,,MEDIUM,MEDIUM,PRICED,FULL,COMPLETE,,core-banking,customer360,dev,CC1006,2886.95,GP_Gen5_8,8,40.0,,Conservative,True,65,Mock_4vCPU_20GB,4,20.0,66.5,733.75,733.75,Low,RESOLVED
2026-09-10,run-20260910-official-001,FIS-CORP,SUB-CORP-09,/subscriptions/00000009-0009-4009-8009-000000000009/resourceGroups/rg-dev-039/providers/microsoft.documentdb/databaseaccounts/cosmos-db-019,cosmos-db-019,microsoft.documentdb/databaseaccounts,rg-dev-039,westeurope,Optimize-Tier,Optimize service tier,Move to a lower-cost tier aligned with observed demand,,,MEDIUM,MEDIUM,PRICED,FULL,COMPLETE,,core-banking,customer360,dev,CC1006,2886.95,GP_Gen5_8,8,40.0,,Moderate,False,72,Mock_4vCPU_20GB,4,20.0,67.6,901.47,0.0,Medium,RESOLVED
2026-09-10,run-20260910-official-001,FIS-CORP,SUB-CORP-09,/subscriptions/00000009-0009-4009-8009-000000000009/resourceGroups/rg-dev-039/providers/microsoft.documentdb/databaseaccounts/cosmos-db-019,cosmos-db-019,microsoft.documentdb/databaseaccounts,rg-dev-039,westeurope,Optimize-Tier,Optimize service tier,Move to a lower-cost tier aligned with observed demand,,,MEDIUM,MEDIUM,PRICED,FULL,COMPLETE,,core-banking,customer360,dev,CC1006,2886.95,GP_Gen5_8,8,40.0,,Aggressive,False,80,Mock_2vCPU_10GB,2,10.0,91.7,1132.08,0.0,High,RESOLVED
2026-09-10,run-20260910-official-001,FIS-CORP,SUB-CORP-08,/subscriptions/00000008-0008-4008-8008-000000000008/resourceGroups/rg-qa-008/providers/microsoft.sql/managedinstances/sql-managed-instance-002,sql-managed-instance-002,microsoft.sql/managedinstances,rg-qa-008,eastus2,Optimize-Tier,Optimize service tier,Move to a lower-cost tier aligned with observed demand,,,HIGH,HIGH,HEURISTIC,FULL,COMPLETE,,security,api-hub,qa,CC1011,37489.61,GP_Gen5_8,8,40.0,,Conservative,True,65,Mock_4vCPU_20GB,4,20.0,70.7,8513.73,8513.73,Low,RESOLVED
2026-09-10,run-20260910-official-001,FIS-CORP,SUB-CORP-08,/subscriptions/00000008-0008-4008-8008-000000000008/resourceGroups/rg-qa-008/providers/microsoft.sql/managedinstances/sql-managed-instance-002,sql-managed-instance-002,microsoft.sql/managedinstances,rg-qa-008,eastus2,Optimize-Tier,Optimize service tier,Move to a lower-cost tier aligned with observed demand,,,HIGH,HIGH,HEURISTIC,FULL,COMPLETE,,security,api-hub,qa,CC1011,37489.61,GP_Gen5_8,8,40.0,,Moderate,False,72,Mock_4vCPU_20GB,4,20.0,70.0,10459.72,0.0,Medium,RESOLVED
2026-09-10,run-20260910-official-001,FIS-CORP,SUB-CORP-08,/subscriptions/00000008-0008-4008-8008-000000000008/resourceGroups/rg-qa-008/providers/microsoft.sql/managedinstances/sql-managed-instance-002,sql-managed-instance-002,microsoft.sql/managedinstances,rg-qa-008,eastus2,Optimize-Tier,Optimize service tier,Move to a lower-cost tier aligned with observed demand,,,HIGH,HIGH,HEURISTIC,FULL,COMPLETE,,security,api-hub,qa,CC1011,37489.61,GP_Gen5_8,8,40.0,,Aggressive,False,80,Mock_2vCPU_10GB,2,10.0,81.4,13135.47,0.0,High,RESOLVED
2026-09-10,run-20260910-official-001,FIS-DIGITAL,SUB-DIGITAL-05,/subscriptions/00000015-0015-4015-8015-000000000015/resourceGroups/rg-prod-045/providers/microsoft.sql/managedinstances/sql-managed-instance-003,sql-managed-instance-003,microsoft.sql/managedinstances,rg-prod-045,westus2,Optimize-Tier,Optimize service tier,Move to a lower-cost tier aligned with observed demand,,,HIGH,MEDIUM,PRICED,FULL,PARTIAL,"Metric1,Metric2",digital-channels,analytics,prod,CC1003,38373.56,Standard_D4s_v5,4,16.0,,Conservative,True,65,Mock_2vCPU_8GB,2,8.0,61.9,3667.83,3667.83,Low,RESOLVED
2026-09-10,run-20260910-official-001,FIS-DIGITAL,SUB-DIGITAL-05,/subscriptions/00000015-0015-4015-8015-000000000015/resourceGroups/rg-prod-045/providers/microsoft.sql/managedinstances/sql-managed-instance-003,sql-managed-instance-003,microsoft.sql/managedinstances,rg-prod-045,westus2,Optimize-Tier,Optimize service tier,Move to a lower-cost tier aligned with observed demand,,,HIGH,MEDIUM,PRICED,FULL,PARTIAL,"Metric1,Metric2",digital-channels,analytics,prod,CC1003,38373.56,Standard_D4s_v5,4,16.0,,Moderate,False,72,Mock_2vCPU_8GB,2,8.0,82.7,4506.19,0.0,Medium,RESOLVED
2026-09-10,run-20260910-official-001,FIS-DIGITAL,SUB-DIGITAL-05,/subscriptions/00000015-0015-4015-8015-000000000015/resourceGroups/rg-prod-045/providers/microsoft.sql/managedinstances/sql-managed-instance-003,sql-managed-instance-003,microsoft.sql/managedinstances,rg-prod-045,westus2,Optimize-Tier,Optimize service tier,Move to a lower-cost tier aligned with observed demand,,,HIGH,MEDIUM,PRICED,FULL,PARTIAL,"Metric1,Metric2",digital-channels,analytics,prod,CC1003,38373.56,Standard_D4s_v5,4,16.0,,Aggressive,False,80,Mock_1vCPU_4GB,1,4.0,79.7,5658.94,0.0,High,RESOLVED
2026-09-10,run-20260910-official-001,FIS-CORP,SUB-CORP-10,/subscriptions/00000010-0010-4010-8010-000000000010/resourceGroups/rg-qa-040/providers/microsoft.sql/managedinstances/sql-managed-instance-004,sql-managed-instance-004,microsoft.sql/managedinstances,rg-qa-040,westeurope,Review-Utilization,Review utilization,Resource shows optimization opportunity based on current utilization,,,HIGH,MEDIUM,PRICED,FULL,COMPLETE,,cloud-platform,api-hub,qa,CC1011,25466.92,GP_Gen5_8,8,40.0,,Conservative,True,65,Mock_4vCPU_20GB,4,20.0,66.5,5807.1,5807.1,Low,RESOLVED
2026-09-10,run-20260910-official-001,FIS-CORP,SUB-CORP-10,/subscriptions/00000010-0010-4010-8010-000000000010/resourceGroups/rg-qa-040/providers/microsoft.sql/managedinstances/sql-managed-instance-004,sql-managed-instance-004,microsoft.sql/managedinstances,rg-qa-040,westeurope,Review-Utilization,Review utilization,Resource shows optimization opportunity based on current utilization,,,HIGH,MEDIUM,PRICED,FULL,COMPLETE,,cloud-platform,api-hub,qa,CC1011,25466.92,GP_Gen5_8,8,40.0,,Moderate,False,72,Mock_4vCPU_20GB,4,20.0,78.9,7134.44,0.0,Medium,RESOLVED
2026-09-10,run-20260910-official-001,FIS-CORP,SUB-CORP-10,/subscriptions/00000010-0010-4010-8010-000000000010/resourceGroups/rg-qa-040/providers/microsoft.sql/managedinstances/sql-managed-instance-004,sql-managed-instance-004,microsoft.sql/managedinstances,rg-qa-040,westeurope,Review-Utilization,Review utilization,Resource shows optimization opportunity based on current utilization,,,HIGH,MEDIUM,PRICED,FULL,COMPLETE,,cloud-platform,api-hub,qa,CC1011,25466.92,GP_Gen5_8,8,40.0,,Aggressive,False,80,Mock_2vCPU_10GB,2,10.0,84.6,8959.53,0.0,High,RESOLVED
2026-09-10,run-20260910-official-001,FIS-INTERNATIONAL,SUB-INTERNATIONAL-05,/subscriptions/00000025-0025-4025-8025-000000000025/resourceGroups/rg-prod-025/providers/microsoft.sql/managedinstances/sql-managed-instance-005,sql-managed-instance-005,microsoft.sql/managedinstances,rg-prod-025,westeurope,Review-Utilization,Review utilization,Resource shows optimization opportunity based on current utilization,,,HIGH,MEDIUM,HEURISTIC,FULL,PARTIAL,"Metric1,Metric2",core-banking,analytics,prod,CC1002,23684.9,GP_Gen5_8,8,40.0,,Conservative,True,65,Mock_4vCPU_20GB,4,20.0,71.3,4825.55,4825.55,Low,RESOLVED
2026-09-10,run-20260910-official-001,FIS-INTERNATIONAL,SUB-INTERNATIONAL-05,/subscriptions/00000025-0025-4025-8025-000000000025/resourceGroups/rg-prod-025/providers/microsoft.sql/managedinstances/sql-managed-instance-005,sql-managed-instance-005,microsoft.sql/managedinstances,rg-prod-025,westeurope,Review-Utilization,Review utilization,Resource shows optimization opportunity based on current utilization,,,HIGH,MEDIUM,HEURISTIC,FULL,PARTIAL,"Metric1,Metric2",core-banking,analytics,prod,CC1002,23684.9,GP_Gen5_8,8,40.0,,Moderate,False,72,Mock_4vCPU_20GB,4,20.0,80.8,5928.53,0.0,Medium,RESOLVED
2026-09-10,run-20260910-official-001,FIS-INTERNATIONAL,SUB-INTERNATIONAL-05,/subscriptions/00000025-0025-4025-8025-000000000025/resourceGroups/rg-prod-025/providers/microsoft.sql/managedinstances/sql-managed-instance-005,sql-managed-instance-005,microsoft.sql/managedinstances,rg-prod-025,westeurope,Review-Utilization,Review utilization,Resource shows optimization opportunity based on current utilization,,,HIGH,MEDIUM,HEURISTIC,FULL,PARTIAL,"Metric1,Metric2",core-banking,analytics,prod,CC1002,23684.9,GP_Gen5_8,8,40.0,,Aggressive,False,80,Mock_2vCPU_10GB,2,10.0,77.8,7445.13,0.0,High,RESOLVED
2026-09-10,run-20260910-official-001,FIS-DIGITAL,SUB-DIGITAL-08,/subscriptions/00000018-0018-4018-8018-000000000018/resourceGroups/rg-nonprod-018/providers/microsoft.sql/managedinstances/sql-managed-instance-010,sql-managed-instance-010,microsoft.sql/managedinstances,rg-nonprod-018,eastus2,Optimize-Tier,Optimize service tier,Move to a lower-cost tier aligned with observed demand,,,MEDIUM,HIGH,PRICED,FULL,PARTIAL,"Metric1,Metric2",security,analytics,nonprod,CC1003,14550.87,S3,4,7.0,,Conservative,True,65,Mock_2vCPU_3GB,2,3.5,58.5,1040.77,1040.77,Low,RESOLVED
2026-09-10,run-20260910-official-001,FIS-DIGITAL,SUB-DIGITAL-08,/subscriptions/00000018-0018-4018-8018-000000000018/resourceGroups/rg-nonprod-018/providers/microsoft.sql/managedinstances/sql-managed-instance-010,sql-managed-instance-010,microsoft.sql/managedinstances,rg-nonprod-018,eastus2,Optimize-Tier,Optimize service tier,Move to a lower-cost tier aligned with observed demand,,,MEDIUM,HIGH,PRICED,FULL,PARTIAL,"Metric1,Metric2",security,analytics,nonprod,CC1003,14550.87,S3,4,7.0,,Moderate,False,72,Mock_2vCPU_3GB,2,3.5,69.2,1278.67,0.0,Medium,RESOLVED
2026-09-10,run-20260910-official-001,FIS-DIGITAL,SUB-DIGITAL-08,/subscriptions/00000018-0018-4018-8018-000000000018/resourceGroups/rg-nonprod-018/providers/microsoft.sql/managedinstances/sql-managed-instance-010,sql-managed-instance-010,microsoft.sql/managedinstances,rg-nonprod-018,eastus2,Optimize-Tier,Optimize service tier,Move to a lower-cost tier aligned with observed demand,,,MEDIUM,HIGH,PRICED,FULL,PARTIAL,"Metric1,Metric2",security,analytics,nonprod,CC1003,14550.87,S3,4,7.0,,Aggressive,False,80,Mock_1vCPU_1GB,1,1.8,75.8,1605.77,0.0,High,RESOLVED
2026-09-10,run-20260910-official-001,FIS-CORP,SUB-CORP-03,/subscriptions/00000003-0003-4003-8003-000000000003/resourceGroups/rg-dev-003/providers/microsoft.sql/managedinstances/sql-managed-instance-011,sql-managed-instance-011,microsoft.sql/managedinstances,rg-dev-003,brazilsouth,Review-Utilization,Review utilization,Resource shows optimization opportunity based on current utilization,,,HIGH,MEDIUM,HEURISTIC,FULL,COMPLETE,,data-ai,reporting,dev,CC1002,36087.61,GP_Gen5_4,4,20.0,,Conservative,True,65,Mock_2vCPU_10GB,2,10.0,70.3,10437.69,10437.69,Low,RESOLVED
2026-09-10,run-20260910-official-001,FIS-CORP,SUB-CORP-03,/subscriptions/00000003-0003-4003-8003-000000000003/resourceGroups/rg-dev-003/providers/microsoft.sql/managedinstances/sql-managed-instance-011,sql-managed-instance-011,microsoft.sql/managedinstances,rg-dev-003,brazilsouth,Review-Utilization,Review utilization,Resource shows optimization opportunity based on current utilization,,,HIGH,MEDIUM,HEURISTIC,FULL,COMPLETE,,data-ai,reporting,dev,CC1002,36087.61,GP_Gen5_4,4,20.0,,Moderate,False,72,Mock_2vCPU_10GB,2,10.0,76.3,12823.45,0.0,Medium,RESOLVED
2026-09-10,run-20260910-official-001,FIS-CORP,SUB-CORP-03,/subscriptions/00000003-0003-4003-8003-000000000003/resourceGroups/rg-dev-003/providers/microsoft.sql/managedinstances/sql-managed-instance-011,sql-managed-instance-011,microsoft.sql/managedinstances,rg-dev-003,brazilsouth,Review-Utilization,Review utilization,Resource shows optimization opportunity based on current utilization,,,HIGH,MEDIUM,HEURISTIC,FULL,COMPLETE,,data-ai,reporting,dev,CC1002,36087.61,GP_Gen5_4,4,20.0,,Aggressive,False,80,Mock_1vCPU_5GB,1,5.0,80.0,16103.87,0.0,High,RESOLVED
2026-09-10,run-20260910-official-001,FIS-DIGITAL,SUB-DIGITAL-09,/subscriptions/00000019-0019-4019-8019-000000000019/resourceGroups/rg-dev-019/providers/microsoft.dbforpostgresql/flexibleservers/postgresql-flexible-se-001,postgresql-flexible-se-001,microsoft.dbforpostgresql/flexibleservers,rg-dev-019,brazilsouth,Review-Utilization,Review utilization,Resource shows optimization opportunity based on current utilization,,,MEDIUM,HIGH,HEURISTIC,FULL,PARTIAL,Metric1,digital-channels,api-hub,dev,CC1007,5259.72,GP_Gen5_8,8,40.0,,Conservative,True,65,Mock_4vCPU_20GB,4,20.0,67.5,1191.68,1191.68,Low,RESOLVED
2026-09-10,run-20260910-official-001,FIS-DIGITAL,SUB-DIGITAL-09,/subscriptions/00000019-0019-4019-8019-000000000019/resourceGroups/rg-dev-019/providers/microsoft.dbforpostgresql/flexibleservers/postgresql-flexible-se-001,postgresql-flexible-se-001,microsoft.dbforpostgresql/flexibleservers,rg-dev-019,brazilsouth,Review-Utilization,Review utilization,Resource shows optimization opportunity based on current utilization,,,MEDIUM,HIGH,HEURISTIC,FULL,PARTIAL,Metric1,digital-channels,api-hub,dev,CC1007,5259.72,GP_Gen5_8,8,40.0,,Moderate,False,72,Mock_4vCPU_20GB,4,20.0,66.8,1464.06,0.0,Medium,RESOLVED
2026-09-10,run-20260910-official-001,FIS-DIGITAL,SUB-DIGITAL-09,/subscriptions/00000019-0019-4019-8019-000000000019/resourceGroups/rg-dev-019/providers/microsoft.dbforpostgresql/flexibleservers/postgresql-flexible-se-001,postgresql-flexible-se-001,microsoft.dbforpostgresql/flexibleservers,rg-dev-019,brazilsouth,Review-Utilization,Review utilization,Resource shows optimization opportunity based on current utilization,,,MEDIUM,HIGH,HEURISTIC,FULL,PARTIAL,Metric1,digital-channels,api-hub,dev,CC1007,5259.72,GP_Gen5_8,8,40.0,,Aggressive,False,80,Mock_2vCPU_10GB,2,10.0,83.7,1838.59,0.0,High,RESOLVED
2026-09-10,run-20260910-official-001,FIS-CORP,SUB-CORP-02,/subscriptions/00000002-0002-4002-8002-000000000002/resourceGroups/rg-qa-032/providers/microsoft.dbforpostgresql/flexibleservers/postgresql-flexible-se-005,postgresql-flexible-se-005,microsoft.dbforpostgresql/flexibleservers,rg-qa-032,westus2,Optimize-Tier,Optimize service tier,Move to a lower-cost tier aligned with observed demand,,,LOW,LOW,HEURISTIC,FULL,PARTIAL,Metric1,digital-channels,customer360,qa,CC1009,456.47,Standard_D4s_v5,4,16.0,,Conservative,True,65,Mock_2vCPU_8GB,2,8.0,75.2,91.41,91.41,Low,RESOLVED
2026-09-10,run-20260910-official-001,FIS-CORP,SUB-CORP-02,/subscriptions/00000002-0002-4002-8002-000000000002/resourceGroups/rg-qa-032/providers/microsoft.dbforpostgresql/flexibleservers/postgresql-flexible-se-005,postgresql-flexible-se-005,microsoft.dbforpostgresql/flexibleservers,rg-qa-032,westus2,Optimize-Tier,Optimize service tier,Move to a lower-cost tier aligned with observed demand,,,LOW,LOW,HEURISTIC,FULL,PARTIAL,Metric1,digital-channels,customer360,qa,CC1009,456.47,Standard_D4s_v5,4,16.0,,Moderate,False,72,Mock_2vCPU_8GB,2,8.0,71.3,112.3,0.0,Medium,RESOLVED
2026-09-10,run-20260910-official-001,FIS-CORP,SUB-CORP-02,/subscriptions/00000002-0002-4002-8002-000000000002/resourceGroups/rg-qa-032/providers/microsoft.dbforpostgresql/flexibleservers/postgresql-flexible-se-005,postgresql-flexible-se-005,microsoft.dbforpostgresql/flexibleservers,rg-qa-032,westus2,Optimize-Tier,Optimize service tier,Move to a lower-cost tier aligned with observed demand,,,LOW,LOW,HEURISTIC,FULL,PARTIAL,Metric1,digital-channels,customer360,qa,CC1009,456.47,Standard_D4s_v5,4,16.0,,Aggressive,False,80,Mock_1vCPU_4GB,1,4.0,76.4,141.03,0.0,High,RESOLVED
2026-09-10,run-20260910-official-001,FIS-DIGITAL,SUB-DIGITAL-01,/subscriptions/00000011-0011-4011-8011-000000000011/resourceGroups/rg-dev-011/providers/microsoft.dbforpostgresql/flexibleservers/postgresql-flexible-se-009,postgresql-flexible-se-009,microsoft.dbforpostgresql/flexibleservers,rg-dev-011,eastus2,Review-Utilization,Review utilization,Resource shows optimization opportunity based on current utilization,,,LOW,HIGH,HEURISTIC,FULL,PARTIAL,"Metric1,Metric2",core-banking,ledger,dev,CC1012,3642.78,Standard_D2s_v5,2,8.0,,Conservative,True,65,Mock_1vCPU_4GB,1,4.0,72.0,547.57,547.57,Low,RESOLVED
2026-09-10,run-20260910-official-001,FIS-DIGITAL,SUB-DIGITAL-01,/subscriptions/00000011-0011-4011-8011-000000000011/resourceGroups/rg-dev-011/providers/microsoft.dbforpostgresql/flexibleservers/postgresql-flexible-se-009,postgresql-flexible-se-009,microsoft.dbforpostgresql/flexibleservers,rg-dev-011,eastus2,Review-Utilization,Review utilization,Resource shows optimization opportunity based on current utilization,,,LOW,HIGH,HEURISTIC,FULL,PARTIAL,"Metric1,Metric2",core-banking,ledger,dev,CC1012,3642.78,Standard_D2s_v5,2,8.0,,Moderate,False,72,Mock_1vCPU_4GB,1,4.0,69.7,672.73,0.0,Medium,RESOLVED
2026-09-10,run-20260910-official-001,FIS-DIGITAL,SUB-DIGITAL-01,/subscriptions/00000011-0011-4011-8011-000000000011/resourceGroups/rg-dev-011/providers/microsoft.dbforpostgresql/flexibleservers/postgresql-flexible-se-009,postgresql-flexible-se-009,microsoft.dbforpostgresql/flexibleservers,rg-dev-011,eastus2,Review-Utilization,Review utilization,Resource shows optimization opportunity based on current utilization,,,LOW,HIGH,HEURISTIC,FULL,PARTIAL,"Metric1,Metric2",core-banking,ledger,dev,CC1012,3642.78,Standard_D2s_v5,2,8.0,,Aggressive,False,80,Mock_1vCPU_2GB,1,2.0,79.4,844.82,0.0,High,RESOLVED
2026-09-10,run-20260910-official-001,FIS-DIGITAL,SUB-DIGITAL-07,/subscriptions/00000017-0017-4017-8017-000000000017/resourceGroups/rg-prod-017/providers/microsoft.dbforpostgresql/flexibleservers/postgresql-flexible-se-011,postgresql-flexible-se-011,microsoft.dbforpostgresql/flexibleservers,rg-prod-017,eastus,Review-Utilization,Review utilization,Resource shows optimization opportunity based on current utilization,,,LOW,LOW,HEURISTIC,FULL,PARTIAL,"Metric1,Metric2,Metric3,Metric4",payments,ledger,prod,CC1012,617.82,Standard_D8s_v5,8,32.0,,Conservative,True,65,Mock_4vCPU_16GB,4,16.0,72.1,37.94,37.94,Low,RESOLVED
2026-09-10,run-20260910-official-001,FIS-DIGITAL,SUB-DIGITAL-07,/subscriptions/00000017-0017-4017-8017-000000000017/resourceGroups/rg-prod-017/providers/microsoft.dbforpostgresql/flexibleservers/postgresql-flexible-se-011,postgresql-flexible-se-011,microsoft.dbforpostgresql/flexibleservers,rg-prod-017,eastus,Review-Utilization,Review utilization,Resource shows optimization opportunity based on current utilization,,,LOW,LOW,HEURISTIC,FULL,PARTIAL,"Metric1,Metric2,Metric3,Metric4",payments,ledger,prod,CC1012,617.82,Standard_D8s_v5,8,32.0,,Moderate,False,72,Mock_4vCPU_16GB,4,16.0,68.9,46.61,0.0,Medium,RESOLVED
2026-09-10,run-20260910-official-001,FIS-DIGITAL,SUB-DIGITAL-07,/subscriptions/00000017-0017-4017-8017-000000000017/resourceGroups/rg-prod-017/providers/microsoft.dbforpostgresql/flexibleservers/postgresql-flexible-se-011,postgresql-flexible-se-011,microsoft.dbforpostgresql/flexibleservers,rg-prod-017,eastus,Review-Utilization,Review utilization,Resource shows optimization opportunity based on current utilization,,,LOW,LOW,HEURISTIC,FULL,PARTIAL,"Metric1,Metric2,Metric3,Metric4",payments,ledger,prod,CC1012,617.82,Standard_D8s_v5,8,32.0,,Aggressive,False,80,Mock_2vCPU_8GB,2,8.0,90.8,58.54,0.0,High,RESOLVED
2026-09-10,run-20260910-official-001,FIS-INTERNATIONAL,SUB-INTERNATIONAL-09,/subscriptions/00000029-0029-4029-8029-000000000029/resourceGroups/rg-prod-029/providers/microsoft.dbforpostgresql/flexibleservers/postgresql-flexible-se-012,postgresql-flexible-se-012,microsoft.dbforpostgresql/flexibleservers,rg-prod-029,westeurope,Downsize,Downsize resource,Rightsize based on sustained utilization,,,MEDIUM,HIGH,PRICED,FULL,COMPLETE,,security,risk,prod,CC1011,9612.68,Standard_D2s_v5,2,8.0,,Conservative,True,65,Mock_1vCPU_4GB,1,4.0,65.0,1463.57,1463.57,Low,RESOLVED
2026-09-10,run-20260910-official-001,FIS-INTERNATIONAL,SUB-INTERNATIONAL-09,/subscriptions/00000029-0029-4029-8029-000000000029/resourceGroups/rg-prod-029/providers/microsoft.dbforpostgresql/flexibleservers/postgresql-flexible-se-012,postgresql-flexible-se-012,microsoft.dbforpostgresql/flexibleservers,rg-prod-029,westeurope,Downsize,Downsize resource,Rightsize based on sustained utilization,,,MEDIUM,HIGH,PRICED,FULL,COMPLETE,,security,risk,prod,CC1011,9612.68,Standard_D2s_v5,2,8.0,,Moderate,False,72,Mock_1vCPU_4GB,1,4.0,77.6,1798.1,0.0,Medium,RESOLVED
2026-09-10,run-20260910-official-001,FIS-INTERNATIONAL,SUB-INTERNATIONAL-09,/subscriptions/00000029-0029-4029-8029-000000000029/resourceGroups/rg-prod-029/providers/microsoft.dbforpostgresql/flexibleservers/postgresql-flexible-se-012,postgresql-flexible-se-012,microsoft.dbforpostgresql/flexibleservers,rg-prod-029,westeurope,Downsize,Downsize resource,Rightsize based on sustained utilization,,,MEDIUM,HIGH,PRICED,FULL,COMPLETE,,security,risk,prod,CC1011,9612.68,Standard_D2s_v5,2,8.0,,Aggressive,False,80,Mock_1vCPU_2GB,1,2.0,85.5,2258.07,0.0,High,RESOLVED
2026-09-10,run-20260910-official-001,FIS-DIGITAL,SUB-DIGITAL-08,/subscriptions/00000018-0018-4018-8018-000000000018/resourceGroups/rg-qa-048/providers/microsoft.dbforpostgresql/flexibleservers/postgresql-flexible-se-014,postgresql-flexible-se-014,microsoft.dbforpostgresql/flexibleservers,rg-qa-048,brazilsouth,Downsize,Downsize resource,Rightsize based on sustained utilization,,,HIGH,LOW,HEURISTIC,FULL,PARTIAL,Metric1,integration,payments,qa,CC1003,10125.48,Standard_D4s_v5,4,16.0,,Conservative,True,65,Mock_2vCPU_8GB,2,8.0,71.1,2711.37,2711.37,Low,RESOLVED
2026-09-10,run-20260910-official-001,FIS-DIGITAL,SUB-DIGITAL-08,/subscriptions/00000018-0018-4018-8018-000000000018/resourceGroups/rg-qa-048/providers/microsoft.dbforpostgresql/flexibleservers/postgresql-flexible-se-014,postgresql-flexible-se-014,microsoft.dbforpostgresql/flexibleservers,rg-qa-048,brazilsouth,Downsize,Downsize resource,Rightsize based on sustained utilization,,,HIGH,LOW,HEURISTIC,FULL,PARTIAL,Metric1,integration,payments,qa,CC1003,10125.48,Standard_D4s_v5,4,16.0,,Moderate,False,72,Mock_2vCPU_8GB,2,8.0,65.5,3331.12,0.0,Medium,RESOLVED
2026-09-10,run-20260910-official-001,FIS-DIGITAL,SUB-DIGITAL-08,/subscriptions/00000018-0018-4018-8018-000000000018/resourceGroups/rg-qa-048/providers/microsoft.dbforpostgresql/flexibleservers/postgresql-flexible-se-014,postgresql-flexible-se-014,microsoft.dbforpostgresql/flexibleservers,rg-qa-048,brazilsouth,Downsize,Downsize resource,Rightsize based on sustained utilization,,,HIGH,LOW,HEURISTIC,FULL,PARTIAL,Metric1,integration,payments,qa,CC1003,10125.48,Standard_D4s_v5,4,16.0,,Aggressive,False,80,Mock_1vCPU_4GB,1,4.0,87.7,4183.26,0.0,High,RESOLVED
2026-09-10,run-20260910-official-001,FIS-CORP,SUB-CORP-06,/subscriptions/00000006-0006-4006-8006-000000000006/resourceGroups/rg-nonprod-006/providers/microsoft.dbforpostgresql/flexibleservers/postgresql-flexible-se-016,postgresql-flexible-se-016,microsoft.dbforpostgresql/flexibleservers,rg-nonprod-006,brazilsouth,Optimize-Tier,Optimize service tier,Move to a lower-cost tier aligned with observed demand,,,MEDIUM,HIGH,PRICED,FULL,PARTIAL,Metric1,security,payments,nonprod,CC1004,6877.54,GP_Gen5_8,8,40.0,,Conservative,True,65,Mock_4vCPU_20GB,4,20.0,67.1,2079.59,2079.59,Low,RESOLVED
2026-09-10,run-20260910-official-001,FIS-CORP,SUB-CORP-06,/subscriptions/00000006-0006-4006-8006-000000000006/resourceGroups/rg-nonprod-006/providers/microsoft.dbforpostgresql/flexibleservers/postgresql-flexible-se-016,postgresql-flexible-se-016,microsoft.dbforpostgresql/flexibleservers,rg-nonprod-006,brazilsouth,Optimize-Tier,Optimize service tier,Move to a lower-cost tier aligned with observed demand,,,MEDIUM,HIGH,PRICED,FULL,PARTIAL,Metric1,security,payments,nonprod,CC1004,6877.54,GP_Gen5_8,8,40.0,,Moderate,False,72,Mock_4vCPU_20GB,4,20.0,78.7,2554.92,0.0,Medium,RESOLVED
2026-09-10,run-20260910-official-001,FIS-CORP,SUB-CORP-06,/subscriptions/00000006-0006-4006-8006-000000000006/resourceGroups/rg-nonprod-006/providers/microsoft.dbforpostgresql/flexibleservers/postgresql-flexible-se-016,postgresql-flexible-se-016,microsoft.dbforpostgresql/flexibleservers,rg-nonprod-006,brazilsouth,Optimize-Tier,Optimize service tier,Move to a lower-cost tier aligned with observed demand,,,MEDIUM,HIGH,PRICED,FULL,PARTIAL,Metric1,security,payments,nonprod,CC1004,6877.54,GP_Gen5_8,8,40.0,,Aggressive,False,80,Mock_2vCPU_10GB,2,10.0,78.8,3208.51,0.0,High,RESOLVED
2026-09-10,run-20260910-official-001,FIS-DIGITAL,SUB-DIGITAL-06,/subscriptions/00000016-0016-4016-8016-000000000016/resourceGroups/rg-qa-016/providers/microsoft.dbforpostgresql/flexibleservers/postgresql-flexible-se-017,postgresql-flexible-se-017,microsoft.dbforpostgresql/flexibleservers,rg-qa-016,eastus2,Downsize,Downsize resource,Rightsize based on sustained utilization,,,MEDIUM,HIGH,PRICED,FULL,COMPLETE,,payments,customer360,qa,CC1011,7529.07,GP_Gen5_4,4,20.0,,Conservative,True,65,Mock_2vCPU_10GB,2,10.0,76.0,1190.55,1190.55,Low,RESOLVED
2026-09-10,run-20260910-official-001,FIS-DIGITAL,SUB-DIGITAL-06,/subscriptions/00000016-0016-4016-8016-000000000016/resourceGroups/rg-qa-016/providers/microsoft.dbforpostgresql/flexibleservers/postgresql-flexible-se-017,postgresql-flexible-se-017,microsoft.dbforpostgresql/flexibleservers,rg-qa-016,eastus2,Downsize,Downsize resource,Rightsize based on sustained utilization,,,MEDIUM,HIGH,PRICED,FULL,COMPLETE,,payments,customer360,qa,CC1011,7529.07,GP_Gen5_4,4,20.0,,Moderate,False,72,Mock_2vCPU_10GB,2,10.0,75.7,1462.68,0.0,Medium,RESOLVED
2026-09-10,run-20260910-official-001,FIS-DIGITAL,SUB-DIGITAL-06,/subscriptions/00000016-0016-4016-8016-000000000016/resourceGroups/rg-qa-016/providers/microsoft.dbforpostgresql/flexibleservers/postgresql-flexible-se-017,postgresql-flexible-se-017,microsoft.dbforpostgresql/flexibleservers,rg-qa-016,eastus2,Downsize,Downsize resource,Rightsize based on sustained utilization,,,MEDIUM,HIGH,PRICED,FULL,COMPLETE,,payments,customer360,qa,CC1011,7529.07,GP_Gen5_4,4,20.0,,Aggressive,False,80,Mock_1vCPU_5GB,1,5.0,77.8,1836.85,0.0,High,RESOLVED
2026-09-10,run-20260910-official-001,FIS-DIGITAL,SUB-DIGITAL-05,/subscriptions/00000015-0015-4015-8015-000000000015/resourceGroups/rg-dev-015/providers/microsoft.dbforpostgresql/flexibleservers/postgresql-flexible-se-018,postgresql-flexible-se-018,microsoft.dbforpostgresql/flexibleservers,rg-dev-015,brazilsouth,Review-Utilization,Review utilization,Resource shows optimization opportunity based on current utilization,,,HIGH,HIGH,PRICED,FULL,COMPLETE,,digital-channels,reporting,dev,CC1001,15181.16,Standard_D4s_v5,4,16.0,,Conservative,True,65,Mock_2vCPU_8GB,2,8.0,67.6,3847.15,3847.15,Low,RESOLVED
2026-09-10,run-20260910-official-001,FIS-DIGITAL,SUB-DIGITAL-05,/subscriptions/00000015-0015-4015-8015-000000000015/resourceGroups/rg-dev-015/providers/microsoft.dbforpostgresql/flexibleservers/postgresql-flexible-se-018,postgresql-flexible-se-018,microsoft.dbforpostgresql/flexibleservers,rg-dev-015,brazilsouth,Review-Utilization,Review utilization,Resource shows optimization opportunity based on current utilization,,,HIGH,HIGH,PRICED,FULL,COMPLETE,,digital-channels,reporting,dev,CC1001,15181.16,Standard_D4s_v5,4,16.0,,Moderate,False,72,Mock_2vCPU_8GB,2,8.0,75.1,4726.5,0.0,Medium,RESOLVED
2026-09-10,run-20260910-official-001,FIS-DIGITAL,SUB-DIGITAL-05,/subscriptions/00000015-0015-4015-8015-000000000015/resourceGroups/rg-dev-015/providers/microsoft.dbforpostgresql/flexibleservers/postgresql-flexible-se-018,postgresql-flexible-se-018,microsoft.dbforpostgresql/flexibleservers,rg-dev-015,brazilsouth,Review-Utilization,Review utilization,Resource shows optimization opportunity based on current utilization,,,HIGH,HIGH,PRICED,FULL,COMPLETE,,digital-channels,reporting,dev,CC1001,15181.16,Standard_D4s_v5,4,16.0,,Aggressive,False,80,Mock_1vCPU_4GB,1,4.0,89.6,5935.6,0.0,High,RESOLVED
2026-09-10,run-20260910-official-001,FIS-DIGITAL,SUB-DIGITAL-02,/subscriptions/00000012-0012-4012-8012-000000000012/resourceGroups/rg-nonprod-042/providers/microsoft.dbforpostgresql/flexibleservers/postgresql-flexible-se-019,postgresql-flexible-se-019,microsoft.dbforpostgresql/flexibleservers,rg-nonprod-042,eastus,Optimize-Tier,Optimize service tier,Move to a lower-cost tier aligned with observed demand,,,LOW,LOW,PRICED,FULL,PARTIAL,Metric1,cloud-platform,api-hub,nonprod,CC1001,292.05,Standard_D8s_v5,8,32.0,,Conservative,True,65,Mock_4vCPU_16GB,4,16.0,66.2,28.57,28.57,Low,RESOLVED
2026-09-10,run-20260910-official-001,FIS-DIGITAL,SUB-DIGITAL-02,/subscriptions/00000012-0012-4012-8012-000000000012/resourceGroups/rg-nonprod-042/providers/microsoft.dbforpostgresql/flexibleservers/postgresql-flexible-se-019,postgresql-flexible-se-019,microsoft.dbforpostgresql/flexibleservers,rg-nonprod-042,eastus,Optimize-Tier,Optimize service tier,Move to a lower-cost tier aligned with observed demand,,,LOW,LOW,PRICED,FULL,PARTIAL,Metric1,cloud-platform,api-hub,nonprod,CC1001,292.05,Standard_D8s_v5,8,32.0,,Moderate,False,72,Mock_4vCPU_16GB,4,16.0,73.5,35.1,0.0,Medium,RESOLVED
2026-09-10,run-20260910-official-001,FIS-DIGITAL,SUB-DIGITAL-02,/subscriptions/00000012-0012-4012-8012-000000000012/resourceGroups/rg-nonprod-042/providers/microsoft.dbforpostgresql/flexibleservers/postgresql-flexible-se-019,postgresql-flexible-se-019,microsoft.dbforpostgresql/flexibleservers,rg-nonprod-042,eastus,Optimize-Tier,Optimize service tier,Move to a lower-cost tier aligned with observed demand,,,LOW,LOW,PRICED,FULL,PARTIAL,Metric1,cloud-platform,api-hub,nonprod,CC1001,292.05,Standard_D8s_v5,8,32.0,,Aggressive,False,80,Mock_2vCPU_8GB,2,8.0,81.4,44.07,0.0,High,RESOLVED
2026-09-10,run-20260910-official-001,FIS-DIGITAL,SUB-DIGITAL-03,/subscriptions/00000013-0013-4013-8013-000000000013/resourceGroups/rg-dev-043/providers/microsoft.dbforpostgresql/flexibleservers/postgresql-flexible-se-020,postgresql-flexible-se-020,microsoft.dbforpostgresql/flexibleservers,rg-dev-043,eastus2,Downsize,Downsize resource,Rightsize based on sustained utilization,,,MEDIUM,MEDIUM,PRICED,FULL,PARTIAL,Metric1,digital-channels,ledger,dev,CC1006,15164.04,S3,4,7.0,,Conservative,True,65,Mock_2vCPU_3GB,2,3.5,76.3,1425.14,1425.14,Low,RESOLVED
2026-09-10,run-20260910-official-001,FIS-DIGITAL,SUB-DIGITAL-03,/subscriptions/00000013-0013-4013-8013-000000000013/resourceGroups/rg-dev-043/providers/microsoft.dbforpostgresql/flexibleservers/postgresql-flexible-se-020,postgresql-flexible-se-020,microsoft.dbforpostgresql/flexibleservers,rg-dev-043,eastus2,Downsize,Downsize resource,Rightsize based on sustained utilization,,,MEDIUM,MEDIUM,PRICED,FULL,PARTIAL,Metric1,digital-channels,ledger,dev,CC1006,15164.04,S3,4,7.0,,Moderate,False,72,Mock_2vCPU_3GB,2,3.5,79.0,1750.88,0.0,Medium,RESOLVED
2026-09-10,run-20260910-official-001,FIS-DIGITAL,SUB-DIGITAL-03,/subscriptions/00000013-0013-4013-8013-000000000013/resourceGroups/rg-dev-043/providers/microsoft.dbforpostgresql/flexibleservers/postgresql-flexible-se-020,postgresql-flexible-se-020,microsoft.dbforpostgresql/flexibleservers,rg-dev-043,eastus2,Downsize,Downsize resource,Rightsize based on sustained utilization,,,MEDIUM,MEDIUM,PRICED,FULL,PARTIAL,Metric1,digital-channels,ledger,dev,CC1006,15164.04,S3,4,7.0,,Aggressive,False,80,Mock_1vCPU_1GB,1,1.8,90.4,2198.78,0.0,High,RESOLVED
2026-09-10,run-20260910-official-001,FIS-DIGITAL,SUB-DIGITAL-01,/subscriptions/00000011-0011-4011-8011-000000000011/resourceGroups/rg-dev-011/providers/microsoft.dbforpostgresql/flexibleservers/postgresql-flexible-se-025,postgresql-flexible-se-025,microsoft.dbforpostgresql/flexibleservers,rg-dev-011,northeurope,Optimize-Tier,Optimize service tier,Move to a lower-cost tier aligned with observed demand,,,MEDIUM,HIGH,PRICED,FULL,COMPLETE,,security,ledger,dev,CC1008,6896.61,P1v3,2,8.0,,Conservative,True,65,Mock_1vCPU_4GB,1,4.0,68.9,1243.44,1243.44,Low,RESOLVED
2026-09-10,run-20260910-official-001,FIS-DIGITAL,SUB-DIGITAL-01,/subscriptions/00000011-0011-4011-8011-000000000011/resourceGroups/rg-dev-011/providers/microsoft.dbforpostgresql/flexibleservers/postgresql-flexible-se-025,postgresql-flexible-se-025,microsoft.dbforpostgresql/flexibleservers,rg-dev-011,northeurope,Optimize-Tier,Optimize service tier,Move to a lower-cost tier aligned with observed demand,,,MEDIUM,HIGH,PRICED,FULL,COMPLETE,,security,ledger,dev,CC1008,6896.61,P1v3,2,8.0,,Moderate,False,72,Mock_1vCPU_4GB,1,4.0,82.9,1527.65,0.0,Medium,RESOLVED
2026-09-10,run-20260910-official-001,FIS-DIGITAL,SUB-DIGITAL-01,/subscriptions/00000011-0011-4011-8011-000000000011/resourceGroups/rg-dev-011/providers/microsoft.dbforpostgresql/flexibleservers/postgresql-flexible-se-025,postgresql-flexible-se-025,microsoft.dbforpostgresql/flexibleservers,rg-dev-011,northeurope,Optimize-Tier,Optimize service tier,Move to a lower-cost tier aligned with observed demand,,,MEDIUM,HIGH,PRICED,FULL,COMPLETE,,security,ledger,dev,CC1008,6896.61,P1v3,2,8.0,,Aggressive,False,80,Mock_1vCPU_2GB,1,2.0,90.8,1918.45,0.0,High,RESOLVED
2026-09-10,run-20260910-official-001,FIS-INTERNATIONAL,SUB-INTERNATIONAL-08,/subscriptions/00000028-0028-4028-8028-000000000028/resourceGroups/rg-qa-028/providers/microsoft.dbformysql/servers/databases/mysql-database-001,mysql-database-001,microsoft.dbformysql/servers/databases,rg-qa-028,eastus2,Review-Utilization,Review utilization,Resource shows optimization opportunity based on current utilization,,,HIGH,MEDIUM,PRICED,FULL,COMPLETE,,payments,customer360,qa,CC1006,16067.15,GP_Gen5_4,4,20.0,,Conservative,True,65,Mock_2vCPU_10GB,2,10.0,65.8,2367.51,2367.51,Low,RESOLVED
2026-09-10,run-20260910-official-001,FIS-INTERNATIONAL,SUB-INTERNATIONAL-08,/subscriptions/00000028-0028-4028-8028-000000000028/resourceGroups/rg-qa-028/providers/microsoft.dbformysql/servers/databases/mysql-database-001,mysql-database-001,microsoft.dbformysql/servers/databases,rg-qa-028,eastus2,Review-Utilization,Review utilization,Resource shows optimization opportunity based on current utilization,,,HIGH,MEDIUM,PRICED,FULL,COMPLETE,,payments,customer360,qa,CC1006,16067.15,GP_Gen5_4,4,20.0,,Moderate,False,72,Mock_2vCPU_10GB,2,10.0,70.4,2908.66,0.0,Medium,RESOLVED
2026-09-10,run-20260910-official-001,FIS-INTERNATIONAL,SUB-INTERNATIONAL-08,/subscriptions/00000028-0028-4028-8028-000000000028/resourceGroups/rg-qa-028/providers/microsoft.dbformysql/servers/databases/mysql-database-001,mysql-database-001,microsoft.dbformysql/servers/databases,rg-qa-028,eastus2,Review-Utilization,Review utilization,Resource shows optimization opportunity based on current utilization,,,HIGH,MEDIUM,PRICED,FULL,COMPLETE,,payments,customer360,qa,CC1006,16067.15,GP_Gen5_4,4,20.0,,Aggressive,False,80,Mock_1vCPU_5GB,1,5.0,76.5,3652.73,0.0,High,RESOLVED
2026-09-10,run-20260910-official-001,FIS-CORP,SUB-CORP-09,/subscriptions/00000009-0009-4009-8009-000000000009/resourceGroups/rg-prod-009/providers/microsoft.dbformysql/servers/databases/mysql-database-004,mysql-database-004,microsoft.dbformysql/servers/databases,rg-prod-009,westus2,Review-Utilization,Review utilization,Resource shows optimization opportunity based on current utilization,,,LOW,HIGH,HEURISTIC,FULL,PARTIAL,Metric1,digital-channels,payments,prod,CC1010,92.32,GP_Gen5_8,8,40.0,,Conservative,True,65,Mock_4vCPU_20GB,4,20.0,63.0,18.59,18.59,Low,RESOLVED
2026-09-10,run-20260910-official-001,FIS-CORP,SUB-CORP-09,/subscriptions/00000009-0009-4009-8009-000000000009/resourceGroups/rg-prod-009/providers/microsoft.dbformysql/servers/databases/mysql-database-004,mysql-database-004,microsoft.dbformysql/servers/databases,rg-prod-009,westus2,Review-Utilization,Review utilization,Resource shows optimization opportunity based on current utilization,,,LOW,HIGH,HEURISTIC,FULL,PARTIAL,Metric1,digital-channels,payments,prod,CC1010,92.32,GP_Gen5_8,8,40.0,,Moderate,False,72,Mock_4vCPU_20GB,4,20.0,74.3,22.84,0.0,Medium,RESOLVED
2026-09-10,run-20260910-official-001,FIS-CORP,SUB-CORP-09,/subscriptions/00000009-0009-4009-8009-000000000009/resourceGroups/rg-prod-009/providers/microsoft.dbformysql/servers/databases/mysql-database-004,mysql-database-004,microsoft.dbformysql/servers/databases,rg-prod-009,westus2,Review-Utilization,Review utilization,Resource shows optimization opportunity based on current utilization,,,LOW,HIGH,HEURISTIC,FULL,PARTIAL,Metric1,digital-channels,payments,prod,CC1010,92.32,GP_Gen5_8,8,40.0,,Aggressive,False,80,Mock_2vCPU_10GB,2,10.0,79.5,28.68,0.0,High,RESOLVED
2026-09-10,run-20260910-official-001,FIS-DIGITAL,SUB-DIGITAL-03,/subscriptions/00000013-0013-4013-8013-000000000013/resourceGroups/rg-prod-013/providers/microsoft.dbformysql/servers/databases/mysql-database-007,mysql-database-007,microsoft.dbformysql/servers/databases,rg-prod-013,eastus,Optimize-Tier,Optimize service tier,Move to a lower-cost tier aligned with observed demand,,,MEDIUM,HIGH,PRICED,FULL,COMPLETE,,core-banking,reporting,prod,CC1011,2688.6,Standard_D2s_v5,2,8.0,,Conservative,True,65,Mock_1vCPU_4GB,1,4.0,58.4,611.36,611.36,Low,RESOLVED
2026-09-10,run-20260910-official-001,FIS-DIGITAL,SUB-DIGITAL-03,/subscriptions/00000013-0013-4013-8013-000000000013/resourceGroups/rg-prod-013/providers/microsoft.dbformysql/servers/databases/mysql-database-007,mysql-database-007,microsoft.dbformysql/servers/databases,rg-prod-013,eastus,Optimize-Tier,Optimize service tier,Move to a lower-cost tier aligned with observed demand,,,MEDIUM,HIGH,PRICED,FULL,COMPLETE,,core-banking,reporting,prod,CC1011,2688.6,Standard_D2s_v5,2,8.0,,Moderate,False,72,Mock_1vCPU_4GB,1,4.0,65.3,751.1,0.0,Medium,RESOLVED
2026-09-10,run-20260910-official-001,FIS-DIGITAL,SUB-DIGITAL-03,/subscriptions/00000013-0013-4013-8013-000000000013/resourceGroups/rg-prod-013/providers/microsoft.dbformysql/servers/databases/mysql-database-007,mysql-database-007,microsoft.dbformysql/servers/databases,rg-prod-013,eastus,Optimize-Tier,Optimize service tier,Move to a lower-cost tier aligned with observed demand,,,MEDIUM,HIGH,PRICED,FULL,COMPLETE,,core-banking,reporting,prod,CC1011,2688.6,Standard_D2s_v5,2,8.0,,Aggressive,False,80,Mock_1vCPU_2GB,1,2.0,82.3,943.24,0.0,High,RESOLVED
2026-09-10,run-20260910-official-001,FIS-INTERNATIONAL,SUB-INTERNATIONAL-06,/subscriptions/00000026-0026-4026-8026-000000000026/resourceGroups/rg-nonprod-026/providers/microsoft.dbformysql/servers/databases/mysql-database-009,mysql-database-009,microsoft.dbformysql/servers/databases,rg-nonprod-026,centralus,Downsize,Downsize resource,Rightsize based on sustained utilization,,,HIGH,MEDIUM,PRICED,FULL,PARTIAL,Metric1,data-ai,ledger,nonprod,CC1007,16314.93,S3,4,7.0,,Conservative,True,65,Mock_2vCPU_3GB,2,3.5,65.3,3643.51,3643.51,Low,RESOLVED
2026-09-10,run-20260910-official-001,FIS-INTERNATIONAL,SUB-INTERNATIONAL-06,/subscriptions/00000026-0026-4026-8026-000000000026/resourceGroups/rg-nonprod-026/providers/microsoft.dbformysql/servers/databases/mysql-database-009,mysql-database-009,microsoft.dbformysql/servers/databases,rg-nonprod-026,centralus,Downsize,Downsize resource,Rightsize based on sustained utilization,,,HIGH,MEDIUM,PRICED,FULL,PARTIAL,Metric1,data-ai,ledger,nonprod,CC1007,16314.93,S3,4,7.0,,Moderate,False,72,Mock_2vCPU_3GB,2,3.5,65.8,4476.31,0.0,Medium,RESOLVED
2026-09-10,run-20260910-official-001,FIS-INTERNATIONAL,SUB-INTERNATIONAL-06,/subscriptions/00000026-0026-4026-8026-000000000026/resourceGroups/rg-nonprod-026/providers/microsoft.dbformysql/servers/databases/mysql-database-009,mysql-database-009,microsoft.dbformysql/servers/databases,rg-nonprod-026,centralus,Downsize,Downsize resource,Rightsize based on sustained utilization,,,HIGH,MEDIUM,PRICED,FULL,PARTIAL,Metric1,data-ai,ledger,nonprod,CC1007,16314.93,S3,4,7.0,,Aggressive,False,80,Mock_1vCPU_1GB,1,1.8,77.0,5621.41,0.0,High,RESOLVED
2026-09-10,run-20260910-official-001,FIS-INTERNATIONAL,SUB-INTERNATIONAL-06,/subscriptions/00000026-0026-4026-8026-000000000026/resourceGroups/rg-nonprod-026/providers/microsoft.dbformysql/servers/databases/mysql-database-010,mysql-database-010,microsoft.dbformysql/servers/databases,rg-nonprod-026,eastus,Downsize,Downsize resource,Rightsize based on sustained utilization,,,MEDIUM,MEDIUM,HEURISTIC,FULL,PARTIAL,"Metric1,Metric2,Metric3",cloud-platform,payments,nonprod,CC1008,5686.84,Standard_D4s_v5,4,16.0,,Conservative,True,65,Mock_2vCPU_8GB,2,8.0,71.0,1753.11,1753.11,Low,RESOLVED
2026-09-10,run-20260910-official-001,FIS-INTERNATIONAL,SUB-INTERNATIONAL-06,/subscriptions/00000026-0026-4026-8026-000000000026/resourceGroups/rg-nonprod-026/providers/microsoft.dbformysql/servers/databases/mysql-database-010,mysql-database-010,microsoft.dbformysql/servers/databases,rg-nonprod-026,eastus,Downsize,Downsize resource,Rightsize based on sustained utilization,,,MEDIUM,MEDIUM,HEURISTIC,FULL,PARTIAL,"Metric1,Metric2,Metric3",cloud-platform,payments,nonprod,CC1008,5686.84,Standard_D4s_v5,4,16.0,,Moderate,False,72,Mock_2vCPU_8GB,2,8.0,79.8,2153.83,0.0,Medium,RESOLVED
2026-09-10,run-20260910-official-001,FIS-INTERNATIONAL,SUB-INTERNATIONAL-06,/subscriptions/00000026-0026-4026-8026-000000000026/resourceGroups/rg-nonprod-026/providers/microsoft.dbformysql/servers/databases/mysql-database-010,mysql-database-010,microsoft.dbformysql/servers/databases,rg-nonprod-026,eastus,Downsize,Downsize resource,Rightsize based on sustained utilization,,,MEDIUM,MEDIUM,HEURISTIC,FULL,PARTIAL,"Metric1,Metric2,Metric3",cloud-platform,payments,nonprod,CC1008,5686.84,Standard_D4s_v5,4,16.0,,Aggressive,False,80,Mock_1vCPU_4GB,1,4.0,86.5,2704.81,0.0,High,RESOLVED
2026-09-10,run-20260910-official-001,FIS-CORP,SUB-CORP-02,/subscriptions/00000002-0002-4002-8002-000000000002/resourceGroups/rg-nonprod-002/providers/microsoft.dbformysql/servers/databases/mysql-database-011,mysql-database-011,microsoft.dbformysql/servers/databases,rg-nonprod-002,northeurope,Optimize-Tier,Optimize service tier,Move to a lower-cost tier aligned with observed demand,,,MEDIUM,MEDIUM,HEURISTIC,FULL,PARTIAL,"Metric1,Metric2,Metric3",payments,analytics,nonprod,CC1010,13727.63,Standard_D4s_v5,4,16.0,,Conservative,True,65,Mock_2vCPU_8GB,2,8.0,68.7,1380.58,1380.58,Low,RESOLVED
2026-09-10,run-20260910-official-001,FIS-CORP,SUB-CORP-02,/subscriptions/00000002-0002-4002-8002-000000000002/resourceGroups/rg-nonprod-002/providers/microsoft.dbformysql/servers/databases/mysql-database-011,mysql-database-011,microsoft.dbformysql/servers/databases,rg-nonprod-002,northeurope,Optimize-Tier,Optimize service tier,Move to a lower-cost tier aligned with observed demand,,,MEDIUM,MEDIUM,HEURISTIC,FULL,PARTIAL,"Metric1,Metric2,Metric3",payments,analytics,nonprod,CC1010,13727.63,Standard_D4s_v5,4,16.0,,Moderate,False,72,Mock_2vCPU_8GB,2,8.0,81.1,1696.14,0.0,Medium,RESOLVED
2026-09-10,run-20260910-official-001,FIS-CORP,SUB-CORP-02,/subscriptions/00000002-0002-4002-8002-000000000002/resourceGroups/rg-nonprod-002/providers/microsoft.dbformysql/servers/databases/mysql-database-011,mysql-database-011,microsoft.dbformysql/servers/databases,rg-nonprod-002,northeurope,Optimize-Tier,Optimize service tier,Move to a lower-cost tier aligned with observed demand,,,MEDIUM,MEDIUM,HEURISTIC,FULL,PARTIAL,"Metric1,Metric2,Metric3",payments,analytics,nonprod,CC1010,13727.63,Standard_D4s_v5,4,16.0,,Aggressive,False,80,Mock_1vCPU_4GB,1,4.0,73.1,2130.04,0.0,High,RESOLVED
2026-09-10,run-20260910-official-001,FIS-CORP,SUB-CORP-01,/subscriptions/00000001-0001-4001-8001-000000000001/resourceGroups/rg-dev-031/providers/microsoft.dbformysql/servers/databases/mysql-database-012,mysql-database-012,microsoft.dbformysql/servers/databases,rg-dev-031,eastus,Downsize,Downsize resource,Rightsize based on sustained utilization,,,MEDIUM,HIGH,HEURISTIC,FULL,PARTIAL,Metric1,payments,customer360,dev,CC1012,10543.67,GP_Gen5_8,8,40.0,,Conservative,True,65,Mock_4vCPU_20GB,4,20.0,61.1,1359.93,1359.93,Low,RESOLVED
2026-09-10,run-20260910-official-001,FIS-CORP,SUB-CORP-01,/subscriptions/00000001-0001-4001-8001-000000000001/resourceGroups/rg-dev-031/providers/microsoft.dbformysql/servers/databases/mysql-database-012,mysql-database-012,microsoft.dbformysql/servers/databases,rg-dev-031,eastus,Downsize,Downsize resource,Rightsize based on sustained utilization,,,MEDIUM,HIGH,HEURISTIC,FULL,PARTIAL,Metric1,payments,customer360,dev,CC1012,10543.67,GP_Gen5_8,8,40.0,,Moderate,False,72,Mock_4vCPU_20GB,4,20.0,75.7,1670.77,0.0,Medium,RESOLVED
2026-09-10,run-20260910-official-001,FIS-CORP,SUB-CORP-01,/subscriptions/00000001-0001-4001-8001-000000000001/resourceGroups/rg-dev-031/providers/microsoft.dbformysql/servers/databases/mysql-database-012,mysql-database-012,microsoft.dbformysql/servers/databases,rg-dev-031,eastus,Downsize,Downsize resource,Rightsize based on sustained utilization,,,MEDIUM,HIGH,HEURISTIC,FULL,PARTIAL,Metric1,payments,customer360,dev,CC1012,10543.67,GP_Gen5_8,8,40.0,,Aggressive,False,80,Mock_2vCPU_10GB,2,10.0,77.9,2098.18,0.0,High,RESOLVED
2026-09-10,run-20260910-official-001,FIS-CORP,SUB-CORP-10,/subscriptions/00000010-0010-4010-8010-000000000010/resourceGroups/rg-qa-040/providers/microsoft.dbformysql/servers/databases/mysql-database-013,mysql-database-013,microsoft.dbformysql/servers/databases,rg-qa-040,northeurope,Optimize-Tier,Optimize service tier,Move to a lower-cost tier aligned with observed demand,,,HIGH,MEDIUM,PRICED,FULL,COMPLETE,,cloud-platform,customer360,qa,CC1007,14763.7,GP_Gen5_4,4,20.0,,Conservative,True,65,Mock_2vCPU_10GB,2,10.0,75.3,4006.06,4006.06,Low,RESOLVED
2026-09-10,run-20260910-official-001,FIS-CORP,SUB-CORP-10,/subscriptions/00000010-0010-4010-8010-000000000010/resourceGroups/rg-qa-040/providers/microsoft.dbformysql/servers/databases/mysql-database-013,mysql-database-013,microsoft.dbformysql/servers/databases,rg-qa-040,northeurope,Optimize-Tier,Optimize service tier,Move to a lower-cost tier aligned with observed demand,,,HIGH,MEDIUM,PRICED,FULL,COMPLETE,,cloud-platform,customer360,qa,CC1007,14763.7,GP_Gen5_4,4,20.0,,Moderate,False,72,Mock_2vCPU_10GB,2,10.0,72.3,4921.74,0.0,Medium,RESOLVED
2026-09-10,run-20260910-official-001,FIS-CORP,SUB-CORP-10,/subscriptions/00000010-0010-4010-8010-000000000010/resourceGroups/rg-qa-040/providers/microsoft.dbformysql/servers/databases/mysql-database-013,mysql-database-013,microsoft.dbformysql/servers/databases,rg-qa-040,northeurope,Optimize-Tier,Optimize service tier,Move to a lower-cost tier aligned with observed demand,,,HIGH,MEDIUM,PRICED,FULL,COMPLETE,,cloud-platform,customer360,qa,CC1007,14763.7,GP_Gen5_4,4,20.0,,Aggressive,False,80,Mock_1vCPU_5GB,1,5.0,81.7,6180.79,0.0,High,RESOLVED
2026-09-10,run-20260910-official-001,FIS-CORP,SUB-CORP-09,/subscriptions/00000009-0009-4009-8009-000000000009/resourceGroups/rg-dev-039/providers/microsoft.dbformysql/servers/databases/mysql-database-015,mysql-database-015,microsoft.dbformysql/servers/databases,rg-dev-039,brazilsouth,Optimize-Tier,Optimize service tier,Move to a lower-cost tier aligned with observed demand,,,MEDIUM,HIGH,PRICED,FULL,PARTIAL,"Metric1,Metric2,Metric3",payments,payments,dev,CC1011,9108.65,P1v3,2,8.0,,Conservative,True,65,Mock_1vCPU_4GB,1,4.0,67.2,1919.34,1919.34,Low,RESOLVED
2026-09-10,run-20260910-official-001,FIS-CORP,SUB-CORP-09,/subscriptions/00000009-0009-4009-8009-000000000009/resourceGroups/rg-dev-039/providers/microsoft.dbformysql/servers/databases/mysql-database-015,mysql-database-015,microsoft.dbformysql/servers/databases,rg-dev-039,brazilsouth,Optimize-Tier,Optimize service tier,Move to a lower-cost tier aligned with observed demand,,,MEDIUM,HIGH,PRICED,FULL,PARTIAL,"Metric1,Metric2,Metric3",payments,payments,dev,CC1011,9108.65,P1v3,2,8.0,,Moderate,False,72,Mock_1vCPU_4GB,1,4.0,67.1,2358.04,0.0,Medium,RESOLVED
2026-09-10,run-20260910-official-001,FIS-CORP,SUB-CORP-09,/subscriptions/00000009-0009-4009-8009-000000000009/resourceGroups/rg-dev-039/providers/microsoft.dbformysql/servers/databases/mysql-database-015,mysql-database-015,microsoft.dbformysql/servers/databases,rg-dev-039,brazilsouth,Optimize-Tier,Optimize service tier,Move to a lower-cost tier aligned with observed demand,,,MEDIUM,HIGH,PRICED,FULL,PARTIAL,"Metric1,Metric2,Metric3",payments,payments,dev,CC1011,9108.65,P1v3,2,8.0,,Aggressive,False,80,Mock_1vCPU_2GB,1,2.0,78.8,2961.26,0.0,High,RESOLVED
2026-09-10,run-20260910-official-001,FIS-DIGITAL,SUB-DIGITAL-08,/subscriptions/00000018-0018-4018-8018-000000000018/resourceGroups/rg-qa-048/providers/microsoft.dbformysql/servers/databases/mysql-database-016,mysql-database-016,microsoft.dbformysql/servers/databases,rg-qa-048,westus2,Review-Utilization,Review utilization,Resource shows optimization opportunity based on current utilization,,,MEDIUM,MEDIUM,PRICED,FULL,PARTIAL,Metric1,integration,reporting,qa,CC1002,15438.47,Standard_D4s_v5,4,16.0,,Conservative,True,65,Mock_2vCPU_8GB,2,8.0,72.5,1246.6,1246.6,Low,RESOLVED
2026-09-10,run-20260910-official-001,FIS-DIGITAL,SUB-DIGITAL-08,/subscriptions/00000018-0018-4018-8018-000000000018/resourceGroups/rg-qa-048/providers/microsoft.dbformysql/servers/databases/mysql-database-016,mysql-database-016,microsoft.dbformysql/servers/databases,rg-qa-048,westus2,Review-Utilization,Review utilization,Resource shows optimization opportunity based on current utilization,,,MEDIUM,MEDIUM,PRICED,FULL,PARTIAL,Metric1,integration,reporting,qa,CC1002,15438.47,Standard_D4s_v5,4,16.0,,Moderate,False,72,Mock_2vCPU_8GB,2,8.0,67.0,1531.54,0.0,Medium,RESOLVED
2026-09-10,run-20260910-official-001,FIS-DIGITAL,SUB-DIGITAL-08,/subscriptions/00000018-0018-4018-8018-000000000018/resourceGroups/rg-qa-048/providers/microsoft.dbformysql/servers/databases/mysql-database-016,mysql-database-016,microsoft.dbformysql/servers/databases,rg-qa-048,westus2,Review-Utilization,Review utilization,Resource shows optimization opportunity based on current utilization,,,MEDIUM,MEDIUM,PRICED,FULL,PARTIAL,Metric1,integration,reporting,qa,CC1002,15438.47,Standard_D4s_v5,4,16.0,,Aggressive,False,80,Mock_1vCPU_4GB,1,4.0,85.1,1923.33,0.0,High,RESOLVED
2026-09-10,run-20260910-official-001,FIS-DIGITAL,SUB-DIGITAL-08,/subscriptions/00000018-0018-4018-8018-000000000018/resourceGroups/rg-nonprod-018/providers/microsoft.dbformysql/servers/databases/mysql-database-017,mysql-database-017,microsoft.dbformysql/servers/databases,rg-nonprod-018,northeurope,Optimize-Tier,Optimize service tier,Move to a lower-cost tier aligned with observed demand,,,MEDIUM,LOW,HEURISTIC,FULL,PARTIAL,"Metric1,Metric2",security,risk,nonprod,CC1009,2750.55,Standard_D8s_v5,8,32.0,,Conservative,True,65,Mock_4vCPU_16GB,4,16.0,60.4,825.57,825.57,Low,RESOLVED
2026-09-10,run-20260910-official-001,FIS-DIGITAL,SUB-DIGITAL-08,/subscriptions/00000018-0018-4018-8018-000000000018/resourceGroups/rg-nonprod-018/providers/microsoft.dbformysql/servers/databases/mysql-database-017,mysql-database-017,microsoft.dbformysql/servers/databases,rg-nonprod-018,northeurope,Optimize-Tier,Optimize service tier,Move to a lower-cost tier aligned with observed demand,,,MEDIUM,LOW,HEURISTIC,FULL,PARTIAL,"Metric1,Metric2",security,risk,nonprod,CC1009,2750.55,Standard_D8s_v5,8,32.0,,Moderate,False,72,Mock_4vCPU_16GB,4,16.0,65.4,1014.27,0.0,Medium,RESOLVED
2026-09-10,run-20260910-official-001,FIS-DIGITAL,SUB-DIGITAL-08,/subscriptions/00000018-0018-4018-8018-000000000018/resourceGroups/rg-nonprod-018/providers/microsoft.dbformysql/servers/databases/mysql-database-017,mysql-database-017,microsoft.dbformysql/servers/databases,rg-nonprod-018,northeurope,Optimize-Tier,Optimize service tier,Move to a lower-cost tier aligned with observed demand,,,MEDIUM,LOW,HEURISTIC,FULL,PARTIAL,"Metric1,Metric2",security,risk,nonprod,CC1009,2750.55,Standard_D8s_v5,8,32.0,,Aggressive,False,80,Mock_2vCPU_8GB,2,8.0,74.3,1273.73,0.0,High,RESOLVED
2026-09-10,run-20260910-official-001,FIS-INTERNATIONAL,SUB-INTERNATIONAL-03,/subscriptions/00000023-0023-4023-8023-000000000023/resourceGroups/rg-dev-023/providers/microsoft.dbformysql/servers/databases/mysql-database-018,mysql-database-018,microsoft.dbformysql/servers/databases,rg-dev-023,brazilsouth,Review-Utilization,Review utilization,Resource shows optimization opportunity based on current utilization,,,HIGH,MEDIUM,PRICED,FULL,PARTIAL,"Metric1,Metric2,Metric3",core-banking,ledger,dev,CC1008,17524.98,Standard_D4s_v5,4,16.0,,Conservative,True,65,Mock_2vCPU_8GB,2,8.0,68.1,5618.18,5618.18,Low,RESOLVED
2026-09-10,run-20260910-official-001,FIS-INTERNATIONAL,SUB-INTERNATIONAL-03,/subscriptions/00000023-0023-4023-8023-000000000023/resourceGroups/rg-dev-023/providers/microsoft.dbformysql/servers/databases/mysql-database-018,mysql-database-018,microsoft.dbformysql/servers/databases,rg-dev-023,brazilsouth,Review-Utilization,Review utilization,Resource shows optimization opportunity based on current utilization,,,HIGH,MEDIUM,PRICED,FULL,PARTIAL,"Metric1,Metric2,Metric3",core-banking,ledger,dev,CC1008,17524.98,Standard_D4s_v5,4,16.0,,Moderate,False,72,Mock_2vCPU_8GB,2,8.0,65.2,6902.33,0.0,Medium,RESOLVED
2026-09-10,run-20260910-official-001,FIS-INTERNATIONAL,SUB-INTERNATIONAL-03,/subscriptions/00000023-0023-4023-8023-000000000023/resourceGroups/rg-dev-023/providers/microsoft.dbformysql/servers/databases/mysql-database-018,mysql-database-018,microsoft.dbformysql/servers/databases,rg-dev-023,brazilsouth,Review-Utilization,Review utilization,Resource shows optimization opportunity based on current utilization,,,HIGH,MEDIUM,PRICED,FULL,PARTIAL,"Metric1,Metric2,Metric3",core-banking,ledger,dev,CC1008,17524.98,Standard_D4s_v5,4,16.0,,Aggressive,False,80,Mock_1vCPU_4GB,1,4.0,83.5,8668.05,0.0,High,RESOLVED
2026-09-10,run-20260910-official-001,FIS-INTERNATIONAL,SUB-INTERNATIONAL-04,/subscriptions/00000024-0024-4024-8024-000000000024/resourceGroups/rg-qa-024/providers/microsoft.dbformysql/servers/databases/mysql-database-020,mysql-database-020,microsoft.dbformysql/servers/databases,rg-qa-024,eastus2,Review-Utilization,Review utilization,Resource shows optimization opportunity based on current utilization,,,LOW,HIGH,PRICED,FULL,COMPLETE,,core-banking,payments,qa,CC1008,220.45,Standard_D2s_v5,2,8.0,,Conservative,True,65,Mock_1vCPU_4GB,1,4.0,59.1,34.27,34.27,Low,RESOLVED
2026-09-10,run-20260910-official-001,FIS-INTERNATIONAL,SUB-INTERNATIONAL-04,/subscriptions/00000024-0024-4024-8024-000000000024/resourceGroups/rg-qa-024/providers/microsoft.dbformysql/servers/databases/mysql-database-020,mysql-database-020,microsoft.dbformysql/servers/databases,rg-qa-024,eastus2,Review-Utilization,Review utilization,Resource shows optimization opportunity based on current utilization,,,LOW,HIGH,PRICED,FULL,COMPLETE,,core-banking,payments,qa,CC1008,220.45,Standard_D2s_v5,2,8.0,,Moderate,False,72,Mock_1vCPU_4GB,1,4.0,81.6,42.11,0.0,Medium,RESOLVED
2026-09-10,run-20260910-official-001,FIS-INTERNATIONAL,SUB-INTERNATIONAL-04,/subscriptions/00000024-0024-4024-8024-000000000024/resourceGroups/rg-qa-024/providers/microsoft.dbformysql/servers/databases/mysql-database-020,mysql-database-020,microsoft.dbformysql/servers/databases,rg-qa-024,eastus2,Review-Utilization,Review utilization,Resource shows optimization opportunity based on current utilization,,,LOW,HIGH,PRICED,FULL,COMPLETE,,core-banking,payments,qa,CC1008,220.45,Standard_D2s_v5,2,8.0,,Aggressive,False,80,Mock_1vCPU_2GB,1,2.0,89.6,52.88,0.0,High,RESOLVED
2026-09-10,run-20260910-official-001,FIS-DIGITAL,SUB-DIGITAL-07,/subscriptions/00000017-0017-4017-8017-000000000017/resourceGroups/rg-dev-047/providers/microsoft.dbformysql/servers/databases/mysql-database-021,mysql-database-021,microsoft.dbformysql/servers/databases,rg-dev-047,westus2,Downsize,Downsize resource,Rightsize based on sustained utilization,,,MEDIUM,MEDIUM,HEURISTIC,FULL,PARTIAL,"Metric1,Metric2,Metric3,Metric4",integration,identity,dev,CC1004,2313.0,P1v3,2,8.0,,Conservative,True,65,Mock_1vCPU_4GB,1,4.0,68.4,717.28,717.28,Low,RESOLVED
2026-09-10,run-20260910-official-001,FIS-DIGITAL,SUB-DIGITAL-07,/subscriptions/00000017-0017-4017-8017-000000000017/resourceGroups/rg-dev-047/providers/microsoft.dbformysql/servers/databases/mysql-database-021,mysql-database-021,microsoft.dbformysql/servers/databases,rg-dev-047,westus2,Downsize,Downsize resource,Rightsize based on sustained utilization,,,MEDIUM,MEDIUM,HEURISTIC,FULL,PARTIAL,"Metric1,Metric2,Metric3,Metric4",integration,identity,dev,CC1004,2313.0,P1v3,2,8.0,,Moderate,False,72,Mock_1vCPU_4GB,1,4.0,80.7,881.23,0.0,Medium,RESOLVED
2026-09-10,run-20260910-official-001,FIS-DIGITAL,SUB-DIGITAL-07,/subscriptions/00000017-0017-4017-8017-000000000017/resourceGroups/rg-dev-047/providers/microsoft.dbformysql/servers/databases/mysql-database-021,mysql-database-021,microsoft.dbformysql/servers/databases,rg-dev-047,westus2,Downsize,Downsize resource,Rightsize based on sustained utilization,,,MEDIUM,MEDIUM,HEURISTIC,FULL,PARTIAL,"Metric1,Metric2,Metric3,Metric4",integration,identity,dev,CC1004,2313.0,P1v3,2,8.0,,Aggressive,False,80,Mock_1vCPU_2GB,1,2.0,90.5,1106.67,0.0,High,RESOLVED
2026-09-10,run-20260910-official-001,FIS-CORP,SUB-CORP-10,/subscriptions/00000010-0010-4010-8010-000000000010/resourceGroups/rg-nonprod-010/providers/microsoft.dbformysql/servers/databases/mysql-database-022,mysql-database-022,microsoft.dbformysql/servers/databases,rg-nonprod-010,westeurope,Optimize-Tier,Optimize service tier,Move to a lower-cost tier aligned with observed demand,,,HIGH,MEDIUM,PRICED,FULL,COMPLETE,,digital-channels,risk,nonprod,CC1005,14510.04,GP_Gen5_4,4,20.0,,Conservative,True,65,Mock_2vCPU_10GB,2,10.0,62.7,2719.6,2719.6,Low,RESOLVED
2026-09-10,run-20260910-official-001,FIS-CORP,SUB-CORP-10,/subscriptions/00000010-0010-4010-8010-000000000010/resourceGroups/rg-nonprod-010/providers/microsoft.dbformysql/servers/databases/mysql-database-022,mysql-database-022,microsoft.dbformysql/servers/databases,rg-nonprod-010,westeurope,Optimize-Tier,Optimize service tier,Move to a lower-cost tier aligned with observed demand,,,HIGH,MEDIUM,PRICED,FULL,COMPLETE,,digital-channels,risk,nonprod,CC1005,14510.04,GP_Gen5_4,4,20.0,,Moderate,False,72,Mock_2vCPU_10GB,2,10.0,66.9,3341.22,0.0,Medium,RESOLVED
2026-09-10,run-20260910-official-001,FIS-CORP,SUB-CORP-10,/subscriptions/00000010-0010-4010-8010-000000000010/resourceGroups/rg-nonprod-010/providers/microsoft.dbformysql/servers/databases/mysql-database-022,mysql-database-022,microsoft.dbformysql/servers/databases,rg-nonprod-010,westeurope,Optimize-Tier,Optimize service tier,Move to a lower-cost tier aligned with observed demand,,,HIGH,MEDIUM,PRICED,FULL,COMPLETE,,digital-channels,risk,nonprod,CC1005,14510.04,GP_Gen5_4,4,20.0,,Aggressive,False,80,Mock_1vCPU_5GB,1,5.0,84.9,4195.95,0.0,High,RESOLVED
2026-09-10,run-20260910-official-001,FIS-DIGITAL,SUB-DIGITAL-01,/subscriptions/00000011-0011-4011-8011-000000000011/resourceGroups/rg-dev-011/providers/microsoft.dbformariadb/servers/databases/mariadb-database-002,mariadb-database-002,microsoft.dbformariadb/servers/databases,rg-dev-011,northeurope,Downsize,Downsize resource,Rightsize based on sustained utilization,,,MEDIUM,LOW,PRICED,FULL,COMPLETE,,core-banking,identity,dev,CC1007,11374.32,GP_Gen5_8,8,40.0,,Conservative,True,65,Mock_4vCPU_20GB,4,20.0,62.0,838.71,838.71,Low,RESOLVED
2026-09-10,run-20260910-official-001,FIS-DIGITAL,SUB-DIGITAL-01,/subscriptions/00000011-0011-4011-8011-000000000011/resourceGroups/rg-dev-011/providers/microsoft.dbformariadb/servers/databases/mariadb-database-002,mariadb-database-002,microsoft.dbformariadb/servers/databases,rg-dev-011,northeurope,Downsize,Downsize resource,Rightsize based on sustained utilization,,,MEDIUM,LOW,PRICED,FULL,COMPLETE,,core-banking,identity,dev,CC1007,11374.32,GP_Gen5_8,8,40.0,,Moderate,False,72,Mock_4vCPU_20GB,4,20.0,73.1,1030.42,0.0,Medium,RESOLVED
2026-09-10,run-20260910-official-001,FIS-DIGITAL,SUB-DIGITAL-01,/subscriptions/00000011-0011-4011-8011-000000000011/resourceGroups/rg-dev-011/providers/microsoft.dbformariadb/servers/databases/mariadb-database-002,mariadb-database-002,microsoft.dbformariadb/servers/databases,rg-dev-011,northeurope,Downsize,Downsize resource,Rightsize based on sustained utilization,,,MEDIUM,LOW,PRICED,FULL,COMPLETE,,core-banking,identity,dev,CC1007,11374.32,GP_Gen5_8,8,40.0,,Aggressive,False,80,Mock_2vCPU_10GB,2,10.0,87.3,1294.01,0.0,High,RESOLVED
2026-09-10,run-20260910-official-001,FIS-CORP,SUB-CORP-05,/subscriptions/00000005-0005-4005-8005-000000000005/resourceGroups/rg-dev-035/providers/microsoft.dbformariadb/servers/databases/mariadb-database-003,mariadb-database-003,microsoft.dbformariadb/servers/databases,rg-dev-035,eastus2,Optimize-Tier,Optimize service tier,Move to a lower-cost tier aligned with observed demand,,,MEDIUM,MEDIUM,PRICED,FULL,COMPLETE,,core-banking,ledger,dev,CC1012,11558.64,GP_Gen5_4,4,20.0,,Conservative,True,65,Mock_2vCPU_10GB,2,10.0,75.5,658.29,658.29,Low,RESOLVED
2026-09-10,run-20260910-official-001,FIS-CORP,SUB-CORP-05,/subscriptions/00000005-0005-4005-8005-000000000005/resourceGroups/rg-dev-035/providers/microsoft.dbformariadb/servers/databases/mariadb-database-003,mariadb-database-003,microsoft.dbformariadb/servers/databases,rg-dev-035,eastus2,Optimize-Tier,Optimize service tier,Move to a lower-cost tier aligned with observed demand,,,MEDIUM,MEDIUM,PRICED,FULL,COMPLETE,,core-banking,ledger,dev,CC1012,11558.64,GP_Gen5_4,4,20.0,,Moderate,False,72,Mock_2vCPU_10GB,2,10.0,79.5,808.76,0.0,Medium,RESOLVED
2026-09-10,run-20260910-official-001,FIS-CORP,SUB-CORP-05,/subscriptions/00000005-0005-4005-8005-000000000005/resourceGroups/rg-dev-035/providers/microsoft.dbformariadb/servers/databases/mariadb-database-003,mariadb-database-003,microsoft.dbformariadb/servers/databases,rg-dev-035,eastus2,Optimize-Tier,Optimize service tier,Move to a lower-cost tier aligned with observed demand,,,MEDIUM,MEDIUM,PRICED,FULL,COMPLETE,,core-banking,ledger,dev,CC1012,11558.64,GP_Gen5_4,4,20.0,,Aggressive,False,80,Mock_1vCPU_5GB,1,5.0,80.6,1015.65,0.0,High,RESOLVED
2026-09-10,run-20260910-official-001,FIS-DIGITAL,SUB-DIGITAL-01,/subscriptions/00000011-0011-4011-8011-000000000011/resourceGroups/rg-prod-041/providers/microsoft.dbformariadb/servers/databases/mariadb-database-004,mariadb-database-004,microsoft.dbformariadb/servers/databases,rg-prod-041,northeurope,Optimize-Tier,Optimize service tier,Move to a lower-cost tier aligned with observed demand,,,HIGH,LOW,PRICED,FULL,PARTIAL,"Metric1,Metric2,Metric3,Metric4,Metric5",integration,risk,prod,CC1011,14395.39,S3,4,7.0,,Conservative,True,65,Mock_2vCPU_3GB,2,3.5,60.5,2136.13,2136.13,Low,RESOLVED
2026-09-10,run-20260910-official-001,FIS-DIGITAL,SUB-DIGITAL-01,/subscriptions/00000011-0011-4011-8011-000000000011/resourceGroups/rg-prod-041/providers/microsoft.dbformariadb/servers/databases/mariadb-database-004,mariadb-database-004,microsoft.dbformariadb/servers/databases,rg-prod-041,northeurope,Optimize-Tier,Optimize service tier,Move to a lower-cost tier aligned with observed demand,,,HIGH,LOW,PRICED,FULL,PARTIAL,"Metric1,Metric2,Metric3,Metric4,Metric5",integration,risk,prod,CC1011,14395.39,S3,4,7.0,,Moderate,False,72,Mock_2vCPU_3GB,2,3.5,74.0,2624.39,0.0,Medium,RESOLVED
2026-09-10,run-20260910-official-001,FIS-DIGITAL,SUB-DIGITAL-01,/subscriptions/00000011-0011-4011-8011-000000000011/resourceGroups/rg-prod-041/providers/microsoft.dbformariadb/servers/databases/mariadb-database-004,mariadb-database-004,microsoft.dbformariadb/servers/databases,rg-prod-041,northeurope,Optimize-Tier,Optimize service tier,Move to a lower-cost tier aligned with observed demand,,,HIGH,LOW,PRICED,FULL,PARTIAL,"Metric1,Metric2,Metric3,Metric4,Metric5",integration,risk,prod,CC1011,14395.39,S3,4,7.0,,Aggressive,False,80,Mock_1vCPU_1GB,1,1.8,78.9,3295.75,0.0,High,RESOLVED
2026-09-10,run-20260910-official-001,FIS-DIGITAL,SUB-DIGITAL-01,/subscriptions/00000011-0011-4011-8011-000000000011/resourceGroups/rg-dev-011/providers/microsoft.dbformariadb/servers/databases/mariadb-database-008,mariadb-database-008,microsoft.dbformariadb/servers/databases,rg-dev-011,eastus2,Optimize-Tier,Optimize service tier,Move to a lower-cost tier aligned with observed demand,,,MEDIUM,HIGH,PRICED,FULL,COMPLETE,,core-banking,payments,dev,CC1006,9074.85,GP_Gen5_8,8,40.0,,Conservative,True,65,Mock_4vCPU_20GB,4,20.0,60.2,997.91,997.91,Low,RESOLVED
2026-09-10,run-20260910-official-001,FIS-DIGITAL,SUB-DIGITAL-01,/subscriptions/00000011-0011-4011-8011-000000000011/resourceGroups/rg-dev-011/providers/microsoft.dbformariadb/servers/databases/mariadb-database-008,mariadb-database-008,microsoft.dbformariadb/servers/databases,rg-dev-011,eastus2,Optimize-Tier,Optimize service tier,Move to a lower-cost tier aligned with observed demand,,,MEDIUM,HIGH,PRICED,FULL,COMPLETE,,core-banking,payments,dev,CC1006,9074.85,GP_Gen5_8,8,40.0,,Moderate,False,72,Mock_4vCPU_20GB,4,20.0,67.6,1226.0,0.0,Medium,RESOLVED
2026-09-10,run-20260910-official-001,FIS-DIGITAL,SUB-DIGITAL-01,/subscriptions/00000011-0011-4011-8011-000000000011/resourceGroups/rg-dev-011/providers/microsoft.dbformariadb/servers/databases/mariadb-database-008,mariadb-database-008,microsoft.dbformariadb/servers/databases,rg-dev-011,eastus2,Optimize-Tier,Optimize service tier,Move to a lower-cost tier aligned with observed demand,,,MEDIUM,HIGH,PRICED,FULL,COMPLETE,,core-banking,payments,dev,CC1006,9074.85,GP_Gen5_8,8,40.0,,Aggressive,False,80,Mock_2vCPU_10GB,2,10.0,91.7,1539.63,0.0,High,RESOLVED
2026-09-10,run-20260910-official-001,FIS-CORP,SUB-CORP-01,/subscriptions/00000001-0001-4001-8001-000000000001/resourceGroups/rg-prod-001/providers/microsoft.dbformariadb/servers/databases/mariadb-database-010,mariadb-database-010,microsoft.dbformariadb/servers/databases,rg-prod-001,northeurope,Downsize,Downsize resource,Rightsize based on sustained utilization,,,LOW,HIGH,HEURISTIC,FULL,PARTIAL,"Metric1,Metric2,Metric3,Metric4",core-banking,customer360,prod,CC1007,4351.18,GP_Gen5_4,4,20.0,,Conservative,True,65,Mock_2vCPU_10GB,2,10.0,61.0,368.72,368.72,Low,RESOLVED
2026-09-10,run-20260910-official-001,FIS-CORP,SUB-CORP-01,/subscriptions/00000001-0001-4001-8001-000000000001/resourceGroups/rg-prod-001/providers/microsoft.dbformariadb/servers/databases/mariadb-database-010,mariadb-database-010,microsoft.dbformariadb/servers/databases,rg-prod-001,northeurope,Downsize,Downsize resource,Rightsize based on sustained utilization,,,LOW,HIGH,HEURISTIC,FULL,PARTIAL,"Metric1,Metric2,Metric3,Metric4",core-banking,customer360,prod,CC1007,4351.18,GP_Gen5_4,4,20.0,,Moderate,False,72,Mock_2vCPU_10GB,2,10.0,76.9,453.0,0.0,Medium,RESOLVED
2026-09-10,run-20260910-official-001,FIS-CORP,SUB-CORP-01,/subscriptions/00000001-0001-4001-8001-000000000001/resourceGroups/rg-prod-001/providers/microsoft.dbformariadb/servers/databases/mariadb-database-010,mariadb-database-010,microsoft.dbformariadb/servers/databases,rg-prod-001,northeurope,Downsize,Downsize resource,Rightsize based on sustained utilization,,,LOW,HIGH,HEURISTIC,FULL,PARTIAL,"Metric1,Metric2,Metric3,Metric4",core-banking,customer360,prod,CC1007,4351.18,GP_Gen5_4,4,20.0,,Aggressive,False,80,Mock_1vCPU_5GB,1,5.0,80.5,568.88,0.0,High,RESOLVED
2026-09-10,run-20260910-official-001,FIS-INTERNATIONAL,SUB-INTERNATIONAL-08,/subscriptions/00000028-0028-4028-8028-000000000028/resourceGroups/rg-qa-028/providers/microsoft.dbformariadb/servers/databases/mariadb-database-011,mariadb-database-011,microsoft.dbformariadb/servers/databases,rg-qa-028,centralus,Review-Utilization,Review utilization,Resource shows optimization opportunity based on current utilization,,,MEDIUM,HIGH,PRICED,FULL,COMPLETE,,core-banking,analytics,qa,CC1002,6293.97,P1v3,2,8.0,,Conservative,True,65,Mock_1vCPU_4GB,1,4.0,62.5,1473.62,1473.62,Low,RESOLVED
2026-09-10,run-20260910-official-001,FIS-INTERNATIONAL,SUB-INTERNATIONAL-08,/subscriptions/00000028-0028-4028-8028-000000000028/resourceGroups/rg-qa-028/providers/microsoft.dbformariadb/servers/databases/mariadb-database-011,mariadb-database-011,microsoft.dbformariadb/servers/databases,rg-qa-028,centralus,Review-Utilization,Review utilization,Resource shows optimization opportunity based on current utilization,,,MEDIUM,HIGH,PRICED,FULL,COMPLETE,,core-banking,analytics,qa,CC1002,6293.97,P1v3,2,8.0,,Moderate,False,72,Mock_1vCPU_4GB,1,4.0,77.8,1810.45,0.0,Medium,RESOLVED
2026-09-10,run-20260910-official-001,FIS-INTERNATIONAL,SUB-INTERNATIONAL-08,/subscriptions/00000028-0028-4028-8028-000000000028/resourceGroups/rg-qa-028/providers/microsoft.dbformariadb/servers/databases/mariadb-database-011,mariadb-database-011,microsoft.dbformariadb/servers/databases,rg-qa-028,centralus,Review-Utilization,Review utilization,Resource shows optimization opportunity based on current utilization,,,MEDIUM,HIGH,PRICED,FULL,COMPLETE,,core-banking,analytics,qa,CC1002,6293.97,P1v3,2,8.0,,Aggressive,False,80,Mock_1vCPU_2GB,1,2.0,73.4,2273.58,0.0,High,RESOLVED
2026-09-10,run-20260910-official-001,FIS-INTERNATIONAL,SUB-INTERNATIONAL-05,/subscriptions/00000025-0025-4025-8025-000000000025/resourceGroups/rg-prod-025/providers/microsoft.dbformariadb/servers/databases/mariadb-database-012,mariadb-database-012,microsoft.dbformariadb/servers/databases,rg-prod-025,eastus2,Downsize,Downsize resource,Rightsize based on sustained utilization,,,MEDIUM,LOW,PRICED,FULL,PARTIAL,"Metric1,Metric2",data-ai,customer360,prod,CC1012,8421.04,Standard_D4s_v5,4,16.0,,Conservative,True,65,Mock_2vCPU_8GB,2,8.0,75.4,1707.98,1707.98,Low,RESOLVED
2026-09-10,run-20260910-official-001,FIS-INTERNATIONAL,SUB-INTERNATIONAL-05,/subscriptions/00000025-0025-4025-8025-000000000025/resourceGroups/rg-prod-025/providers/microsoft.dbformariadb/servers/databases/mariadb-database-012,mariadb-database-012,microsoft.dbformariadb/servers/databases,rg-prod-025,eastus2,Downsize,Downsize resource,Rightsize based on sustained utilization,,,MEDIUM,LOW,PRICED,FULL,PARTIAL,"Metric1,Metric2",data-ai,customer360,prod,CC1012,8421.04,Standard_D4s_v5,4,16.0,,Moderate,False,72,Mock_2vCPU_8GB,2,8.0,72.0,2098.37,0.0,Medium,RESOLVED
2026-09-10,run-20260910-official-001,FIS-INTERNATIONAL,SUB-INTERNATIONAL-05,/subscriptions/00000025-0025-4025-8025-000000000025/resourceGroups/rg-prod-025/providers/microsoft.dbformariadb/servers/databases/mariadb-database-012,mariadb-database-012,microsoft.dbformariadb/servers/databases,rg-prod-025,eastus2,Downsize,Downsize resource,Rightsize based on sustained utilization,,,MEDIUM,LOW,PRICED,FULL,PARTIAL,"Metric1,Metric2",data-ai,customer360,prod,CC1012,8421.04,Standard_D4s_v5,4,16.0,,Aggressive,False,80,Mock_1vCPU_4GB,1,4.0,78.3,2635.17,0.0,High,RESOLVED
2026-09-10,run-20260910-official-001,FIS-CORP,SUB-CORP-02,/subscriptions/00000002-0002-4002-8002-000000000002/resourceGroups/rg-qa-032/providers/microsoft.dbformariadb/servers/databases/mariadb-database-013,mariadb-database-013,microsoft.dbformariadb/servers/databases,rg-qa-032,brazilsouth,Downsize,Downsize resource,Rightsize based on sustained utilization,,,MEDIUM,MEDIUM,HEURISTIC,FULL,PARTIAL,"Metric1,Metric2,Metric3",core-banking,payments,qa,CC1011,6137.63,P1v3,2,8.0,,Conservative,True,65,Mock_1vCPU_4GB,1,4.0,64.9,1034.57,1034.57,Low,RESOLVED
2026-09-10,run-20260910-official-001,FIS-CORP,SUB-CORP-02,/subscriptions/00000002-0002-4002-8002-000000000002/resourceGroups/rg-qa-032/providers/microsoft.dbformariadb/servers/databases/mariadb-database-013,mariadb-database-013,microsoft.dbformariadb/servers/databases,rg-qa-032,brazilsouth,Downsize,Downsize resource,Rightsize based on sustained utilization,,,MEDIUM,MEDIUM,HEURISTIC,FULL,PARTIAL,"Metric1,Metric2,Metric3",core-banking,payments,qa,CC1011,6137.63,P1v3,2,8.0,,Moderate,False,72,Mock_1vCPU_4GB,1,4.0,69.9,1271.04,0.0,Medium,RESOLVED
2026-09-10,run-20260910-official-001,FIS-CORP,SUB-CORP-02,/subscriptions/00000002-0002-4002-8002-000000000002/resourceGroups/rg-qa-032/providers/microsoft.dbformariadb/servers/databases/mariadb-database-013,mariadb-database-013,microsoft.dbformariadb/servers/databases,rg-qa-032,brazilsouth,Downsize,Downsize resource,Rightsize based on sustained utilization,,,MEDIUM,MEDIUM,HEURISTIC,FULL,PARTIAL,"Metric1,Metric2,Metric3",core-banking,payments,qa,CC1011,6137.63,P1v3,2,8.0,,Aggressive,False,80,Mock_1vCPU_2GB,1,2.0,78.2,1596.19,0.0,High,RESOLVED
2026-09-10,run-20260910-official-001,FIS-DIGITAL,SUB-DIGITAL-07,/subscriptions/00000017-0017-4017-8017-000000000017/resourceGroups/rg-dev-047/providers/microsoft.dbformariadb/servers/databases/mariadb-database-014,mariadb-database-014,microsoft.dbformariadb/servers/databases,rg-dev-047,brazilsouth,Optimize-Tier,Optimize service tier,Move to a lower-cost tier aligned with observed demand,,,LOW,LOW,PRICED,FULL,PARTIAL,Metric1,digital-channels,payments,dev,CC1010,1071.35,GP_Gen5_8,8,40.0,,Conservative,True,65,Mock_4vCPU_20GB,4,20.0,75.8,208.06,208.06,Low,RESOLVED
2026-09-10,run-20260910-official-001,FIS-DIGITAL,SUB-DIGITAL-07,/subscriptions/00000017-0017-4017-8017-000000000017/resourceGroups/rg-dev-047/providers/microsoft.dbformariadb/servers/databases/mariadb-database-014,mariadb-database-014,microsoft.dbformariadb/servers/databases,rg-dev-047,brazilsouth,Optimize-Tier,Optimize service tier,Move to a lower-cost tier aligned with observed demand,,,LOW,LOW,PRICED,FULL,PARTIAL,Metric1,digital-channels,payments,dev,CC1010,1071.35,GP_Gen5_8,8,40.0,,Moderate,False,72,Mock_4vCPU_20GB,4,20.0,67.3,255.62,0.0,Medium,RESOLVED
2026-09-10,run-20260910-official-001,FIS-DIGITAL,SUB-DIGITAL-07,/subscriptions/00000017-0017-4017-8017-000000000017/resourceGroups/rg-dev-047/providers/microsoft.dbformariadb/servers/databases/mariadb-database-014,mariadb-database-014,microsoft.dbformariadb/servers/databases,rg-dev-047,brazilsouth,Optimize-Tier,Optimize service tier,Move to a lower-cost tier aligned with observed demand,,,LOW,LOW,PRICED,FULL,PARTIAL,Metric1,digital-channels,payments,dev,CC1010,1071.35,GP_Gen5_8,8,40.0,,Aggressive,False,80,Mock_2vCPU_10GB,2,10.0,73.4,321.01,0.0,High,RESOLVED
2026-09-10,run-20260910-official-001,FIS-CORP,SUB-CORP-01,/subscriptions/00000001-0001-4001-8001-000000000001/resourceGroups/rg-dev-031/providers/microsoft.dbformariadb/servers/databases/mariadb-database-017,mariadb-database-017,microsoft.dbformariadb/servers/databases,rg-dev-031,westeurope,Downsize,Downsize resource,Rightsize based on sustained utilization,,,MEDIUM,HIGH,HEURISTIC,FULL,PARTIAL,Metric1,security,analytics,dev,CC1011,7747.48,Standard_D8s_v5,8,32.0,,Conservative,True,65,Mock_4vCPU_16GB,4,16.0,71.4,851.33,851.33,Low,RESOLVED
2026-09-10,run-20260910-official-001,FIS-CORP,SUB-CORP-01,/subscriptions/00000001-0001-4001-8001-000000000001/resourceGroups/rg-dev-031/providers/microsoft.dbformariadb/servers/databases/mariadb-database-017,mariadb-database-017,microsoft.dbformariadb/servers/databases,rg-dev-031,westeurope,Downsize,Downsize resource,Rightsize based on sustained utilization,,,MEDIUM,HIGH,HEURISTIC,FULL,PARTIAL,Metric1,security,analytics,dev,CC1011,7747.48,Standard_D8s_v5,8,32.0,,Moderate,False,72,Mock_4vCPU_16GB,4,16.0,81.9,1045.91,0.0,Medium,RESOLVED
2026-09-10,run-20260910-official-001,FIS-CORP,SUB-CORP-01,/subscriptions/00000001-0001-4001-8001-000000000001/resourceGroups/rg-dev-031/providers/microsoft.dbformariadb/servers/databases/mariadb-database-017,mariadb-database-017,microsoft.dbformariadb/servers/databases,rg-dev-031,westeurope,Downsize,Downsize resource,Rightsize based on sustained utilization,,,MEDIUM,HIGH,HEURISTIC,FULL,PARTIAL,Metric1,security,analytics,dev,CC1011,7747.48,Standard_D8s_v5,8,32.0,,Aggressive,False,80,Mock_2vCPU_8GB,2,8.0,73.2,1313.47,0.0,High,RESOLVED
2026-09-10,run-20260910-official-001,FIS-CORP,SUB-CORP-05,/subscriptions/00000005-0005-4005-8005-000000000005/resourceGroups/rg-prod-005/providers/microsoft.dbformariadb/servers/databases/mariadb-database-019,mariadb-database-019,microsoft.dbformariadb/servers/databases,rg-prod-005,westus2,Review-Utilization,Review utilization,Resource shows optimization opportunity based on current utilization,,,MEDIUM,MEDIUM,PRICED,FULL,PARTIAL,"Metric1,Metric2",security,identity,prod,CC1008,10125.09,Standard_D2s_v5,2,8.0,,Conservative,True,65,Mock_1vCPU_4GB,1,4.0,76.9,608.89,608.89,Low,RESOLVED
2026-09-10,run-20260910-official-001,FIS-CORP,SUB-CORP-05,/subscriptions/00000005-0005-4005-8005-000000000005/resourceGroups/rg-prod-005/providers/microsoft.dbformariadb/servers/databases/mariadb-database-019,mariadb-database-019,microsoft.dbformariadb/servers/databases,rg-prod-005,westus2,Review-Utilization,Review utilization,Resource shows optimization opportunity based on current utilization,,,MEDIUM,MEDIUM,PRICED,FULL,PARTIAL,"Metric1,Metric2",security,identity,prod,CC1008,10125.09,Standard_D2s_v5,2,8.0,,Moderate,False,72,Mock_1vCPU_4GB,1,4.0,76.4,748.07,0.0,Medium,RESOLVED
2026-09-10,run-20260910-official-001,FIS-CORP,SUB-CORP-05,/subscriptions/00000005-0005-4005-8005-000000000005/resourceGroups/rg-prod-005/providers/microsoft.dbformariadb/servers/databases/mariadb-database-019,mariadb-database-019,microsoft.dbformariadb/servers/databases,rg-prod-005,westus2,Review-Utilization,Review utilization,Resource shows optimization opportunity based on current utilization,,,MEDIUM,MEDIUM,PRICED,FULL,PARTIAL,"Metric1,Metric2",security,identity,prod,CC1008,10125.09,Standard_D2s_v5,2,8.0,,Aggressive,False,80,Mock_1vCPU_2GB,1,2.0,79.5,939.44,0.0,High,RESOLVED
2026-09-10,run-20260910-official-001,FIS-DIGITAL,SUB-DIGITAL-05,/subscriptions/00000015-0015-4015-8015-000000000015/resourceGroups/rg-prod-045/providers/microsoft.dbformariadb/servers/databases/mariadb-database-020,mariadb-database-020,microsoft.dbformariadb/servers/databases,rg-prod-045,westeurope,Review-Utilization,Review utilization,Resource shows optimization opportunity based on current utilization,,,MEDIUM,MEDIUM,PRICED,FULL,PARTIAL,"Metric1,Metric2,Metric3",integration,api-hub,prod,CC1008,7254.52,Standard_D2s_v5,2,8.0,,Conservative,True,65,Mock_1vCPU_4GB,1,4.0,69.2,1104.2,1104.2,Low,RESOLVED
2026-09-10,run-20260910-official-001,FIS-DIGITAL,SUB-DIGITAL-05,/subscriptions/00000015-0015-4015-8015-000000000015/resourceGroups/rg-prod-045/providers/microsoft.dbformariadb/servers/databases/mariadb-database-020,mariadb-database-020,microsoft.dbformariadb/servers/databases,rg-prod-045,westeurope,Review-Utilization,Review utilization,Resource shows optimization opportunity based on current utilization,,,MEDIUM,MEDIUM,PRICED,FULL,PARTIAL,"Metric1,Metric2,Metric3",integration,api-hub,prod,CC1008,7254.52,Standard_D2s_v5,2,8.0,,Moderate,False,72,Mock_1vCPU_4GB,1,4.0,69.1,1356.59,0.0,Medium,RESOLVED
2026-09-10,run-20260910-official-001,FIS-DIGITAL,SUB-DIGITAL-05,/subscriptions/00000015-0015-4015-8015-000000000015/resourceGroups/rg-prod-045/providers/microsoft.dbformariadb/servers/databases/mariadb-database-020,mariadb-database-020,microsoft.dbformariadb/servers/databases,rg-prod-045,westeurope,Review-Utilization,Review utilization,Resource shows optimization opportunity based on current utilization,,,MEDIUM,MEDIUM,PRICED,FULL,PARTIAL,"Metric1,Metric2,Metric3",integration,api-hub,prod,CC1008,7254.52,Standard_D2s_v5,2,8.0,,Aggressive,False,80,Mock_1vCPU_2GB,1,2.0,91.8,1703.62,0.0,High,RESOLVED
2026-09-10,run-20260910-official-001,FIS-CORP,SUB-CORP-10,/subscriptions/00000010-0010-4010-8010-000000000010/resourceGroups/rg-nonprod-010/providers/microsoft.dbformariadb/servers/databases/mariadb-database-021,mariadb-database-021,microsoft.dbformariadb/servers/databases,rg-nonprod-010,northeurope,Downsize,Downsize resource,Rightsize based on sustained utilization,,,LOW,HIGH,HEURISTIC,FULL,COMPLETE,,payments,reporting,nonprod,CC1002,4301.78,Standard_D2s_v5,2,8.0,,Conservative,True,65,Mock_1vCPU_4GB,1,4.0,63.6,252.35,252.35,Low,RESOLVED
2026-09-10,run-20260910-official-001,FIS-CORP,SUB-CORP-10,/subscriptions/00000010-0010-4010-8010-000000000010/resourceGroups/rg-nonprod-010/providers/microsoft.dbformariadb/servers/databases/mariadb-database-021,mariadb-database-021,microsoft.dbformariadb/servers/databases,rg-nonprod-010,northeurope,Downsize,Downsize resource,Rightsize based on sustained utilization,,,LOW,HIGH,HEURISTIC,FULL,COMPLETE,,payments,reporting,nonprod,CC1002,4301.78,Standard_D2s_v5,2,8.0,,Moderate,False,72,Mock_1vCPU_4GB,1,4.0,74.4,310.03,0.0,Medium,RESOLVED
2026-09-10,run-20260910-official-001,FIS-CORP,SUB-CORP-10,/subscriptions/00000010-0010-4010-8010-000000000010/resourceGroups/rg-nonprod-010/providers/microsoft.dbformariadb/servers/databases/mariadb-database-021,mariadb-database-021,microsoft.dbformariadb/servers/databases,rg-nonprod-010,northeurope,Downsize,Downsize resource,Rightsize based on sustained utilization,,,LOW,HIGH,HEURISTIC,FULL,COMPLETE,,payments,reporting,nonprod,CC1002,4301.78,Standard_D2s_v5,2,8.0,,Aggressive,False,80,Mock_1vCPU_2GB,1,2.0,81.3,389.34,0.0,High,RESOLVED
2026-09-10,run-20260910-official-001,FIS-INTERNATIONAL,SUB-INTERNATIONAL-04,/subscriptions/00000024-0024-4024-8024-000000000024/resourceGroups/rg-qa-024/providers/microsoft.dbformariadb/servers/databases/mariadb-database-023,mariadb-database-023,microsoft.dbformariadb/servers/databases,rg-qa-024,brazilsouth,Review-Utilization,Review utilization,Resource shows optimization opportunity based on current utilization,,,LOW,LOW,PRICED,FULL,PARTIAL,"Metric1,Metric2,Metric3",data-ai,api-hub,qa,CC1008,1594.98,Standard_D8s_v5,8,32.0,,Conservative,True,65,Mock_4vCPU_16GB,4,16.0,66.1,430.0,430.0,Low,RESOLVED
2026-09-10,run-20260910-official-001,FIS-INTERNATIONAL,SUB-INTERNATIONAL-04,/subscriptions/00000024-0024-4024-8024-000000000024/resourceGroups/rg-qa-024/providers/microsoft.dbformariadb/servers/databases/mariadb-database-023,mariadb-database-023,microsoft.dbformariadb/servers/databases,rg-qa-024,brazilsouth,Review-Utilization,Review utilization,Resource shows optimization opportunity based on current utilization,,,LOW,LOW,PRICED,FULL,PARTIAL,"Metric1,Metric2,Metric3",data-ai,api-hub,qa,CC1008,1594.98,Standard_D8s_v5,8,32.0,,Moderate,False,72,Mock_4vCPU_16GB,4,16.0,68.6,528.28,0.0,Medium,RESOLVED
2026-09-10,run-20260910-official-001,FIS-INTERNATIONAL,SUB-INTERNATIONAL-04,/subscriptions/00000024-0024-4024-8024-000000000024/resourceGroups/rg-qa-024/providers/microsoft.dbformariadb/servers/databases/mariadb-database-023,mariadb-database-023,microsoft.dbformariadb/servers/databases,rg-qa-024,brazilsouth,Review-Utilization,Review utilization,Resource shows optimization opportunity based on current utilization,,,LOW,LOW,PRICED,FULL,PARTIAL,"Metric1,Metric2,Metric3",data-ai,api-hub,qa,CC1008,1594.98,Standard_D8s_v5,8,32.0,,Aggressive,False,80,Mock_2vCPU_8GB,2,8.0,87.1,663.42,0.0,High,RESOLVED
2026-09-10,run-20260910-official-001,FIS-CORP,SUB-CORP-10,/subscriptions/00000010-0010-4010-8010-000000000010/resourceGroups/rg-nonprod-010/providers/microsoft.dbformariadb/servers/databases/mariadb-database-024,mariadb-database-024,microsoft.dbformariadb/servers/databases,rg-nonprod-010,westus2,Downsize,Downsize resource,Rightsize based on sustained utilization,,,MEDIUM,MEDIUM,PRICED,FULL,COMPLETE,,cloud-platform,customer360,nonprod,CC1012,6990.11,P1v3,2,8.0,,Conservative,True,65,Mock_1vCPU_4GB,1,4.0,74.2,585.4,585.4,Low,RESOLVED
2026-09-10,run-20260910-official-001,FIS-CORP,SUB-CORP-10,/subscriptions/00000010-0010-4010-8010-000000000010/resourceGroups/rg-nonprod-010/providers/microsoft.dbformariadb/servers/databases/mariadb-database-024,mariadb-database-024,microsoft.dbformariadb/servers/databases,rg-nonprod-010,westus2,Downsize,Downsize resource,Rightsize based on sustained utilization,,,MEDIUM,MEDIUM,PRICED,FULL,COMPLETE,,cloud-platform,customer360,nonprod,CC1012,6990.11,P1v3,2,8.0,,Moderate,False,72,Mock_1vCPU_4GB,1,4.0,80.1,719.21,0.0,Medium,RESOLVED
2026-09-10,run-20260910-official-001,FIS-CORP,SUB-CORP-10,/subscriptions/00000010-0010-4010-8010-000000000010/resourceGroups/rg-nonprod-010/providers/microsoft.dbformariadb/servers/databases/mariadb-database-024,mariadb-database-024,microsoft.dbformariadb/servers/databases,rg-nonprod-010,westus2,Downsize,Downsize resource,Rightsize based on sustained utilization,,,MEDIUM,MEDIUM,PRICED,FULL,COMPLETE,,cloud-platform,customer360,nonprod,CC1012,6990.11,P1v3,2,8.0,,Aggressive,False,80,Mock_1vCPU_2GB,1,2.0,87.6,903.19,0.0,High,RESOLVED
2026-09-10,run-20260910-official-001,FIS-DIGITAL,SUB-DIGITAL-08,/subscriptions/00000018-0018-4018-8018-000000000018/resourceGroups/rg-qa-048/providers/microsoft.cache/redis/azure-cache-for-redis-003,azure-cache-for-redis-003,microsoft.cache/redis,rg-qa-048,centralus,Optimize-Tier,Optimize service tier,Move to a lower-cost tier aligned with observed demand,,,HIGH,MEDIUM,PRICED,FULL,PARTIAL,"Metric1,Metric2,Metric3,Metric4",data-ai,reporting,qa,CC1004,10070.31,GP_Gen5_8,8,40.0,,Conservative,True,65,Mock_4vCPU_20GB,4,20.0,63.1,2272.0,2272.0,Low,RESOLVED
2026-09-10,run-20260910-official-001,FIS-DIGITAL,SUB-DIGITAL-08,/subscriptions/00000018-0018-4018-8018-000000000018/resourceGroups/rg-qa-048/providers/microsoft.cache/redis/azure-cache-for-redis-003,azure-cache-for-redis-003,microsoft.cache/redis,rg-qa-048,centralus,Optimize-Tier,Optimize service tier,Move to a lower-cost tier aligned with observed demand,,,HIGH,MEDIUM,PRICED,FULL,PARTIAL,"Metric1,Metric2,Metric3,Metric4",data-ai,reporting,qa,CC1004,10070.31,GP_Gen5_8,8,40.0,,Moderate,False,72,Mock_4vCPU_20GB,4,20.0,70.5,2791.31,0.0,Medium,RESOLVED
2026-09-10,run-20260910-official-001,FIS-DIGITAL,SUB-DIGITAL-08,/subscriptions/00000018-0018-4018-8018-000000000018/resourceGroups/rg-qa-048/providers/microsoft.cache/redis/azure-cache-for-redis-003,azure-cache-for-redis-003,microsoft.cache/redis,rg-qa-048,centralus,Optimize-Tier,Optimize service tier,Move to a lower-cost tier aligned with observed demand,,,HIGH,MEDIUM,PRICED,FULL,PARTIAL,"Metric1,Metric2,Metric3,Metric4",data-ai,reporting,qa,CC1004,10070.31,GP_Gen5_8,8,40.0,,Aggressive,False,80,Mock_2vCPU_10GB,2,10.0,78.8,3505.37,0.0,High,RESOLVED
2026-09-10,run-20260910-official-001,FIS-CORP,SUB-CORP-06,/subscriptions/00000006-0006-4006-8006-000000000006/resourceGroups/rg-nonprod-006/providers/microsoft.cache/redis/azure-cache-for-redis-004,azure-cache-for-redis-004,microsoft.cache/redis,rg-nonprod-006,northeurope,Optimize-Tier,Optimize service tier,Move to a lower-cost tier aligned with observed demand,,,LOW,HIGH,UNPRICED,FULL,COMPLETE,,integration,api-hub,nonprod,CC1012,10373.91,GP_Gen5_8,8,40.0,,Conservative,True,65,Mock_4vCPU_20GB,4,20.0,62.4,1089.26,1089.26,Low,RESOLVED
2026-09-10,run-20260910-official-001,FIS-CORP,SUB-CORP-06,/subscriptions/00000006-0006-4006-8006-000000000006/resourceGroups/rg-nonprod-006/providers/microsoft.cache/redis/azure-cache-for-redis-004,azure-cache-for-redis-004,microsoft.cache/redis,rg-nonprod-006,northeurope,Optimize-Tier,Optimize service tier,Move to a lower-cost tier aligned with observed demand,,,LOW,HIGH,UNPRICED,FULL,COMPLETE,,integration,api-hub,nonprod,CC1012,10373.91,GP_Gen5_8,8,40.0,,Moderate,False,72,Mock_4vCPU_20GB,4,20.0,81.4,1338.23,0.0,Medium,RESOLVED
2026-09-10,run-20260910-official-001,FIS-CORP,SUB-CORP-06,/subscriptions/00000006-0006-4006-8006-000000000006/resourceGroups/rg-nonprod-006/providers/microsoft.cache/redis/azure-cache-for-redis-004,azure-cache-for-redis-004,microsoft.cache/redis,rg-nonprod-006,northeurope,Optimize-Tier,Optimize service tier,Move to a lower-cost tier aligned with observed demand,,,LOW,HIGH,UNPRICED,FULL,COMPLETE,,integration,api-hub,nonprod,CC1012,10373.91,GP_Gen5_8,8,40.0,,Aggressive,False,80,Mock_2vCPU_10GB,2,10.0,82.3,1680.57,0.0,High,RESOLVED
2026-09-10,run-20260910-official-001,FIS-CORP,SUB-CORP-01,/subscriptions/00000001-0001-4001-8001-000000000001/resourceGroups/rg-prod-001/providers/microsoft.cache/redis/azure-cache-for-redis-005,azure-cache-for-redis-005,microsoft.cache/redis,rg-prod-001,brazilsouth,Downsize,Downsize resource,Rightsize based on sustained utilization,,,MEDIUM,HIGH,PRICED,FULL,PARTIAL,"Metric1,Metric2",security,customer360,prod,CC1011,2870.44,S3,4,7.0,,Conservative,True,65,Mock_2vCPU_3GB,2,3.5,63.2,586.19,586.19,Low,RESOLVED
2026-09-10,run-20260910-official-001,FIS-CORP,SUB-CORP-01,/subscriptions/00000001-0001-4001-8001-000000000001/resourceGroups/rg-prod-001/providers/microsoft.cache/redis/azure-cache-for-redis-005,azure-cache-for-redis-005,microsoft.cache/redis,rg-prod-001,brazilsouth,Downsize,Downsize resource,Rightsize based on sustained utilization,,,MEDIUM,HIGH,PRICED,FULL,PARTIAL,"Metric1,Metric2",security,customer360,prod,CC1011,2870.44,S3,4,7.0,,Moderate,False,72,Mock_2vCPU_3GB,2,3.5,78.9,720.17,0.0,Medium,RESOLVED
2026-09-10,run-20260910-official-001,FIS-CORP,SUB-CORP-01,/subscriptions/00000001-0001-4001-8001-000000000001/resourceGroups/rg-prod-001/providers/microsoft.cache/redis/azure-cache-for-redis-005,azure-cache-for-redis-005,microsoft.cache/redis,rg-prod-001,brazilsouth,Downsize,Downsize resource,Rightsize based on sustained utilization,,,MEDIUM,HIGH,PRICED,FULL,PARTIAL,"Metric1,Metric2",security,customer360,prod,CC1011,2870.44,S3,4,7.0,,Aggressive,False,80,Mock_1vCPU_1GB,1,1.8,85.4,904.4,0.0,High,RESOLVED
2026-09-10,run-20260910-official-001,FIS-DIGITAL,SUB-DIGITAL-05,/subscriptions/00000015-0015-4015-8015-000000000015/resourceGroups/rg-dev-015/providers/microsoft.cache/redis/azure-cache-for-redis-006,azure-cache-for-redis-006,microsoft.cache/redis,rg-dev-015,westeurope,Optimize-Tier,Optimize service tier,Move to a lower-cost tier aligned with observed demand,,,LOW,MEDIUM,UNPRICED,FULL,PARTIAL,"Metric1,Metric2,Metric3",core-banking,customer360,dev,CC1004,8235.67,P1v3,2,8.0,,Conservative,True,65,Mock_1vCPU_4GB,1,4.0,76.0,864.75,864.75,Low,RESOLVED
2026-09-10,run-20260910-official-001,FIS-DIGITAL,SUB-DIGITAL-05,/subscriptions/00000015-0015-4015-8015-000000000015/resourceGroups/rg-dev-015/providers/microsoft.cache/redis/azure-cache-for-redis-006,azure-cache-for-redis-006,microsoft.cache/redis,rg-dev-015,westeurope,Optimize-Tier,Optimize service tier,Move to a lower-cost tier aligned with observed demand,,,LOW,MEDIUM,UNPRICED,FULL,PARTIAL,"Metric1,Metric2,Metric3",core-banking,customer360,dev,CC1004,8235.67,P1v3,2,8.0,,Moderate,False,72,Mock_1vCPU_4GB,1,4.0,75.9,1062.4,0.0,Medium,RESOLVED
2026-09-10,run-20260910-official-001,FIS-DIGITAL,SUB-DIGITAL-05,/subscriptions/00000015-0015-4015-8015-000000000015/resourceGroups/rg-dev-015/providers/microsoft.cache/redis/azure-cache-for-redis-006,azure-cache-for-redis-006,microsoft.cache/redis,rg-dev-015,westeurope,Optimize-Tier,Optimize service tier,Move to a lower-cost tier aligned with observed demand,,,LOW,MEDIUM,UNPRICED,FULL,PARTIAL,"Metric1,Metric2,Metric3",core-banking,customer360,dev,CC1004,8235.67,P1v3,2,8.0,,Aggressive,False,80,Mock_1vCPU_2GB,1,2.0,91.4,1334.18,0.0,High,RESOLVED
2026-09-10,run-20260910-official-001,FIS-INTERNATIONAL,SUB-INTERNATIONAL-08,/subscriptions/00000028-0028-4028-8028-000000000028/resourceGroups/rg-qa-028/providers/microsoft.cache/redis/azure-cache-for-redis-008,azure-cache-for-redis-008,microsoft.cache/redis,rg-qa-028,westeurope,Review-Utilization,Review utilization,Resource shows optimization opportunity based on current utilization,,,LOW,MEDIUM,UNPRICED,FULL,PARTIAL,"Metric1,Metric2,Metric3,Metric4",integration,identity,qa,CC1012,12969.01,Standard_D4s_v5,4,16.0,,Conservative,True,65,Mock_2vCPU_8GB,2,8.0,72.4,1361.75,1361.75,Low,RESOLVED
2026-09-10,run-20260910-official-001,FIS-INTERNATIONAL,SUB-INTERNATIONAL-08,/subscriptions/00000028-0028-4028-8028-000000000028/resourceGroups/rg-qa-028/providers/microsoft.cache/redis/azure-cache-for-redis-008,azure-cache-for-redis-008,microsoft.cache/redis,rg-qa-028,westeurope,Review-Utilization,Review utilization,Resource shows optimization opportunity based on current utilization,,,LOW,MEDIUM,UNPRICED,FULL,PARTIAL,"Metric1,Metric2,Metric3,Metric4",integration,identity,qa,CC1012,12969.01,Standard_D4s_v5,4,16.0,,Moderate,False,72,Mock_2vCPU_8GB,2,8.0,65.3,1673.0,0.0,Medium,RESOLVED
2026-09-10,run-20260910-official-001,FIS-INTERNATIONAL,SUB-INTERNATIONAL-08,/subscriptions/00000028-0028-4028-8028-000000000028/resourceGroups/rg-qa-028/providers/microsoft.cache/redis/azure-cache-for-redis-008,azure-cache-for-redis-008,microsoft.cache/redis,rg-qa-028,westeurope,Review-Utilization,Review utilization,Resource shows optimization opportunity based on current utilization,,,LOW,MEDIUM,UNPRICED,FULL,PARTIAL,"Metric1,Metric2,Metric3,Metric4",integration,identity,qa,CC1012,12969.01,Standard_D4s_v5,4,16.0,,Aggressive,False,80,Mock_1vCPU_4GB,1,4.0,85.4,2100.98,0.0,High,RESOLVED
2026-09-10,run-20260910-official-001,FIS-DIGITAL,SUB-DIGITAL-03,/subscriptions/00000013-0013-4013-8013-000000000013/resourceGroups/rg-prod-013/providers/microsoft.cache/redis/azure-cache-for-redis-010,azure-cache-for-redis-010,microsoft.cache/redis,rg-prod-013,westus2,Downsize,Downsize resource,Rightsize based on sustained utilization,,,MEDIUM,MEDIUM,PRICED,FULL,PARTIAL,"Metric1,Metric2",security,risk,prod,CC1002,17294.12,Standard_D8s_v5,8,32.0,,Conservative,True,65,Mock_4vCPU_16GB,4,16.0,64.3,1288.58,1288.58,Low,RESOLVED
2026-09-10,run-20260910-official-001,FIS-DIGITAL,SUB-DIGITAL-03,/subscriptions/00000013-0013-4013-8013-000000000013/resourceGroups/rg-prod-013/providers/microsoft.cache/redis/azure-cache-for-redis-010,azure-cache-for-redis-010,microsoft.cache/redis,rg-prod-013,westus2,Downsize,Downsize resource,Rightsize based on sustained utilization,,,MEDIUM,MEDIUM,PRICED,FULL,PARTIAL,"Metric1,Metric2",security,risk,prod,CC1002,17294.12,Standard_D8s_v5,8,32.0,,Moderate,False,72,Mock_4vCPU_16GB,4,16.0,72.7,1583.11,0.0,Medium,RESOLVED
2026-09-10,run-20260910-official-001,FIS-DIGITAL,SUB-DIGITAL-03,/subscriptions/00000013-0013-4013-8013-000000000013/resourceGroups/rg-prod-013/providers/microsoft.cache/redis/azure-cache-for-redis-010,azure-cache-for-redis-010,microsoft.cache/redis,rg-prod-013,westus2,Downsize,Downsize resource,Rightsize based on sustained utilization,,,MEDIUM,MEDIUM,PRICED,FULL,PARTIAL,"Metric1,Metric2",security,risk,prod,CC1002,17294.12,Standard_D8s_v5,8,32.0,,Aggressive,False,80,Mock_2vCPU_8GB,2,8.0,84.0,1988.1,0.0,High,RESOLVED
2026-09-10,run-20260910-official-001,FIS-CORP,SUB-CORP-09,/subscriptions/00000009-0009-4009-8009-000000000009/resourceGroups/rg-dev-039/providers/microsoft.cache/redis/azure-cache-for-redis-011,azure-cache-for-redis-011,microsoft.cache/redis,rg-dev-039,eastus2,Optimize-Tier,Optimize service tier,Move to a lower-cost tier aligned with observed demand,,,HIGH,MEDIUM,PRICED,FULL,PARTIAL,Metric1,integration,risk,dev,CC1009,12285.47,GP_Gen5_4,4,20.0,,Conservative,True,65,Mock_2vCPU_10GB,2,10.0,73.4,2341.9,2341.9,Low,RESOLVED
2026-09-10,run-20260910-official-001,FIS-CORP,SUB-CORP-09,/subscriptions/00000009-0009-4009-8009-000000000009/resourceGroups/rg-dev-039/providers/microsoft.cache/redis/azure-cache-for-redis-011,azure-cache-for-redis-011,microsoft.cache/redis,rg-dev-039,eastus2,Optimize-Tier,Optimize service tier,Move to a lower-cost tier aligned with observed demand,,,HIGH,MEDIUM,PRICED,FULL,PARTIAL,Metric1,integration,risk,dev,CC1009,12285.47,GP_Gen5_4,4,20.0,,Moderate,False,72,Mock_2vCPU_10GB,2,10.0,77.9,2877.19,0.0,Medium,RESOLVED
2026-09-10,run-20260910-official-001,FIS-CORP,SUB-CORP-09,/subscriptions/00000009-0009-4009-8009-000000000009/resourceGroups/rg-dev-039/providers/microsoft.cache/redis/azure-cache-for-redis-011,azure-cache-for-redis-011,microsoft.cache/redis,rg-dev-039,eastus2,Optimize-Tier,Optimize service tier,Move to a lower-cost tier aligned with observed demand,,,HIGH,MEDIUM,PRICED,FULL,PARTIAL,Metric1,integration,risk,dev,CC1009,12285.47,GP_Gen5_4,4,20.0,,Aggressive,False,80,Mock_1vCPU_5GB,1,5.0,80.0,3613.22,0.0,High,RESOLVED
2026-09-10,run-20260910-official-001,FIS-CORP,SUB-CORP-09,/subscriptions/00000009-0009-4009-8009-000000000009/resourceGroups/rg-prod-009/providers/microsoft.cache/redis/azure-cache-for-redis-012,azure-cache-for-redis-012,microsoft.cache/redis,rg-prod-009,eastus,Review-Utilization,Review utilization,Resource shows optimization opportunity based on current utilization,,,MEDIUM,MEDIUM,HEURISTIC,FULL,PARTIAL,"Metric1,Metric2,Metric3",payments,reporting,prod,CC1012,12181.45,GP_Gen5_4,4,20.0,,Conservative,True,65,Mock_2vCPU_10GB,2,10.0,67.3,1584.56,1584.56,Low,RESOLVED
2026-09-10,run-20260910-official-001,FIS-CORP,SUB-CORP-09,/subscriptions/00000009-0009-4009-8009-000000000009/resourceGroups/rg-prod-009/providers/microsoft.cache/redis/azure-cache-for-redis-012,azure-cache-for-redis-012,microsoft.cache/redis,rg-prod-009,eastus,Review-Utilization,Review utilization,Resource shows optimization opportunity based on current utilization,,,MEDIUM,MEDIUM,HEURISTIC,FULL,PARTIAL,"Metric1,Metric2,Metric3",payments,reporting,prod,CC1012,12181.45,GP_Gen5_4,4,20.0,,Moderate,False,72,Mock_2vCPU_10GB,2,10.0,77.5,1946.74,0.0,Medium,RESOLVED
2026-09-10,run-20260910-official-001,FIS-CORP,SUB-CORP-09,/subscriptions/00000009-0009-4009-8009-000000000009/resourceGroups/rg-prod-009/providers/microsoft.cache/redis/azure-cache-for-redis-012,azure-cache-for-redis-012,microsoft.cache/redis,rg-prod-009,eastus,Review-Utilization,Review utilization,Resource shows optimization opportunity based on current utilization,,,MEDIUM,MEDIUM,HEURISTIC,FULL,PARTIAL,"Metric1,Metric2,Metric3",payments,reporting,prod,CC1012,12181.45,GP_Gen5_4,4,20.0,,Aggressive,False,80,Mock_1vCPU_5GB,1,5.0,87.7,2444.74,0.0,High,RESOLVED
2026-09-10,run-20260910-official-001,FIS-DIGITAL,SUB-DIGITAL-09,/subscriptions/00000019-0019-4019-8019-000000000019/resourceGroups/rg-dev-019/providers/microsoft.cache/redis/azure-cache-for-redis-017,azure-cache-for-redis-017,microsoft.cache/redis,rg-dev-019,northeurope,Optimize-Tier,Optimize service tier,Move to a lower-cost tier aligned with observed demand,,,MEDIUM,HIGH,PRICED,FULL,PARTIAL,"Metric1,Metric2",cloud-platform,api-hub,dev,CC1001,4188.64,P1v3,2,8.0,,Conservative,True,65,Mock_1vCPU_4GB,1,4.0,67.4,572.98,572.98,Low,RESOLVED
2026-09-10,run-20260910-official-001,FIS-DIGITAL,SUB-DIGITAL-09,/subscriptions/00000019-0019-4019-8019-000000000019/resourceGroups/rg-dev-019/providers/microsoft.cache/redis/azure-cache-for-redis-017,azure-cache-for-redis-017,microsoft.cache/redis,rg-dev-019,northeurope,Optimize-Tier,Optimize service tier,Move to a lower-cost tier aligned with observed demand,,,MEDIUM,HIGH,PRICED,FULL,PARTIAL,"Metric1,Metric2",cloud-platform,api-hub,dev,CC1001,4188.64,P1v3,2,8.0,,Moderate,False,72,Mock_1vCPU_4GB,1,4.0,74.6,703.94,0.0,Medium,RESOLVED
2026-09-10,run-20260910-official-001,FIS-DIGITAL,SUB-DIGITAL-09,/subscriptions/00000019-0019-4019-8019-000000000019/resourceGroups/rg-dev-019/providers/microsoft.cache/redis/azure-cache-for-redis-017,azure-cache-for-redis-017,microsoft.cache/redis,rg-dev-019,northeurope,Optimize-Tier,Optimize service tier,Move to a lower-cost tier aligned with observed demand,,,MEDIUM,HIGH,PRICED,FULL,PARTIAL,"Metric1,Metric2",cloud-platform,api-hub,dev,CC1001,4188.64,P1v3,2,8.0,,Aggressive,False,80,Mock_1vCPU_2GB,1,2.0,74.2,884.02,0.0,High,RESOLVED
2026-09-10,run-20260910-official-001,FIS-CORP,SUB-CORP-09,/subscriptions/00000009-0009-4009-8009-000000000009/resourceGroups/rg-prod-009/providers/microsoft.cache/redis/azure-cache-for-redis-018,azure-cache-for-redis-018,microsoft.cache/redis,rg-prod-009,centralus,Optimize-Tier,Optimize service tier,Move to a lower-cost tier aligned with observed demand,,,LOW,HIGH,PRICED,FULL,PARTIAL,Metric1,core-banking,customer360,prod,CC1009,7138.59,GP_Gen5_4,4,20.0,,Conservative,True,65,Mock_2vCPU_10GB,2,10.0,58.7,525.59,525.59,Low,RESOLVED
2026-09-10,run-20260910-official-001,FIS-CORP,SUB-CORP-09,/subscriptions/00000009-0009-4009-8009-000000000009/resourceGroups/rg-prod-009/providers/microsoft.cache/redis/azure-cache-for-redis-018,azure-cache-for-redis-018,microsoft.cache/redis,rg-prod-009,centralus,Optimize-Tier,Optimize service tier,Move to a lower-cost tier aligned with observed demand,,,LOW,HIGH,PRICED,FULL,PARTIAL,Metric1,core-banking,customer360,prod,CC1009,7138.59,GP_Gen5_4,4,20.0,,Moderate,False,72,Mock_2vCPU_10GB,2,10.0,69.0,645.72,0.0,Medium,RESOLVED
2026-09-10,run-20260910-official-001,FIS-CORP,SUB-CORP-09,/subscriptions/00000009-0009-4009-8009-000000000009/resourceGroups/rg-prod-009/providers/microsoft.cache/redis/azure-cache-for-redis-018,azure-cache-for-redis-018,microsoft.cache/redis,rg-prod-009,centralus,Optimize-Tier,Optimize service tier,Move to a lower-cost tier aligned with observed demand,,,LOW,HIGH,PRICED,FULL,PARTIAL,Metric1,core-banking,customer360,prod,CC1009,7138.59,GP_Gen5_4,4,20.0,,Aggressive,False,80,Mock_1vCPU_5GB,1,5.0,78.8,810.91,0.0,High,RESOLVED
2026-09-10,run-20260910-official-001,FIS-DIGITAL,SUB-DIGITAL-10,/subscriptions/00000020-0020-4020-8020-000000000020/resourceGroups/rg-qa-020/providers/microsoft.cache/redis/azure-cache-for-redis-019,azure-cache-for-redis-019,microsoft.cache/redis,rg-qa-020,eastus2,Downsize,Downsize resource,Rightsize based on sustained utilization,,,HIGH,MEDIUM,PRICED,FULL,PARTIAL,"Metric1,Metric2,Metric3,Metric4",digital-channels,payments,qa,CC1006,10464.03,GP_Gen5_4,4,20.0,,Conservative,True,65,Mock_2vCPU_10GB,2,10.0,64.5,2528.46,2528.46,Low,RESOLVED
2026-09-10,run-20260910-official-001,FIS-DIGITAL,SUB-DIGITAL-10,/subscriptions/00000020-0020-4020-8020-000000000020/resourceGroups/rg-qa-020/providers/microsoft.cache/redis/azure-cache-for-redis-019,azure-cache-for-redis-019,microsoft.cache/redis,rg-qa-020,eastus2,Downsize,Downsize resource,Rightsize based on sustained utilization,,,HIGH,MEDIUM,PRICED,FULL,PARTIAL,"Metric1,Metric2,Metric3,Metric4",digital-channels,payments,qa,CC1006,10464.03,GP_Gen5_4,4,20.0,,Moderate,False,72,Mock_2vCPU_10GB,2,10.0,66.4,3106.39,0.0,Medium,RESOLVED
2026-09-10,run-20260910-official-001,FIS-DIGITAL,SUB-DIGITAL-10,/subscriptions/00000020-0020-4020-8020-000000000020/resourceGroups/rg-qa-020/providers/microsoft.cache/redis/azure-cache-for-redis-019,azure-cache-for-redis-019,microsoft.cache/redis,rg-qa-020,eastus2,Downsize,Downsize resource,Rightsize based on sustained utilization,,,HIGH,MEDIUM,PRICED,FULL,PARTIAL,"Metric1,Metric2,Metric3,Metric4",digital-channels,payments,qa,CC1006,10464.03,GP_Gen5_4,4,20.0,,Aggressive,False,80,Mock_1vCPU_5GB,1,5.0,89.3,3901.05,0.0,High,RESOLVED
2026-09-10,run-20260910-official-001,FIS-INTERNATIONAL,SUB-INTERNATIONAL-07,/subscriptions/00000027-0027-4027-8027-000000000027/resourceGroups/rg-dev-027/providers/microsoft.cache/redis/azure-cache-for-redis-022,azure-cache-for-redis-022,microsoft.cache/redis,rg-dev-027,northeurope,Downsize,Downsize resource,Rightsize based on sustained utilization,,,HIGH,HIGH,HEURISTIC,FULL,PARTIAL,"Metric1,Metric2,Metric3,Metric4,Metric5",digital-channels,analytics,dev,CC1007,15715.15,GP_Gen5_4,4,20.0,,Conservative,True,65,Mock_2vCPU_10GB,2,10.0,62.2,4387.64,4387.64,Low,RESOLVED
2026-09-10,run-20260910-official-001,FIS-INTERNATIONAL,SUB-INTERNATIONAL-07,/subscriptions/00000027-0027-4027-8027-000000000027/resourceGroups/rg-dev-027/providers/microsoft.cache/redis/azure-cache-for-redis-022,azure-cache-for-redis-022,microsoft.cache/redis,rg-dev-027,northeurope,Downsize,Downsize resource,Rightsize based on sustained utilization,,,HIGH,HIGH,HEURISTIC,FULL,PARTIAL,"Metric1,Metric2,Metric3,Metric4,Metric5",digital-channels,analytics,dev,CC1007,15715.15,GP_Gen5_4,4,20.0,,Moderate,False,72,Mock_2vCPU_10GB,2,10.0,70.7,5390.53,0.0,Medium,RESOLVED
2026-09-10,run-20260910-official-001,FIS-INTERNATIONAL,SUB-INTERNATIONAL-07,/subscriptions/00000027-0027-4027-8027-000000000027/resourceGroups/rg-dev-027/providers/microsoft.cache/redis/azure-cache-for-redis-022,azure-cache-for-redis-022,microsoft.cache/redis,rg-dev-027,northeurope,Downsize,Downsize resource,Rightsize based on sustained utilization,,,HIGH,HIGH,HEURISTIC,FULL,PARTIAL,"Metric1,Metric2,Metric3,Metric4,Metric5",digital-channels,analytics,dev,CC1007,15715.15,GP_Gen5_4,4,20.0,,Aggressive,False,80,Mock_1vCPU_5GB,1,5.0,85.2,6769.5,0.0,High,RESOLVED
2026-09-10,run-20260910-official-001,FIS-DIGITAL,SUB-DIGITAL-03,/subscriptions/00000013-0013-4013-8013-000000000013/resourceGroups/rg-dev-043/providers/microsoft.network/applicationgateways/application-gateway-002,application-gateway-002,microsoft.network/applicationgateways,rg-dev-043,centralus,Optimize-Tier,Optimize service tier,Move to a lower-cost tier aligned with observed demand,,,HIGH,MEDIUM,HEURISTIC,FULL,PARTIAL,Metric1,core-banking,identity,dev,CC1007,12186.0,Standard_D4s_v5,4,16.0,,Conservative,True,65,Mock_2vCPU_8GB,2,8.0,61.4,3632.0,3632.0,Low,RESOLVED
2026-09-10,run-20260910-official-001,FIS-DIGITAL,SUB-DIGITAL-03,/subscriptions/00000013-0013-4013-8013-000000000013/resourceGroups/rg-dev-043/providers/microsoft.network/applicationgateways/application-gateway-002,application-gateway-002,microsoft.network/applicationgateways,rg-dev-043,centralus,Optimize-Tier,Optimize service tier,Move to a lower-cost tier aligned with observed demand,,,HIGH,MEDIUM,HEURISTIC,FULL,PARTIAL,Metric1,core-banking,identity,dev,CC1007,12186.0,Standard_D4s_v5,4,16.0,,Moderate,False,72,Mock_2vCPU_8GB,2,8.0,75.7,4462.17,0.0,Medium,RESOLVED
2026-09-10,run-20260910-official-001,FIS-DIGITAL,SUB-DIGITAL-03,/subscriptions/00000013-0013-4013-8013-000000000013/resourceGroups/rg-dev-043/providers/microsoft.network/applicationgateways/application-gateway-002,application-gateway-002,microsoft.network/applicationgateways,rg-dev-043,centralus,Optimize-Tier,Optimize service tier,Move to a lower-cost tier aligned with observed demand,,,HIGH,MEDIUM,HEURISTIC,FULL,PARTIAL,Metric1,core-banking,identity,dev,CC1007,12186.0,Standard_D4s_v5,4,16.0,,Aggressive,False,80,Mock_1vCPU_4GB,1,4.0,83.9,5603.66,0.0,High,RESOLVED
2026-09-10,run-20260910-official-001,FIS-DIGITAL,SUB-DIGITAL-07,/subscriptions/00000017-0017-4017-8017-000000000017/resourceGroups/rg-dev-047/providers/microsoft.network/applicationgateways/application-gateway-003,application-gateway-003,microsoft.network/applicationgateways,rg-dev-047,eastus2,Optimize-Tier,Optimize service tier,Move to a lower-cost tier aligned with observed demand,,,HIGH,HIGH,PRICED,FULL,PARTIAL,"Metric1,Metric2",integration,identity,dev,CC1001,8912.6,Standard_D4s_v5,4,16.0,,Conservative,True,65,Mock_2vCPU_8GB,2,8.0,69.5,2585.81,2585.81,Low,RESOLVED
2026-09-10,run-20260910-official-001,FIS-DIGITAL,SUB-DIGITAL-07,/subscriptions/00000017-0017-4017-8017-000000000017/resourceGroups/rg-dev-047/providers/microsoft.network/applicationgateways/application-gateway-003,application-gateway-003,microsoft.network/applicationgateways,rg-dev-047,eastus2,Optimize-Tier,Optimize service tier,Move to a lower-cost tier aligned with observed demand,,,HIGH,HIGH,PRICED,FULL,PARTIAL,"Metric1,Metric2",integration,identity,dev,CC1001,8912.6,Standard_D4s_v5,4,16.0,,Moderate,False,72,Mock_2vCPU_8GB,2,8.0,65.8,3176.86,0.0,Medium,RESOLVED
2026-09-10,run-20260910-official-001,FIS-DIGITAL,SUB-DIGITAL-07,/subscriptions/00000017-0017-4017-8017-000000000017/resourceGroups/rg-dev-047/providers/microsoft.network/applicationgateways/application-gateway-003,application-gateway-003,microsoft.network/applicationgateways,rg-dev-047,eastus2,Optimize-Tier,Optimize service tier,Move to a lower-cost tier aligned with observed demand,,,HIGH,HIGH,PRICED,FULL,PARTIAL,"Metric1,Metric2",integration,identity,dev,CC1001,8912.6,Standard_D4s_v5,4,16.0,,Aggressive,False,80,Mock_1vCPU_4GB,1,4.0,88.2,3989.54,0.0,High,RESOLVED
2026-09-10,run-20260910-official-001,FIS-CORP,SUB-CORP-10,/subscriptions/00000010-0010-4010-8010-000000000010/resourceGroups/rg-qa-040/providers/microsoft.network/applicationgateways/application-gateway-004,application-gateway-004,microsoft.network/applicationgateways,rg-qa-040,westus2,Optimize-Tier,Optimize service tier,Move to a lower-cost tier aligned with observed demand,,,MEDIUM,MEDIUM,HEURISTIC,FULL,PARTIAL,Metric1,payments,reporting,qa,CC1006,6865.56,GP_Gen5_4,4,20.0,,Conservative,True,65,Mock_2vCPU_10GB,2,10.0,65.7,1386.1,1386.1,Low,RESOLVED
2026-09-10,run-20260910-official-001,FIS-CORP,SUB-CORP-10,/subscriptions/00000010-0010-4010-8010-000000000010/resourceGroups/rg-qa-040/providers/microsoft.network/applicationgateways/application-gateway-004,application-gateway-004,microsoft.network/applicationgateways,rg-qa-040,westus2,Optimize-Tier,Optimize service tier,Move to a lower-cost tier aligned with observed demand,,,MEDIUM,MEDIUM,HEURISTIC,FULL,PARTIAL,Metric1,payments,reporting,qa,CC1006,6865.56,GP_Gen5_4,4,20.0,,Moderate,False,72,Mock_2vCPU_10GB,2,10.0,82.3,1702.92,0.0,Medium,RESOLVED
2026-09-10,run-20260910-official-001,FIS-CORP,SUB-CORP-10,/subscriptions/00000010-0010-4010-8010-000000000010/resourceGroups/rg-qa-040/providers/microsoft.network/applicationgateways/application-gateway-004,application-gateway-004,microsoft.network/applicationgateways,rg-qa-040,westus2,Optimize-Tier,Optimize service tier,Move to a lower-cost tier aligned with observed demand,,,MEDIUM,MEDIUM,HEURISTIC,FULL,PARTIAL,Metric1,payments,reporting,qa,CC1006,6865.56,GP_Gen5_4,4,20.0,,Aggressive,False,80,Mock_1vCPU_5GB,1,5.0,78.0,2138.55,0.0,High,RESOLVED
2026-09-10,run-20260910-official-001,FIS-INTERNATIONAL,SUB-INTERNATIONAL-10,/subscriptions/00000030-0030-4030-8030-000000000030/resourceGroups/rg-nonprod-030/providers/microsoft.network/applicationgateways/application-gateway-005,application-gateway-005,microsoft.network/applicationgateways,rg-nonprod-030,eastus,Optimize-Tier,Optimize service tier,Move to a lower-cost tier aligned with observed demand,,,LOW,MEDIUM,PRICED,FULL,PARTIAL,Metric1,payments,customer360,nonprod,CC1011,2539.36,S3,4,7.0,,Conservative,True,65,Mock_2vCPU_3GB,2,3.5,59.0,316.14,316.14,Low,RESOLVED
2026-09-10,run-20260910-official-001,FIS-INTERNATIONAL,SUB-INTERNATIONAL-10,/subscriptions/00000030-0030-4030-8030-000000000030/resourceGroups/rg-nonprod-030/providers/microsoft.network/applicationgateways/application-gateway-005,application-gateway-005,microsoft.network/applicationgateways,rg-nonprod-030,eastus,Optimize-Tier,Optimize service tier,Move to a lower-cost tier aligned with observed demand,,,LOW,MEDIUM,PRICED,FULL,PARTIAL,Metric1,payments,customer360,nonprod,CC1011,2539.36,S3,4,7.0,,Moderate,False,72,Mock_2vCPU_3GB,2,3.5,76.7,388.4,0.0,Medium,RESOLVED
2026-09-10,run-20260910-official-001,FIS-INTERNATIONAL,SUB-INTERNATIONAL-10,/subscriptions/00000030-0030-4030-8030-000000000030/resourceGroups/rg-nonprod-030/providers/microsoft.network/applicationgateways/application-gateway-005,application-gateway-005,microsoft.network/applicationgateways,rg-nonprod-030,eastus,Optimize-Tier,Optimize service tier,Move to a lower-cost tier aligned with observed demand,,,LOW,MEDIUM,PRICED,FULL,PARTIAL,Metric1,payments,customer360,nonprod,CC1011,2539.36,S3,4,7.0,,Aggressive,False,80,Mock_1vCPU_1GB,1,1.8,81.9,487.76,0.0,High,RESOLVED
2026-09-10,run-20260910-official-001,FIS-CORP,SUB-CORP-06,/subscriptions/00000006-0006-4006-8006-000000000006/resourceGroups/rg-qa-036/providers/microsoft.network/applicationgateways/application-gateway-006,application-gateway-006,microsoft.network/applicationgateways,rg-qa-036,westeurope,Downsize,Downsize resource,Rightsize based on sustained utilization,,,MEDIUM,MEDIUM,HEURISTIC,FULL,PARTIAL,Metric1,data-ai,ledger,qa,CC1009,12283.74,Standard_D8s_v5,8,32.0,,Conservative,True,65,Mock_4vCPU_16GB,4,16.0,58.1,1586.12,1586.12,Low,RESOLVED
2026-09-10,run-20260910-official-001,FIS-CORP,SUB-CORP-06,/subscriptions/00000006-0006-4006-8006-000000000006/resourceGroups/rg-qa-036/providers/microsoft.network/applicationgateways/application-gateway-006,application-gateway-006,microsoft.network/applicationgateways,rg-qa-036,westeurope,Downsize,Downsize resource,Rightsize based on sustained utilization,,,MEDIUM,MEDIUM,HEURISTIC,FULL,PARTIAL,Metric1,data-ai,ledger,qa,CC1009,12283.74,Standard_D8s_v5,8,32.0,,Moderate,False,72,Mock_4vCPU_16GB,4,16.0,65.7,1948.67,0.0,Medium,RESOLVED
2026-09-10,run-20260910-official-001,FIS-CORP,SUB-CORP-06,/subscriptions/00000006-0006-4006-8006-000000000006/resourceGroups/rg-qa-036/providers/microsoft.network/applicationgateways/application-gateway-006,application-gateway-006,microsoft.network/applicationgateways,rg-qa-036,westeurope,Downsize,Downsize resource,Rightsize based on sustained utilization,,,MEDIUM,MEDIUM,HEURISTIC,FULL,PARTIAL,Metric1,data-ai,ledger,qa,CC1009,12283.74,Standard_D8s_v5,8,32.0,,Aggressive,False,80,Mock_2vCPU_8GB,2,8.0,81.5,2447.16,0.0,High,RESOLVED
2026-09-10,run-20260910-official-001,FIS-DIGITAL,SUB-DIGITAL-03,/subscriptions/00000013-0013-4013-8013-000000000013/resourceGroups/rg-dev-043/providers/microsoft.network/applicationgateways/application-gateway-008,application-gateway-008,microsoft.network/applicationgateways,rg-dev-043,centralus,Review-Utilization,Review utilization,Resource shows optimization opportunity based on current utilization,,,HIGH,MEDIUM,HEURISTIC,FULL,PARTIAL,Metric1,data-ai,customer360,dev,CC1003,11884.78,S3,4,7.0,,Conservative,True,65,Mock_2vCPU_3GB,2,3.5,60.8,2563.8,2563.8,Low,RESOLVED
2026-09-10,run-20260910-official-001,FIS-DIGITAL,SUB-DIGITAL-03,/subscriptions/00000013-0013-4013-8013-000000000013/resourceGroups/rg-dev-043/providers/microsoft.network/applicationgateways/application-gateway-008,application-gateway-008,microsoft.network/applicationgateways,rg-dev-043,centralus,Review-Utilization,Review utilization,Resource shows optimization opportunity based on current utilization,,,HIGH,MEDIUM,HEURISTIC,FULL,PARTIAL,Metric1,data-ai,customer360,dev,CC1003,11884.78,S3,4,7.0,,Moderate,False,72,Mock_2vCPU_3GB,2,3.5,72.9,3149.81,0.0,Medium,RESOLVED
2026-09-10,run-20260910-official-001,FIS-DIGITAL,SUB-DIGITAL-03,/subscriptions/00000013-0013-4013-8013-000000000013/resourceGroups/rg-dev-043/providers/microsoft.network/applicationgateways/application-gateway-008,application-gateway-008,microsoft.network/applicationgateways,rg-dev-043,centralus,Review-Utilization,Review utilization,Resource shows optimization opportunity based on current utilization,,,HIGH,MEDIUM,HEURISTIC,FULL,PARTIAL,Metric1,data-ai,customer360,dev,CC1003,11884.78,S3,4,7.0,,Aggressive,False,80,Mock_1vCPU_1GB,1,1.8,85.7,3955.58,0.0,High,RESOLVED
2026-09-10,run-20260910-official-001,FIS-DIGITAL,SUB-DIGITAL-01,/subscriptions/00000011-0011-4011-8011-000000000011/resourceGroups/rg-dev-011/providers/microsoft.network/applicationgateways/application-gateway-011,application-gateway-011,microsoft.network/applicationgateways,rg-dev-011,centralus,Review-Utilization,Review utilization,Resource shows optimization opportunity based on current utilization,,,MEDIUM,MEDIUM,PRICED,FULL,COMPLETE,,security,reporting,dev,CC1002,3411.87,Standard_D4s_v5,4,16.0,,Conservative,True,65,Mock_2vCPU_8GB,2,8.0,75.3,566.67,566.67,Low,RESOLVED
2026-09-10,run-20260910-official-001,FIS-DIGITAL,SUB-DIGITAL-01,/subscriptions/00000011-0011-4011-8011-000000000011/resourceGroups/rg-dev-011/providers/microsoft.network/applicationgateways/application-gateway-011,application-gateway-011,microsoft.network/applicationgateways,rg-dev-011,centralus,Review-Utilization,Review utilization,Resource shows optimization opportunity based on current utilization,,,MEDIUM,MEDIUM,PRICED,FULL,COMPLETE,,security,reporting,dev,CC1002,3411.87,Standard_D4s_v5,4,16.0,,Moderate,False,72,Mock_2vCPU_8GB,2,8.0,74.8,696.2,0.0,Medium,RESOLVED
2026-09-10,run-20260910-official-001,FIS-DIGITAL,SUB-DIGITAL-01,/subscriptions/00000011-0011-4011-8011-000000000011/resourceGroups/rg-dev-011/providers/microsoft.network/applicationgateways/application-gateway-011,application-gateway-011,microsoft.network/applicationgateways,rg-dev-011,centralus,Review-Utilization,Review utilization,Resource shows optimization opportunity based on current utilization,,,MEDIUM,MEDIUM,PRICED,FULL,COMPLETE,,security,reporting,dev,CC1002,3411.87,Standard_D4s_v5,4,16.0,,Aggressive,False,80,Mock_1vCPU_4GB,1,4.0,75.4,874.29,0.0,High,RESOLVED
2026-09-10,run-20260910-official-001,FIS-DIGITAL,SUB-DIGITAL-09,/subscriptions/00000019-0019-4019-8019-000000000019/resourceGroups/rg-prod-049/providers/microsoft.network/applicationgateways/application-gateway-012,application-gateway-012,microsoft.network/applicationgateways,rg-prod-049,eastus2,Downsize,Downsize resource,Rightsize based on sustained utilization,,,HIGH,LOW,HEURISTIC,FULL,PARTIAL,"Metric1,Metric2,Metric3,Metric4",data-ai,payments,prod,CC1012,16123.46,Standard_D8s_v5,8,32.0,,Conservative,True,65,Mock_4vCPU_16GB,4,16.0,58.3,3736.79,3736.79,Low,RESOLVED
2026-09-10,run-20260910-official-001,FIS-DIGITAL,SUB-DIGITAL-09,/subscriptions/00000019-0019-4019-8019-000000000019/resourceGroups/rg-prod-049/providers/microsoft.network/applicationgateways/application-gateway-012,application-gateway-012,microsoft.network/applicationgateways,rg-prod-049,eastus2,Downsize,Downsize resource,Rightsize based on sustained utilization,,,HIGH,LOW,HEURISTIC,FULL,PARTIAL,"Metric1,Metric2,Metric3,Metric4",data-ai,payments,prod,CC1012,16123.46,Standard_D8s_v5,8,32.0,,Moderate,False,72,Mock_4vCPU_16GB,4,16.0,75.6,4590.91,0.0,Medium,RESOLVED
2026-09-10,run-20260910-official-001,FIS-DIGITAL,SUB-DIGITAL-09,/subscriptions/00000019-0019-4019-8019-000000000019/resourceGroups/rg-prod-049/providers/microsoft.network/applicationgateways/application-gateway-012,application-gateway-012,microsoft.network/applicationgateways,rg-prod-049,eastus2,Downsize,Downsize resource,Rightsize based on sustained utilization,,,HIGH,LOW,HEURISTIC,FULL,PARTIAL,"Metric1,Metric2,Metric3,Metric4",data-ai,payments,prod,CC1012,16123.46,Standard_D8s_v5,8,32.0,,Aggressive,False,80,Mock_2vCPU_8GB,2,8.0,74.1,5765.33,0.0,High,RESOLVED
2026-09-10,run-20260910-official-001,FIS-CORP,SUB-CORP-06,/subscriptions/00000006-0006-4006-8006-000000000006/resourceGroups/rg-nonprod-006/providers/microsoft.network/applicationgateways/application-gateway-014,application-gateway-014,microsoft.network/applicationgateways,rg-nonprod-006,westeurope,Downsize,Downsize resource,Rightsize based on sustained utilization,,,MEDIUM,HIGH,PRICED,FULL,COMPLETE,,core-banking,api-hub,nonprod,CC1004,5133.98,P1v3,2,8.0,,Conservative,True,65,Mock_1vCPU_4GB,1,4.0,74.0,1486.58,1486.58,Low,RESOLVED
2026-09-10,run-20260910-official-001,FIS-CORP,SUB-CORP-06,/subscriptions/00000006-0006-4006-8006-000000000006/resourceGroups/rg-nonprod-006/providers/microsoft.network/applicationgateways/application-gateway-014,application-gateway-014,microsoft.network/applicationgateways,rg-nonprod-006,westeurope,Downsize,Downsize resource,Rightsize based on sustained utilization,,,MEDIUM,HIGH,PRICED,FULL,COMPLETE,,core-banking,api-hub,nonprod,CC1004,5133.98,P1v3,2,8.0,,Moderate,False,72,Mock_1vCPU_4GB,1,4.0,71.3,1826.36,0.0,Medium,RESOLVED
2026-09-10,run-20260910-official-001,FIS-CORP,SUB-CORP-06,/subscriptions/00000006-0006-4006-8006-000000000006/resourceGroups/rg-nonprod-006/providers/microsoft.network/applicationgateways/application-gateway-014,application-gateway-014,microsoft.network/applicationgateways,rg-nonprod-006,westeurope,Downsize,Downsize resource,Rightsize based on sustained utilization,,,MEDIUM,HIGH,PRICED,FULL,COMPLETE,,core-banking,api-hub,nonprod,CC1004,5133.98,P1v3,2,8.0,,Aggressive,False,80,Mock_1vCPU_2GB,1,2.0,85.6,2293.57,0.0,High,RESOLVED
2026-09-10,run-20260910-official-001,FIS-CORP,SUB-CORP-03,/subscriptions/00000003-0003-4003-8003-000000000003/resourceGroups/rg-prod-033/providers/microsoft.network/applicationgateways/application-gateway-016,application-gateway-016,microsoft.network/applicationgateways,rg-prod-033,centralus,Review-Utilization,Review utilization,Resource shows optimization opportunity based on current utilization,,,LOW,MEDIUM,PRICED,FULL,PARTIAL,"Metric1,Metric2,Metric3",security,analytics,prod,CC1006,1601.8,Standard_D2s_v5,2,8.0,,Conservative,True,65,Mock_1vCPU_4GB,1,4.0,62.6,134.01,134.01,Low,RESOLVED
2026-09-10,run-20260910-official-001,FIS-CORP,SUB-CORP-03,/subscriptions/00000003-0003-4003-8003-000000000003/resourceGroups/rg-prod-033/providers/microsoft.network/applicationgateways/application-gateway-016,application-gateway-016,microsoft.network/applicationgateways,rg-prod-033,centralus,Review-Utilization,Review utilization,Resource shows optimization opportunity based on current utilization,,,LOW,MEDIUM,PRICED,FULL,PARTIAL,"Metric1,Metric2,Metric3",security,analytics,prod,CC1006,1601.8,Standard_D2s_v5,2,8.0,,Moderate,False,72,Mock_1vCPU_4GB,1,4.0,70.0,164.64,0.0,Medium,RESOLVED
2026-09-10,run-20260910-official-001,FIS-CORP,SUB-CORP-03,/subscriptions/00000003-0003-4003-8003-000000000003/resourceGroups/rg-prod-033/providers/microsoft.network/applicationgateways/application-gateway-016,application-gateway-016,microsoft.network/applicationgateways,rg-prod-033,centralus,Review-Utilization,Review utilization,Resource shows optimization opportunity based on current utilization,,,LOW,MEDIUM,PRICED,FULL,PARTIAL,"Metric1,Metric2,Metric3",security,analytics,prod,CC1006,1601.8,Standard_D2s_v5,2,8.0,,Aggressive,False,80,Mock_1vCPU_2GB,1,2.0,77.8,206.76,0.0,High,RESOLVED
2026-09-10,run-20260910-official-001,FIS-CORP,SUB-CORP-10,/subscriptions/00000010-0010-4010-8010-000000000010/resourceGroups/rg-nonprod-010/providers/microsoft.network/applicationgateways/application-gateway-018,application-gateway-018,microsoft.network/applicationgateways,rg-nonprod-010,westus2,Review-Utilization,Review utilization,Resource shows optimization opportunity based on current utilization,,,LOW,MEDIUM,UNPRICED,FULL,PARTIAL,"Metric1,Metric2,Metric3",digital-channels,payments,nonprod,CC1006,14708.16,Standard_D2s_v5,2,8.0,,Conservative,True,65,Mock_1vCPU_4GB,1,4.0,65.2,1544.36,1544.36,Low,RESOLVED
2026-09-10,run-20260910-official-001,FIS-CORP,SUB-CORP-10,/subscriptions/00000010-0010-4010-8010-000000000010/resourceGroups/rg-nonprod-010/providers/microsoft.network/applicationgateways/application-gateway-018,application-gateway-018,microsoft.network/applicationgateways,rg-nonprod-010,westus2,Review-Utilization,Review utilization,Resource shows optimization opportunity based on current utilization,,,LOW,MEDIUM,UNPRICED,FULL,PARTIAL,"Metric1,Metric2,Metric3",digital-channels,payments,nonprod,CC1006,14708.16,Standard_D2s_v5,2,8.0,,Moderate,False,72,Mock_1vCPU_4GB,1,4.0,67.5,1897.35,0.0,Medium,RESOLVED
2026-09-10,run-20260910-official-001,FIS-CORP,SUB-CORP-10,/subscriptions/00000010-0010-4010-8010-000000000010/resourceGroups/rg-nonprod-010/providers/microsoft.network/applicationgateways/application-gateway-018,application-gateway-018,microsoft.network/applicationgateways,rg-nonprod-010,westus2,Review-Utilization,Review utilization,Resource shows optimization opportunity based on current utilization,,,LOW,MEDIUM,UNPRICED,FULL,PARTIAL,"Metric1,Metric2,Metric3",digital-channels,payments,nonprod,CC1006,14708.16,Standard_D2s_v5,2,8.0,,Aggressive,False,80,Mock_1vCPU_2GB,1,2.0,87.1,2382.72,0.0,High,RESOLVED
2026-09-10,run-20260910-official-001,FIS-INTERNATIONAL,SUB-INTERNATIONAL-09,/subscriptions/00000029-0029-4029-8029-000000000029/resourceGroups/rg-prod-029/providers/microsoft.network/applicationgateways/application-gateway-019,application-gateway-019,microsoft.network/applicationgateways,rg-prod-029,northeurope,Optimize-Tier,Optimize service tier,Move to a lower-cost tier aligned with observed demand,,,LOW,HIGH,PRICED,FULL,PARTIAL,Metric1,cloud-platform,api-hub,prod,CC1002,779.58,S3,4,7.0,,Conservative,True,65,Mock_2vCPU_3GB,2,3.5,67.0,114.55,114.55,Low,RESOLVED
2026-09-10,run-20260910-official-001,FIS-INTERNATIONAL,SUB-INTERNATIONAL-09,/subscriptions/00000029-0029-4029-8029-000000000029/resourceGroups/rg-prod-029/providers/microsoft.network/applicationgateways/application-gateway-019,application-gateway-019,microsoft.network/applicationgateways,rg-prod-029,northeurope,Optimize-Tier,Optimize service tier,Move to a lower-cost tier aligned with observed demand,,,LOW,HIGH,PRICED,FULL,PARTIAL,Metric1,cloud-platform,api-hub,prod,CC1002,779.58,S3,4,7.0,,Moderate,False,72,Mock_2vCPU_3GB,2,3.5,81.3,140.74,0.0,Medium,RESOLVED
2026-09-10,run-20260910-official-001,FIS-INTERNATIONAL,SUB-INTERNATIONAL-09,/subscriptions/00000029-0029-4029-8029-000000000029/resourceGroups/rg-prod-029/providers/microsoft.network/applicationgateways/application-gateway-019,application-gateway-019,microsoft.network/applicationgateways,rg-prod-029,northeurope,Optimize-Tier,Optimize service tier,Move to a lower-cost tier aligned with observed demand,,,LOW,HIGH,PRICED,FULL,PARTIAL,Metric1,cloud-platform,api-hub,prod,CC1002,779.58,S3,4,7.0,,Aggressive,False,80,Mock_1vCPU_1GB,1,1.8,76.3,176.74,0.0,High,RESOLVED
2026-09-10,run-20260910-official-001,FIS-DIGITAL,SUB-DIGITAL-08,/subscriptions/00000018-0018-4018-8018-000000000018/resourceGroups/rg-qa-048/providers/microsoft.network/applicationgateways/application-gateway-020,application-gateway-020,microsoft.network/applicationgateways,rg-qa-048,eastus,Downsize,Downsize resource,Rightsize based on sustained utilization,,,MEDIUM,HIGH,PRICED,FULL,COMPLETE,,core-banking,identity,qa,CC1008,9706.94,S3,4,7.0,,Conservative,True,65,Mock_2vCPU_3GB,2,3.5,66.6,1853.97,1853.97,Low,RESOLVED
2026-09-10,run-20260910-official-001,FIS-DIGITAL,SUB-DIGITAL-08,/subscriptions/00000018-0018-4018-8018-000000000018/resourceGroups/rg-qa-048/providers/microsoft.network/applicationgateways/application-gateway-020,application-gateway-020,microsoft.network/applicationgateways,rg-qa-048,eastus,Downsize,Downsize resource,Rightsize based on sustained utilization,,,MEDIUM,HIGH,PRICED,FULL,COMPLETE,,core-banking,identity,qa,CC1008,9706.94,S3,4,7.0,,Moderate,False,72,Mock_2vCPU_3GB,2,3.5,65.4,2277.74,0.0,Medium,RESOLVED
2026-09-10,run-20260910-official-001,FIS-DIGITAL,SUB-DIGITAL-08,/subscriptions/00000018-0018-4018-8018-000000000018/resourceGroups/rg-qa-048/providers/microsoft.network/applicationgateways/application-gateway-020,application-gateway-020,microsoft.network/applicationgateways,rg-qa-048,eastus,Downsize,Downsize resource,Rightsize based on sustained utilization,,,MEDIUM,HIGH,PRICED,FULL,COMPLETE,,core-banking,identity,qa,CC1008,9706.94,S3,4,7.0,,Aggressive,False,80,Mock_1vCPU_1GB,1,1.8,80.6,2860.41,0.0,High,RESOLVED
2026-09-10,run-20260910-official-001,FIS-DIGITAL,SUB-DIGITAL-05,/subscriptions/00000015-0015-4015-8015-000000000015/resourceGroups/rg-prod-045/providers/microsoft.network/applicationgateways/application-gateway-021,application-gateway-021,microsoft.network/applicationgateways,rg-prod-045,northeurope,Optimize-Tier,Optimize service tier,Move to a lower-cost tier aligned with observed demand,,,MEDIUM,HIGH,PRICED,FULL,COMPLETE,,payments,ledger,prod,CC1009,17322.25,Standard_D4s_v5,4,16.0,,Conservative,True,65,Mock_2vCPU_8GB,2,8.0,76.4,1826.42,1826.42,Low,RESOLVED
2026-09-10,run-20260910-official-001,FIS-DIGITAL,SUB-DIGITAL-05,/subscriptions/00000015-0015-4015-8015-000000000015/resourceGroups/rg-prod-045/providers/microsoft.network/applicationgateways/application-gateway-021,application-gateway-021,microsoft.network/applicationgateways,rg-prod-045,northeurope,Optimize-Tier,Optimize service tier,Move to a lower-cost tier aligned with observed demand,,,MEDIUM,HIGH,PRICED,FULL,COMPLETE,,payments,ledger,prod,CC1009,17322.25,Standard_D4s_v5,4,16.0,,Moderate,False,72,Mock_2vCPU_8GB,2,8.0,75.7,2243.89,0.0,Medium,RESOLVED
2026-09-10,run-20260910-official-001,FIS-DIGITAL,SUB-DIGITAL-05,/subscriptions/00000015-0015-4015-8015-000000000015/resourceGroups/rg-prod-045/providers/microsoft.network/applicationgateways/application-gateway-021,application-gateway-021,microsoft.network/applicationgateways,rg-prod-045,northeurope,Optimize-Tier,Optimize service tier,Move to a lower-cost tier aligned with observed demand,,,MEDIUM,HIGH,PRICED,FULL,COMPLETE,,payments,ledger,prod,CC1009,17322.25,Standard_D4s_v5,4,16.0,,Aggressive,False,80,Mock_1vCPU_4GB,1,4.0,86.6,2817.9,0.0,High,RESOLVED
2026-09-10,run-20260910-official-001,FIS-CORP,SUB-CORP-01,/subscriptions/00000001-0001-4001-8001-000000000001/resourceGroups/rg-dev-031/providers/microsoft.network/applicationgateways/application-gateway-022,application-gateway-022,microsoft.network/applicationgateways,rg-dev-031,westus2,Optimize-Tier,Optimize service tier,Move to a lower-cost tier aligned with observed demand,,,LOW,MEDIUM,UNPRICED,FULL,PARTIAL,"Metric1,Metric2,Metric3,Metric4",payments,risk,dev,CC1006,3591.77,GP_Gen5_4,4,20.0,,Conservative,True,65,Mock_2vCPU_10GB,2,10.0,76.0,377.14,377.14,Low,RESOLVED
2026-09-10,run-20260910-official-001,FIS-CORP,SUB-CORP-01,/subscriptions/00000001-0001-4001-8001-000000000001/resourceGroups/rg-dev-031/providers/microsoft.network/applicationgateways/application-gateway-022,application-gateway-022,microsoft.network/applicationgateways,rg-dev-031,westus2,Optimize-Tier,Optimize service tier,Move to a lower-cost tier aligned with observed demand,,,LOW,MEDIUM,UNPRICED,FULL,PARTIAL,"Metric1,Metric2,Metric3,Metric4",payments,risk,dev,CC1006,3591.77,GP_Gen5_4,4,20.0,,Moderate,False,72,Mock_2vCPU_10GB,2,10.0,78.3,463.34,0.0,Medium,RESOLVED
2026-09-10,run-20260910-official-001,FIS-CORP,SUB-CORP-01,/subscriptions/00000001-0001-4001-8001-000000000001/resourceGroups/rg-dev-031/providers/microsoft.network/applicationgateways/application-gateway-022,application-gateway-022,microsoft.network/applicationgateways,rg-dev-031,westus2,Optimize-Tier,Optimize service tier,Move to a lower-cost tier aligned with observed demand,,,LOW,MEDIUM,UNPRICED,FULL,PARTIAL,"Metric1,Metric2,Metric3,Metric4",payments,risk,dev,CC1006,3591.77,GP_Gen5_4,4,20.0,,Aggressive,False,80,Mock_1vCPU_5GB,1,5.0,74.3,581.87,0.0,High,RESOLVED
2026-09-10,run-20260910-official-001,FIS-DIGITAL,SUB-DIGITAL-08,/subscriptions/00000018-0018-4018-8018-000000000018/resourceGroups/rg-nonprod-018/providers/microsoft.network/applicationgateways/application-gateway-023,application-gateway-023,microsoft.network/applicationgateways,rg-nonprod-018,centralus,Review-Utilization,Review utilization,Resource shows optimization opportunity based on current utilization,,,MEDIUM,HIGH,PRICED,FULL,PARTIAL,Metric1,security,reporting,nonprod,CC1009,7766.88,GP_Gen5_8,8,40.0,,Conservative,True,65,Mock_4vCPU_20GB,4,20.0,61.2,1884.36,1884.36,Low,RESOLVED
2026-09-10,run-20260910-official-001,FIS-DIGITAL,SUB-DIGITAL-08,/subscriptions/00000018-0018-4018-8018-000000000018/resourceGroups/rg-nonprod-018/providers/microsoft.network/applicationgateways/application-gateway-023,application-gateway-023,microsoft.network/applicationgateways,rg-nonprod-018,centralus,Review-Utilization,Review utilization,Resource shows optimization opportunity based on current utilization,,,MEDIUM,HIGH,PRICED,FULL,PARTIAL,Metric1,security,reporting,nonprod,CC1009,7766.88,GP_Gen5_8,8,40.0,,Moderate,False,72,Mock_4vCPU_20GB,4,20.0,67.1,2315.08,0.0,Medium,RESOLVED
2026-09-10,run-20260910-official-001,FIS-DIGITAL,SUB-DIGITAL-08,/subscriptions/00000018-0018-4018-8018-000000000018/resourceGroups/rg-nonprod-018/providers/microsoft.network/applicationgateways/application-gateway-023,application-gateway-023,microsoft.network/applicationgateways,rg-nonprod-018,centralus,Review-Utilization,Review utilization,Resource shows optimization opportunity based on current utilization,,,MEDIUM,HIGH,PRICED,FULL,PARTIAL,Metric1,security,reporting,nonprod,CC1009,7766.88,GP_Gen5_8,8,40.0,,Aggressive,False,80,Mock_2vCPU_10GB,2,10.0,87.2,2907.31,0.0,High,RESOLVED
2026-09-10,run-20260910-official-001,FIS-INTERNATIONAL,SUB-INTERNATIONAL-02,/subscriptions/00000022-0022-4022-8022-000000000022/resourceGroups/rg-nonprod-022/providers/microsoft.network/applicationgateways/application-gateway-024,application-gateway-024,microsoft.network/applicationgateways,rg-nonprod-022,westus2,Downsize,Downsize resource,Rightsize based on sustained utilization,,,MEDIUM,MEDIUM,HEURISTIC,FULL,PARTIAL,Metric1,cloud-platform,ledger,nonprod,CC1007,3845.87,Standard_D2s_v5,2,8.0,,Conservative,True,65,Mock_1vCPU_4GB,1,4.0,74.8,1036.69,1036.69,Low,RESOLVED
2026-09-10,run-20260910-official-001,FIS-INTERNATIONAL,SUB-INTERNATIONAL-02,/subscriptions/00000022-0022-4022-8022-000000000022/resourceGroups/rg-nonprod-022/providers/microsoft.network/applicationgateways/application-gateway-024,application-gateway-024,microsoft.network/applicationgateways,rg-nonprod-022,westus2,Downsize,Downsize resource,Rightsize based on sustained utilization,,,MEDIUM,MEDIUM,HEURISTIC,FULL,PARTIAL,Metric1,cloud-platform,ledger,nonprod,CC1007,3845.87,Standard_D2s_v5,2,8.0,,Moderate,False,72,Mock_1vCPU_4GB,1,4.0,72.8,1273.64,0.0,Medium,RESOLVED
2026-09-10,run-20260910-official-001,FIS-INTERNATIONAL,SUB-INTERNATIONAL-02,/subscriptions/00000022-0022-4022-8022-000000000022/resourceGroups/rg-nonprod-022/providers/microsoft.network/applicationgateways/application-gateway-024,application-gateway-024,microsoft.network/applicationgateways,rg-nonprod-022,westus2,Downsize,Downsize resource,Rightsize based on sustained utilization,,,MEDIUM,MEDIUM,HEURISTIC,FULL,PARTIAL,Metric1,cloud-platform,ledger,nonprod,CC1007,3845.87,Standard_D2s_v5,2,8.0,,Aggressive,False,80,Mock_1vCPU_2GB,1,2.0,88.3,1599.46,0.0,High,RESOLVED
2026-09-10,run-20260910-official-001,FIS-CORP,SUB-CORP-08,/subscriptions/00000008-0008-4008-8008-000000000008/resourceGroups/rg-nonprod-038/providers/microsoft.network/applicationgateways/application-gateway-025,application-gateway-025,microsoft.network/applicationgateways,rg-nonprod-038,eastus,Review-Utilization,Review utilization,Resource shows optimization opportunity based on current utilization,,,MEDIUM,LOW,PRICED,FULL,PARTIAL,Metric1,digital-channels,customer360,nonprod,CC1010,17161.77,Standard_D4s_v5,4,16.0,,Conservative,True,65,Mock_2vCPU_8GB,2,8.0,69.8,1472.9,1472.9,Low,RESOLVED
2026-09-10,run-20260910-official-001,FIS-CORP,SUB-CORP-08,/subscriptions/00000008-0008-4008-8008-000000000008/resourceGroups/rg-nonprod-038/providers/microsoft.network/applicationgateways/application-gateway-025,application-gateway-025,microsoft.network/applicationgateways,rg-nonprod-038,eastus,Review-Utilization,Review utilization,Resource shows optimization opportunity based on current utilization,,,MEDIUM,LOW,PRICED,FULL,PARTIAL,Metric1,digital-channels,customer360,nonprod,CC1010,17161.77,Standard_D4s_v5,4,16.0,,Moderate,False,72,Mock_2vCPU_8GB,2,8.0,65.8,1809.56,0.0,Medium,RESOLVED
2026-09-10,run-20260910-official-001,FIS-CORP,SUB-CORP-08,/subscriptions/00000008-0008-4008-8008-000000000008/resourceGroups/rg-nonprod-038/providers/microsoft.network/applicationgateways/application-gateway-025,application-gateway-025,microsoft.network/applicationgateways,rg-nonprod-038,eastus,Review-Utilization,Review utilization,Resource shows optimization opportunity based on current utilization,,,MEDIUM,LOW,PRICED,FULL,PARTIAL,Metric1,digital-channels,customer360,nonprod,CC1010,17161.77,Standard_D4s_v5,4,16.0,,Aggressive,False,80,Mock_1vCPU_4GB,1,4.0,73.3,2272.47,0.0,High,RESOLVED
2026-09-10,run-20260910-official-001,FIS-INTERNATIONAL,SUB-INTERNATIONAL-04,/subscriptions/00000024-0024-4024-8024-000000000024/resourceGroups/rg-qa-024/providers/microsoft.network/applicationgateways/application-gateway-026,application-gateway-026,microsoft.network/applicationgateways,rg-qa-024,brazilsouth,Downsize,Downsize resource,Rightsize based on sustained utilization,,,LOW,LOW,UNPRICED,FULL,PARTIAL,"Metric1,Metric2",security,reporting,qa,CC1007,606.42,P1v3,2,8.0,,Conservative,True,65,Mock_1vCPU_4GB,1,4.0,64.6,63.67,63.67,Low,RESOLVED
2026-09-10,run-20260910-official-001,FIS-INTERNATIONAL,SUB-INTERNATIONAL-04,/subscriptions/00000024-0024-4024-8024-000000000024/resourceGroups/rg-qa-024/providers/microsoft.network/applicationgateways/application-gateway-026,application-gateway-026,microsoft.network/applicationgateways,rg-qa-024,brazilsouth,Downsize,Downsize resource,Rightsize based on sustained utilization,,,LOW,LOW,UNPRICED,FULL,PARTIAL,"Metric1,Metric2",security,reporting,qa,CC1007,606.42,P1v3,2,8.0,,Moderate,False,72,Mock_1vCPU_4GB,1,4.0,66.4,78.23,0.0,Medium,RESOLVED
2026-09-10,run-20260910-official-001,FIS-INTERNATIONAL,SUB-INTERNATIONAL-04,/subscriptions/00000024-0024-4024-8024-000000000024/resourceGroups/rg-qa-024/providers/microsoft.network/applicationgateways/application-gateway-026,application-gateway-026,microsoft.network/applicationgateways,rg-qa-024,brazilsouth,Downsize,Downsize resource,Rightsize based on sustained utilization,,,LOW,LOW,UNPRICED,FULL,PARTIAL,"Metric1,Metric2",security,reporting,qa,CC1007,606.42,P1v3,2,8.0,,Aggressive,False,80,Mock_1vCPU_2GB,1,2.0,79.8,98.24,0.0,High,RESOLVED
2026-09-10,run-20260910-official-001,FIS-CORP,SUB-CORP-06,/subscriptions/00000006-0006-4006-8006-000000000006/resourceGroups/rg-nonprod-006/providers/microsoft.cognitiveservices/accounts/cognitive-services-002,cognitive-services-002,microsoft.cognitiveservices/accounts,rg-nonprod-006,eastus2,Downsize,Downsize resource,Rightsize based on sustained utilization,,,MEDIUM,MEDIUM,HEURISTIC,FULL,PARTIAL,Metric1,integration,analytics,nonprod,CC1011,6805.37,GP_Gen5_8,8,40.0,,Conservative,True,65,Mock_4vCPU_20GB,4,20.0,69.0,1055.22,1055.22,Low,RESOLVED
2026-09-10,run-20260910-official-001,FIS-CORP,SUB-CORP-06,/subscriptions/00000006-0006-4006-8006-000000000006/resourceGroups/rg-nonprod-006/providers/microsoft.cognitiveservices/accounts/cognitive-services-002,cognitive-services-002,microsoft.cognitiveservices/accounts,rg-nonprod-006,eastus2,Downsize,Downsize resource,Rightsize based on sustained utilization,,,MEDIUM,MEDIUM,HEURISTIC,FULL,PARTIAL,Metric1,integration,analytics,nonprod,CC1011,6805.37,GP_Gen5_8,8,40.0,,Moderate,False,72,Mock_4vCPU_20GB,4,20.0,79.4,1296.42,0.0,Medium,RESOLVED
2026-09-10,run-20260910-official-001,FIS-CORP,SUB-CORP-06,/subscriptions/00000006-0006-4006-8006-000000000006/resourceGroups/rg-nonprod-006/providers/microsoft.cognitiveservices/accounts/cognitive-services-002,cognitive-services-002,microsoft.cognitiveservices/accounts,rg-nonprod-006,eastus2,Downsize,Downsize resource,Rightsize based on sustained utilization,,,MEDIUM,MEDIUM,HEURISTIC,FULL,PARTIAL,Metric1,integration,analytics,nonprod,CC1011,6805.37,GP_Gen5_8,8,40.0,,Aggressive,False,80,Mock_2vCPU_10GB,2,10.0,86.3,1628.06,0.0,High,RESOLVED
2026-09-10,run-20260910-official-001,FIS-CORP,SUB-CORP-09,/subscriptions/00000009-0009-4009-8009-000000000009/resourceGroups/rg-prod-009/providers/microsoft.cognitiveservices/accounts/cognitive-services-003,cognitive-services-003,microsoft.cognitiveservices/accounts,rg-prod-009,northeurope,Optimize-Tier,Optimize service tier,Move to a lower-cost tier aligned with observed demand,,,HIGH,MEDIUM,PRICED,FULL,COMPLETE,,security,reporting,prod,CC1004,15240.03,P1v3,2,8.0,,Conservative,True,65,Mock_1vCPU_4GB,1,4.0,59.3,4420.32,4420.32,Low,RESOLVED
2026-09-10,run-20260910-official-001,FIS-CORP,SUB-CORP-09,/subscriptions/00000009-0009-4009-8009-000000000009/resourceGroups/rg-prod-009/providers/microsoft.cognitiveservices/accounts/cognitive-services-003,cognitive-services-003,microsoft.cognitiveservices/accounts,rg-prod-009,northeurope,Optimize-Tier,Optimize service tier,Move to a lower-cost tier aligned with observed demand,,,HIGH,MEDIUM,PRICED,FULL,COMPLETE,,security,reporting,prod,CC1004,15240.03,P1v3,2,8.0,,Moderate,False,72,Mock_1vCPU_4GB,1,4.0,71.4,5430.68,0.0,Medium,RESOLVED
2026-09-10,run-20260910-official-001,FIS-CORP,SUB-CORP-09,/subscriptions/00000009-0009-4009-8009-000000000009/resourceGroups/rg-prod-009/providers/microsoft.cognitiveservices/accounts/cognitive-services-003,cognitive-services-003,microsoft.cognitiveservices/accounts,rg-prod-009,northeurope,Optimize-Tier,Optimize service tier,Move to a lower-cost tier aligned with observed demand,,,HIGH,MEDIUM,PRICED,FULL,COMPLETE,,security,reporting,prod,CC1004,15240.03,P1v3,2,8.0,,Aggressive,False,80,Mock_1vCPU_2GB,1,2.0,73.2,6819.92,0.0,High,RESOLVED
2026-09-10,run-20260910-official-001,FIS-DIGITAL,SUB-DIGITAL-08,/subscriptions/00000018-0018-4018-8018-000000000018/resourceGroups/rg-nonprod-018/providers/microsoft.cognitiveservices/accounts/cognitive-services-006,cognitive-services-006,microsoft.cognitiveservices/accounts,rg-nonprod-018,centralus,Review-Utilization,Review utilization,Resource shows optimization opportunity based on current utilization,,,MEDIUM,HIGH,PRICED,FULL,PARTIAL,Metric1,security,reporting,nonprod,CC1005,16964.89,P1v3,2,8.0,,Conservative,True,65,Mock_1vCPU_4GB,1,4.0,72.7,1485.73,1485.73,Low,RESOLVED
2026-09-10,run-20260910-official-001,FIS-DIGITAL,SUB-DIGITAL-08,/subscriptions/00000018-0018-4018-8018-000000000018/resourceGroups/rg-nonprod-018/providers/microsoft.cognitiveservices/accounts/cognitive-services-006,cognitive-services-006,microsoft.cognitiveservices/accounts,rg-nonprod-018,centralus,Review-Utilization,Review utilization,Resource shows optimization opportunity based on current utilization,,,MEDIUM,HIGH,PRICED,FULL,PARTIAL,Metric1,security,reporting,nonprod,CC1005,16964.89,P1v3,2,8.0,,Moderate,False,72,Mock_1vCPU_4GB,1,4.0,78.1,1825.32,0.0,Medium,RESOLVED
2026-09-10,run-20260910-official-001,FIS-DIGITAL,SUB-DIGITAL-08,/subscriptions/00000018-0018-4018-8018-000000000018/resourceGroups/rg-nonprod-018/providers/microsoft.cognitiveservices/accounts/cognitive-services-006,cognitive-services-006,microsoft.cognitiveservices/accounts,rg-nonprod-018,centralus,Review-Utilization,Review utilization,Resource shows optimization opportunity based on current utilization,,,MEDIUM,HIGH,PRICED,FULL,PARTIAL,Metric1,security,reporting,nonprod,CC1005,16964.89,P1v3,2,8.0,,Aggressive,False,80,Mock_1vCPU_2GB,1,2.0,81.5,2292.27,0.0,High,RESOLVED
2026-09-10,run-20260910-official-001,FIS-CORP,SUB-CORP-09,/subscriptions/00000009-0009-4009-8009-000000000009/resourceGroups/rg-dev-039/providers/microsoft.cognitiveservices/accounts/cognitive-services-007,cognitive-services-007,microsoft.cognitiveservices/accounts,rg-dev-039,centralus,Review-Utilization,Review utilization,Resource shows optimization opportunity based on current utilization,,,MEDIUM,HIGH,PRICED,FULL,COMPLETE,,core-banking,customer360,dev,CC1005,13293.83,Standard_D4s_v5,4,16.0,,Conservative,True,65,Mock_2vCPU_8GB,2,8.0,64.8,1844.2,1844.2,Low,RESOLVED
2026-09-10,run-20260910-official-001,FIS-CORP,SUB-CORP-09,/subscriptions/00000009-0009-4009-8009-000000000009/resourceGroups/rg-dev-039/providers/microsoft.cognitiveservices/accounts/cognitive-services-007,cognitive-services-007,microsoft.cognitiveservices/accounts,rg-dev-039,centralus,Review-Utilization,Review utilization,Resource shows optimization opportunity based on current utilization,,,MEDIUM,HIGH,PRICED,FULL,COMPLETE,,core-banking,customer360,dev,CC1005,13293.83,Standard_D4s_v5,4,16.0,,Moderate,False,72,Mock_2vCPU_8GB,2,8.0,73.6,2265.73,0.0,Medium,RESOLVED
2026-09-10,run-20260910-official-001,FIS-CORP,SUB-CORP-09,/subscriptions/00000009-0009-4009-8009-000000000009/resourceGroups/rg-dev-039/providers/microsoft.cognitiveservices/accounts/cognitive-services-007,cognitive-services-007,microsoft.cognitiveservices/accounts,rg-dev-039,centralus,Review-Utilization,Review utilization,Resource shows optimization opportunity based on current utilization,,,MEDIUM,HIGH,PRICED,FULL,COMPLETE,,core-banking,customer360,dev,CC1005,13293.83,Standard_D4s_v5,4,16.0,,Aggressive,False,80,Mock_1vCPU_4GB,1,4.0,79.2,2845.34,0.0,High,RESOLVED
2026-09-10,run-20260910-official-001,FIS-DIGITAL,SUB-DIGITAL-03,/subscriptions/00000013-0013-4013-8013-000000000013/resourceGroups/rg-dev-043/providers/microsoft.cognitiveservices/accounts/cognitive-services-008,cognitive-services-008,microsoft.cognitiveservices/accounts,rg-dev-043,brazilsouth,Downsize,Downsize resource,Rightsize based on sustained utilization,,,MEDIUM,MEDIUM,PRICED,FULL,PARTIAL,Metric1,integration,ledger,dev,CC1001,9087.21,GP_Gen5_4,4,20.0,,Conservative,True,65,Mock_2vCPU_10GB,2,10.0,67.8,1095.55,1095.55,Low,RESOLVED
2026-09-10,run-20260910-official-001,FIS-DIGITAL,SUB-DIGITAL-03,/subscriptions/00000013-0013-4013-8013-000000000013/resourceGroups/rg-dev-043/providers/microsoft.cognitiveservices/accounts/cognitive-services-008,cognitive-services-008,microsoft.cognitiveservices/accounts,rg-dev-043,brazilsouth,Downsize,Downsize resource,Rightsize based on sustained utilization,,,MEDIUM,MEDIUM,PRICED,FULL,PARTIAL,Metric1,integration,ledger,dev,CC1001,9087.21,GP_Gen5_4,4,20.0,,Moderate,False,72,Mock_2vCPU_10GB,2,10.0,68.9,1345.96,0.0,Medium,RESOLVED
2026-09-10,run-20260910-official-001,FIS-DIGITAL,SUB-DIGITAL-03,/subscriptions/00000013-0013-4013-8013-000000000013/resourceGroups/rg-dev-043/providers/microsoft.cognitiveservices/accounts/cognitive-services-008,cognitive-services-008,microsoft.cognitiveservices/accounts,rg-dev-043,brazilsouth,Downsize,Downsize resource,Rightsize based on sustained utilization,,,MEDIUM,MEDIUM,PRICED,FULL,PARTIAL,Metric1,integration,ledger,dev,CC1001,9087.21,GP_Gen5_4,4,20.0,,Aggressive,False,80,Mock_1vCPU_5GB,1,5.0,82.9,1690.28,0.0,High,RESOLVED
2026-09-10,run-20260910-official-001,FIS-INTERNATIONAL,SUB-INTERNATIONAL-10,/subscriptions/00000030-0030-4030-8030-000000000030/resourceGroups/rg-nonprod-030/providers/microsoft.cognitiveservices/accounts/cognitive-services-010,cognitive-services-010,microsoft.cognitiveservices/accounts,rg-nonprod-030,westus2,Optimize-Tier,Optimize service tier,Move to a lower-cost tier aligned with observed demand,,,HIGH,MEDIUM,HEURISTIC,FULL,PARTIAL,Metric1,payments,api-hub,nonprod,CC1012,15933.42,GP_Gen5_4,4,20.0,,Conservative,True,65,Mock_2vCPU_10GB,2,10.0,68.7,2612.71,2612.71,Low,RESOLVED
2026-09-10,run-20260910-official-001,FIS-INTERNATIONAL,SUB-INTERNATIONAL-10,/subscriptions/00000030-0030-4030-8030-000000000030/resourceGroups/rg-nonprod-030/providers/microsoft.cognitiveservices/accounts/cognitive-services-010,cognitive-services-010,microsoft.cognitiveservices/accounts,rg-nonprod-030,westus2,Optimize-Tier,Optimize service tier,Move to a lower-cost tier aligned with observed demand,,,HIGH,MEDIUM,HEURISTIC,FULL,PARTIAL,Metric1,payments,api-hub,nonprod,CC1012,15933.42,GP_Gen5_4,4,20.0,,Moderate,False,72,Mock_2vCPU_10GB,2,10.0,73.8,3209.91,0.0,Medium,RESOLVED
2026-09-10,run-20260910-official-001,FIS-INTERNATIONAL,SUB-INTERNATIONAL-10,/subscriptions/00000030-0030-4030-8030-000000000030/resourceGroups/rg-nonprod-030/providers/microsoft.cognitiveservices/accounts/cognitive-services-010,cognitive-services-010,microsoft.cognitiveservices/accounts,rg-nonprod-030,westus2,Optimize-Tier,Optimize service tier,Move to a lower-cost tier aligned with observed demand,,,HIGH,MEDIUM,HEURISTIC,FULL,PARTIAL,Metric1,payments,api-hub,nonprod,CC1012,15933.42,GP_Gen5_4,4,20.0,,Aggressive,False,80,Mock_1vCPU_5GB,1,5.0,76.3,4031.05,0.0,High,RESOLVED
2026-09-10,run-20260910-official-001,FIS-DIGITAL,SUB-DIGITAL-02,/subscriptions/00000012-0012-4012-8012-000000000012/resourceGroups/rg-nonprod-042/providers/microsoft.cognitiveservices/accounts/cognitive-services-011,cognitive-services-011,microsoft.cognitiveservices/accounts,rg-nonprod-042,eastus2,Optimize-Tier,Optimize service tier,Move to a lower-cost tier aligned with observed demand,,,HIGH,MEDIUM,PRICED,FULL,PARTIAL,Metric1,digital-channels,payments,nonprod,CC1003,11825.96,GP_Gen5_8,8,40.0,,Conservative,True,65,Mock_4vCPU_20GB,4,20.0,63.3,2494.67,2494.67,Low,RESOLVED
2026-09-10,run-20260910-official-001,FIS-DIGITAL,SUB-DIGITAL-02,/subscriptions/00000012-0012-4012-8012-000000000012/resourceGroups/rg-nonprod-042/providers/microsoft.cognitiveservices/accounts/cognitive-services-011,cognitive-services-011,microsoft.cognitiveservices/accounts,rg-nonprod-042,eastus2,Optimize-Tier,Optimize service tier,Move to a lower-cost tier aligned with observed demand,,,HIGH,MEDIUM,PRICED,FULL,PARTIAL,Metric1,digital-channels,payments,nonprod,CC1003,11825.96,GP_Gen5_8,8,40.0,,Moderate,False,72,Mock_4vCPU_20GB,4,20.0,67.2,3064.88,0.0,Medium,RESOLVED
2026-09-10,run-20260910-official-001,FIS-DIGITAL,SUB-DIGITAL-02,/subscriptions/00000012-0012-4012-8012-000000000012/resourceGroups/rg-nonprod-042/providers/microsoft.cognitiveservices/accounts/cognitive-services-011,cognitive-services-011,microsoft.cognitiveservices/accounts,rg-nonprod-042,eastus2,Optimize-Tier,Optimize service tier,Move to a lower-cost tier aligned with observed demand,,,HIGH,MEDIUM,PRICED,FULL,PARTIAL,Metric1,digital-channels,payments,nonprod,CC1003,11825.96,GP_Gen5_8,8,40.0,,Aggressive,False,80,Mock_2vCPU_10GB,2,10.0,76.9,3848.91,0.0,High,RESOLVED
2026-09-10,run-20260910-official-001,FIS-DIGITAL,SUB-DIGITAL-01,/subscriptions/00000011-0011-4011-8011-000000000011/resourceGroups/rg-prod-041/providers/microsoft.cognitiveservices/accounts/cognitive-services-014,cognitive-services-014,microsoft.cognitiveservices/accounts,rg-prod-041,eastus,Downsize,Downsize resource,Rightsize based on sustained utilization,,,LOW,MEDIUM,HEURISTIC,FULL,COMPLETE,,payments,ledger,prod,CC1002,1681.77,Standard_D4s_v5,4,16.0,,Conservative,True,65,Mock_2vCPU_8GB,2,8.0,65.4,233.11,233.11,Low,RESOLVED
2026-09-10,run-20260910-official-001,FIS-DIGITAL,SUB-DIGITAL-01,/subscriptions/00000011-0011-4011-8011-000000000011/resourceGroups/rg-prod-041/providers/microsoft.cognitiveservices/accounts/cognitive-services-014,cognitive-services-014,microsoft.cognitiveservices/accounts,rg-prod-041,eastus,Downsize,Downsize resource,Rightsize based on sustained utilization,,,LOW,MEDIUM,HEURISTIC,FULL,COMPLETE,,payments,ledger,prod,CC1002,1681.77,Standard_D4s_v5,4,16.0,,Moderate,False,72,Mock_2vCPU_8GB,2,8.0,66.5,286.4,0.0,Medium,RESOLVED
2026-09-10,run-20260910-official-001,FIS-DIGITAL,SUB-DIGITAL-01,/subscriptions/00000011-0011-4011-8011-000000000011/resourceGroups/rg-prod-041/providers/microsoft.cognitiveservices/accounts/cognitive-services-014,cognitive-services-014,microsoft.cognitiveservices/accounts,rg-prod-041,eastus,Downsize,Downsize resource,Rightsize based on sustained utilization,,,LOW,MEDIUM,HEURISTIC,FULL,COMPLETE,,payments,ledger,prod,CC1002,1681.77,Standard_D4s_v5,4,16.0,,Aggressive,False,80,Mock_1vCPU_4GB,1,4.0,80.1,359.66,0.0,High,RESOLVED
2026-09-10,run-20260910-official-001,FIS-DIGITAL,SUB-DIGITAL-10,/subscriptions/00000020-0020-4020-8020-000000000020/resourceGroups/rg-nonprod-050/providers/microsoft.cognitiveservices/accounts/cognitive-services-016,cognitive-services-016,microsoft.cognitiveservices/accounts,rg-nonprod-050,eastus,Downsize,Downsize resource,Rightsize based on sustained utilization,,,HIGH,HIGH,PRICED,FULL,PARTIAL,"Metric1,Metric2",integration,analytics,nonprod,CC1006,16413.93,Standard_D4s_v5,4,16.0,,Conservative,True,65,Mock_2vCPU_8GB,2,8.0,69.9,3575.07,3575.07,Low,RESOLVED
2026-09-10,run-20260910-official-001,FIS-DIGITAL,SUB-DIGITAL-10,/subscriptions/00000020-0020-4020-8020-000000000020/resourceGroups/rg-nonprod-050/providers/microsoft.cognitiveservices/accounts/cognitive-services-016,cognitive-services-016,microsoft.cognitiveservices/accounts,rg-nonprod-050,eastus,Downsize,Downsize resource,Rightsize based on sustained utilization,,,HIGH,HIGH,PRICED,FULL,PARTIAL,"Metric1,Metric2",integration,analytics,nonprod,CC1006,16413.93,Standard_D4s_v5,4,16.0,,Moderate,False,72,Mock_2vCPU_8GB,2,8.0,70.1,4392.23,0.0,Medium,RESOLVED
2026-09-10,run-20260910-official-001,FIS-DIGITAL,SUB-DIGITAL-10,/subscriptions/00000020-0020-4020-8020-000000000020/resourceGroups/rg-nonprod-050/providers/microsoft.cognitiveservices/accounts/cognitive-services-016,cognitive-services-016,microsoft.cognitiveservices/accounts,rg-nonprod-050,eastus,Downsize,Downsize resource,Rightsize based on sustained utilization,,,HIGH,HIGH,PRICED,FULL,PARTIAL,"Metric1,Metric2",integration,analytics,nonprod,CC1006,16413.93,Standard_D4s_v5,4,16.0,,Aggressive,False,80,Mock_1vCPU_4GB,1,4.0,78.1,5515.82,0.0,High,RESOLVED
2026-09-10,run-20260910-official-001,FIS-INTERNATIONAL,SUB-INTERNATIONAL-07,/subscriptions/00000027-0027-4027-8027-000000000027/resourceGroups/rg-dev-027/providers/microsoft.cognitiveservices/accounts/cognitive-services-017,cognitive-services-017,microsoft.cognitiveservices/accounts,rg-dev-027,westeurope,Downsize,Downsize resource,Rightsize based on sustained utilization,,,MEDIUM,HIGH,PRICED,FULL,PARTIAL,"Metric1,Metric2",cloud-platform,reporting,dev,CC1009,4432.62,GP_Gen5_8,8,40.0,,Conservative,True,65,Mock_4vCPU_20GB,4,20.0,64.7,1142.76,1142.76,Low,RESOLVED
2026-09-10,run-20260910-official-001,FIS-INTERNATIONAL,SUB-INTERNATIONAL-07,/subscriptions/00000027-0027-4027-8027-000000000027/resourceGroups/rg-dev-027/providers/microsoft.cognitiveservices/accounts/cognitive-services-017,cognitive-services-017,microsoft.cognitiveservices/accounts,rg-dev-027,westeurope,Downsize,Downsize resource,Rightsize based on sustained utilization,,,MEDIUM,HIGH,PRICED,FULL,PARTIAL,"Metric1,Metric2",cloud-platform,reporting,dev,CC1009,4432.62,GP_Gen5_8,8,40.0,,Moderate,False,72,Mock_4vCPU_20GB,4,20.0,79.4,1403.96,0.0,Medium,RESOLVED
2026-09-10,run-20260910-official-001,FIS-INTERNATIONAL,SUB-INTERNATIONAL-07,/subscriptions/00000027-0027-4027-8027-000000000027/resourceGroups/rg-dev-027/providers/microsoft.cognitiveservices/accounts/cognitive-services-017,cognitive-services-017,microsoft.cognitiveservices/accounts,rg-dev-027,westeurope,Downsize,Downsize resource,Rightsize based on sustained utilization,,,MEDIUM,HIGH,PRICED,FULL,PARTIAL,"Metric1,Metric2",cloud-platform,reporting,dev,CC1009,4432.62,GP_Gen5_8,8,40.0,,Aggressive,False,80,Mock_2vCPU_10GB,2,10.0,79.2,1763.11,0.0,High,RESOLVED
2026-09-10,run-20260910-official-001,FIS-DIGITAL,SUB-DIGITAL-03,/subscriptions/00000013-0013-4013-8013-000000000013/resourceGroups/rg-prod-013/providers/microsoft.cognitiveservices/accounts/cognitive-services-019,cognitive-services-019,microsoft.cognitiveservices/accounts,rg-prod-013,eastus,Downsize,Downsize resource,Rightsize based on sustained utilization,,,LOW,MEDIUM,UNPRICED,FULL,COMPLETE,,digital-channels,customer360,prod,CC1007,8837.79,Standard_D4s_v5,4,16.0,,Conservative,True,65,Mock_2vCPU_8GB,2,8.0,71.3,927.97,927.97,Low,RESOLVED
2026-09-10,run-20260910-official-001,FIS-DIGITAL,SUB-DIGITAL-03,/subscriptions/00000013-0013-4013-8013-000000000013/resourceGroups/rg-prod-013/providers/microsoft.cognitiveservices/accounts/cognitive-services-019,cognitive-services-019,microsoft.cognitiveservices/accounts,rg-prod-013,eastus,Downsize,Downsize resource,Rightsize based on sustained utilization,,,LOW,MEDIUM,UNPRICED,FULL,COMPLETE,,digital-channels,customer360,prod,CC1007,8837.79,Standard_D4s_v5,4,16.0,,Moderate,False,72,Mock_2vCPU_8GB,2,8.0,82.9,1140.07,0.0,Medium,RESOLVED
2026-09-10,run-20260910-official-001,FIS-DIGITAL,SUB-DIGITAL-03,/subscriptions/00000013-0013-4013-8013-000000000013/resourceGroups/rg-prod-013/providers/microsoft.cognitiveservices/accounts/cognitive-services-019,cognitive-services-019,microsoft.cognitiveservices/accounts,rg-prod-013,eastus,Downsize,Downsize resource,Rightsize based on sustained utilization,,,LOW,MEDIUM,UNPRICED,FULL,COMPLETE,,digital-channels,customer360,prod,CC1007,8837.79,Standard_D4s_v5,4,16.0,,Aggressive,False,80,Mock_1vCPU_4GB,1,4.0,78.1,1431.72,0.0,High,RESOLVED
2026-09-10,run-20260910-official-001,FIS-CORP,SUB-CORP-03,/subscriptions/00000003-0003-4003-8003-000000000003/resourceGroups/rg-prod-033/providers/microsoft.cognitiveservices/accounts/cognitive-services-021,cognitive-services-021,microsoft.cognitiveservices/accounts,rg-prod-033,eastus2,Review-Utilization,Review utilization,Resource shows optimization opportunity based on current utilization,,,HIGH,HIGH,PRICED,FULL,PARTIAL,"Metric1,Metric2,Metric3,Metric4",digital-channels,customer360,prod,CC1006,12671.86,Standard_D8s_v5,8,32.0,,Conservative,True,65,Mock_4vCPU_16GB,4,16.0,64.6,2942.34,2942.34,Low,RESOLVED
2026-09-10,run-20260910-official-001,FIS-CORP,SUB-CORP-03,/subscriptions/00000003-0003-4003-8003-000000000003/resourceGroups/rg-prod-033/providers/microsoft.cognitiveservices/accounts/cognitive-services-021,cognitive-services-021,microsoft.cognitiveservices/accounts,rg-prod-033,eastus2,Review-Utilization,Review utilization,Resource shows optimization opportunity based on current utilization,,,HIGH,HIGH,PRICED,FULL,PARTIAL,"Metric1,Metric2,Metric3,Metric4",digital-channels,customer360,prod,CC1006,12671.86,Standard_D8s_v5,8,32.0,,Moderate,False,72,Mock_4vCPU_16GB,4,16.0,70.1,3614.87,0.0,Medium,RESOLVED
2026-09-10,run-20260910-official-001,FIS-CORP,SUB-CORP-03,/subscriptions/00000003-0003-4003-8003-000000000003/resourceGroups/rg-prod-033/providers/microsoft.cognitiveservices/accounts/cognitive-services-021,cognitive-services-021,microsoft.cognitiveservices/accounts,rg-prod-033,eastus2,Review-Utilization,Review utilization,Resource shows optimization opportunity based on current utilization,,,HIGH,HIGH,PRICED,FULL,PARTIAL,"Metric1,Metric2,Metric3,Metric4",digital-channels,customer360,prod,CC1006,12671.86,Standard_D8s_v5,8,32.0,,Aggressive,False,80,Mock_2vCPU_8GB,2,8.0,80.2,4539.61,0.0,High,RESOLVED
2026-09-10,run-20260910-official-001,FIS-INTERNATIONAL,SUB-INTERNATIONAL-01,/subscriptions/00000021-0021-4021-8021-000000000021/resourceGroups/rg-prod-021/providers/microsoft.cognitiveservices/accounts/cognitive-services-022,cognitive-services-022,microsoft.cognitiveservices/accounts,rg-prod-021,westus2,Review-Utilization,Review utilization,Resource shows optimization opportunity based on current utilization,,,MEDIUM,HIGH,PRICED,FULL,COMPLETE,,security,customer360,prod,CC1009,14703.26,GP_Gen5_4,4,20.0,,Conservative,True,65,Mock_2vCPU_10GB,2,10.0,63.1,1882.08,1882.08,Low,RESOLVED
2026-09-10,run-20260910-official-001,FIS-INTERNATIONAL,SUB-INTERNATIONAL-01,/subscriptions/00000021-0021-4021-8021-000000000021/resourceGroups/rg-prod-021/providers/microsoft.cognitiveservices/accounts/cognitive-services-022,cognitive-services-022,microsoft.cognitiveservices/accounts,rg-prod-021,westus2,Review-Utilization,Review utilization,Resource shows optimization opportunity based on current utilization,,,MEDIUM,HIGH,PRICED,FULL,COMPLETE,,security,customer360,prod,CC1009,14703.26,GP_Gen5_4,4,20.0,,Moderate,False,72,Mock_2vCPU_10GB,2,10.0,71.0,2312.26,0.0,Medium,RESOLVED
2026-09-10,run-20260910-official-001,FIS-INTERNATIONAL,SUB-INTERNATIONAL-01,/subscriptions/00000021-0021-4021-8021-000000000021/resourceGroups/rg-prod-021/providers/microsoft.cognitiveservices/accounts/cognitive-services-022,cognitive-services-022,microsoft.cognitiveservices/accounts,rg-prod-021,westus2,Review-Utilization,Review utilization,Resource shows optimization opportunity based on current utilization,,,MEDIUM,HIGH,PRICED,FULL,COMPLETE,,security,customer360,prod,CC1009,14703.26,GP_Gen5_4,4,20.0,,Aggressive,False,80,Mock_1vCPU_5GB,1,5.0,87.9,2903.77,0.0,High,RESOLVED
2026-09-10,run-20260910-official-001,FIS-INTERNATIONAL,SUB-INTERNATIONAL-10,/subscriptions/00000030-0030-4030-8030-000000000030/resourceGroups/rg-nonprod-030/providers/microsoft.cognitiveservices/accounts/cognitive-services-023,cognitive-services-023,microsoft.cognitiveservices/accounts,rg-nonprod-030,centralus,Review-Utilization,Review utilization,Resource shows optimization opportunity based on current utilization,,,MEDIUM,MEDIUM,PRICED,FULL,COMPLETE,,cloud-platform,api-hub,nonprod,CC1002,5384.27,GP_Gen5_4,4,20.0,,Conservative,True,65,Mock_2vCPU_10GB,2,10.0,62.1,1533.62,1533.62,Low,RESOLVED
2026-09-10,run-20260910-official-001,FIS-INTERNATIONAL,SUB-INTERNATIONAL-10,/subscriptions/00000030-0030-4030-8030-000000000030/resourceGroups/rg-nonprod-030/providers/microsoft.cognitiveservices/accounts/cognitive-services-023,cognitive-services-023,microsoft.cognitiveservices/accounts,rg-nonprod-030,centralus,Review-Utilization,Review utilization,Resource shows optimization opportunity based on current utilization,,,MEDIUM,MEDIUM,PRICED,FULL,COMPLETE,,cloud-platform,api-hub,nonprod,CC1002,5384.27,GP_Gen5_4,4,20.0,,Moderate,False,72,Mock_2vCPU_10GB,2,10.0,81.2,1884.16,0.0,Medium,RESOLVED
2026-09-10,run-20260910-official-001,FIS-INTERNATIONAL,SUB-INTERNATIONAL-10,/subscriptions/00000030-0030-4030-8030-000000000030/resourceGroups/rg-nonprod-030/providers/microsoft.cognitiveservices/accounts/cognitive-services-023,cognitive-services-023,microsoft.cognitiveservices/accounts,rg-nonprod-030,centralus,Review-Utilization,Review utilization,Resource shows optimization opportunity based on current utilization,,,MEDIUM,MEDIUM,PRICED,FULL,COMPLETE,,cloud-platform,api-hub,nonprod,CC1002,5384.27,GP_Gen5_4,4,20.0,,Aggressive,False,80,Mock_1vCPU_5GB,1,5.0,86.9,2366.15,0.0,High,RESOLVED
2026-09-10,run-20260910-official-001,FIS-CORP,SUB-CORP-03,/subscriptions/00000003-0003-4003-8003-000000000003/resourceGroups/rg-dev-003/providers/microsoft.cognitiveservices/accounts/cognitive-services-024,cognitive-services-024,microsoft.cognitiveservices/accounts,rg-dev-003,eastus,Review-Utilization,Review utilization,Resource shows optimization opportunity based on current utilization,,,MEDIUM,MEDIUM,PRICED,FULL,COMPLETE,,integration,reporting,dev,CC1002,3735.83,S3,4,7.0,,Conservative,True,65,Mock_2vCPU_3GB,2,3.5,62.9,1073.81,1073.81,Low,RESOLVED
2026-09-10,run-20260910-official-001,FIS-CORP,SUB-CORP-03,/subscriptions/00000003-0003-4003-8003-000000000003/resourceGroups/rg-dev-003/providers/microsoft.cognitiveservices/accounts/cognitive-services-024,cognitive-services-024,microsoft.cognitiveservices/accounts,rg-dev-003,eastus,Review-Utilization,Review utilization,Resource shows optimization opportunity based on current utilization,,,MEDIUM,MEDIUM,PRICED,FULL,COMPLETE,,integration,reporting,dev,CC1002,3735.83,S3,4,7.0,,Moderate,False,72,Mock_2vCPU_3GB,2,3.5,72.0,1319.25,0.0,Medium,RESOLVED
2026-09-10,run-20260910-official-001,FIS-CORP,SUB-CORP-03,/subscriptions/00000003-0003-4003-8003-000000000003/resourceGroups/rg-dev-003/providers/microsoft.cognitiveservices/accounts/cognitive-services-024,cognitive-services-024,microsoft.cognitiveservices/accounts,rg-dev-003,eastus,Review-Utilization,Review utilization,Resource shows optimization opportunity based on current utilization,,,MEDIUM,MEDIUM,PRICED,FULL,COMPLETE,,integration,reporting,dev,CC1002,3735.83,S3,4,7.0,,Aggressive,False,80,Mock_1vCPU_1GB,1,1.8,80.9,1656.73,0.0,High,RESOLVED
2026-09-10,run-20260910-official-001,FIS-DIGITAL,SUB-DIGITAL-01,/subscriptions/00000011-0011-4011-8011-000000000011/resourceGroups/rg-dev-011/providers/microsoft.cognitiveservices/accounts/cognitive-services-026,cognitive-services-026,microsoft.cognitiveservices/accounts,rg-dev-011,westus2,Optimize-Tier,Optimize service tier,Move to a lower-cost tier aligned with observed demand,,,HIGH,MEDIUM,PRICED,FULL,PARTIAL,"Metric1,Metric2,Metric3",data-ai,risk,dev,CC1011,13829.43,Standard_D8s_v5,8,32.0,,Conservative,True,65,Mock_4vCPU_16GB,4,16.0,69.2,2637.73,2637.73,Low,RESOLVED
2026-09-10,run-20260910-official-001,FIS-DIGITAL,SUB-DIGITAL-01,/subscriptions/00000011-0011-4011-8011-000000000011/resourceGroups/rg-dev-011/providers/microsoft.cognitiveservices/accounts/cognitive-services-026,cognitive-services-026,microsoft.cognitiveservices/accounts,rg-dev-011,westus2,Optimize-Tier,Optimize service tier,Move to a lower-cost tier aligned with observed demand,,,HIGH,MEDIUM,PRICED,FULL,PARTIAL,"Metric1,Metric2,Metric3",data-ai,risk,dev,CC1011,13829.43,Standard_D8s_v5,8,32.0,,Moderate,False,72,Mock_4vCPU_16GB,4,16.0,66.7,3240.64,0.0,Medium,RESOLVED
2026-09-10,run-20260910-official-001,FIS-DIGITAL,SUB-DIGITAL-01,/subscriptions/00000011-0011-4011-8011-000000000011/resourceGroups/rg-dev-011/providers/microsoft.cognitiveservices/accounts/cognitive-services-026,cognitive-services-026,microsoft.cognitiveservices/accounts,rg-dev-011,westus2,Optimize-Tier,Optimize service tier,Move to a lower-cost tier aligned with observed demand,,,HIGH,MEDIUM,PRICED,FULL,PARTIAL,"Metric1,Metric2,Metric3",data-ai,risk,dev,CC1011,13829.43,Standard_D8s_v5,8,32.0,,Aggressive,False,80,Mock_2vCPU_8GB,2,8.0,73.4,4069.65,0.0,High,RESOLVED
2026-09-10,run-20260910-official-001,FIS-CORP,SUB-CORP-03,/subscriptions/00000003-0003-4003-8003-000000000003/resourceGroups/rg-dev-003/providers/microsoft.cognitiveservices/accounts/cognitive-services-027,cognitive-services-027,microsoft.cognitiveservices/accounts,rg-dev-003,brazilsouth,Downsize,Downsize resource,Rightsize based on sustained utilization,,,HIGH,HIGH,PRICED,FULL,PARTIAL,Metric1,core-banking,customer360,dev,CC1002,15522.91,Standard_D2s_v5,2,8.0,,Conservative,True,65,Mock_1vCPU_4GB,1,4.0,67.5,2956.19,2956.19,Low,RESOLVED
2026-09-10,run-20260910-official-001,FIS-CORP,SUB-CORP-03,/subscriptions/00000003-0003-4003-8003-000000000003/resourceGroups/rg-dev-003/providers/microsoft.cognitiveservices/accounts/cognitive-services-027,cognitive-services-027,microsoft.cognitiveservices/accounts,rg-dev-003,brazilsouth,Downsize,Downsize resource,Rightsize based on sustained utilization,,,HIGH,HIGH,PRICED,FULL,PARTIAL,Metric1,core-banking,customer360,dev,CC1002,15522.91,Standard_D2s_v5,2,8.0,,Moderate,False,72,Mock_1vCPU_4GB,1,4.0,80.8,3631.89,0.0,Medium,RESOLVED
2026-09-10,run-20260910-official-001,FIS-CORP,SUB-CORP-03,/subscriptions/00000003-0003-4003-8003-000000000003/resourceGroups/rg-dev-003/providers/microsoft.cognitiveservices/accounts/cognitive-services-027,cognitive-services-027,microsoft.cognitiveservices/accounts,rg-dev-003,brazilsouth,Downsize,Downsize resource,Rightsize based on sustained utilization,,,HIGH,HIGH,PRICED,FULL,PARTIAL,Metric1,core-banking,customer360,dev,CC1002,15522.91,Standard_D2s_v5,2,8.0,,Aggressive,False,80,Mock_1vCPU_2GB,1,2.0,89.6,4560.98,0.0,High,RESOLVED
2026-09-10,run-20260910-official-001,FIS-DIGITAL,SUB-DIGITAL-02,/subscriptions/00000012-0012-4012-8012-000000000012/resourceGroups/rg-nonprod-042/providers/microsoft.datafactory/factories/data-factory-002,data-factory-002,microsoft.datafactory/factories,rg-nonprod-042,westeurope,Optimize-Tier,Optimize service tier,Move to a lower-cost tier aligned with observed demand,,,LOW,LOW,PRICED,FULL,PARTIAL,Metric1,digital-channels,customer360,nonprod,CC1008,89.17,S3,4,7.0,,Conservative,True,65,Mock_2vCPU_3GB,2,3.5,68.6,26.07,26.07,Low,RESOLVED
2026-09-10,run-20260910-official-001,FIS-DIGITAL,SUB-DIGITAL-02,/subscriptions/00000012-0012-4012-8012-000000000012/resourceGroups/rg-nonprod-042/providers/microsoft.datafactory/factories/data-factory-002,data-factory-002,microsoft.datafactory/factories,rg-nonprod-042,westeurope,Optimize-Tier,Optimize service tier,Move to a lower-cost tier aligned with observed demand,,,LOW,LOW,PRICED,FULL,PARTIAL,Metric1,digital-channels,customer360,nonprod,CC1008,89.17,S3,4,7.0,,Moderate,False,72,Mock_2vCPU_3GB,2,3.5,81.2,32.03,0.0,Medium,RESOLVED
2026-09-10,run-20260910-official-001,FIS-DIGITAL,SUB-DIGITAL-02,/subscriptions/00000012-0012-4012-8012-000000000012/resourceGroups/rg-nonprod-042/providers/microsoft.datafactory/factories/data-factory-002,data-factory-002,microsoft.datafactory/factories,rg-nonprod-042,westeurope,Optimize-Tier,Optimize service tier,Move to a lower-cost tier aligned with observed demand,,,LOW,LOW,PRICED,FULL,PARTIAL,Metric1,digital-channels,customer360,nonprod,CC1008,89.17,S3,4,7.0,,Aggressive,False,80,Mock_1vCPU_1GB,1,1.8,74.9,40.22,0.0,High,RESOLVED
2026-09-10,run-20260910-official-001,FIS-CORP,SUB-CORP-10,/subscriptions/00000010-0010-4010-8010-000000000010/resourceGroups/rg-nonprod-010/providers/microsoft.datafactory/factories/data-factory-005,data-factory-005,microsoft.datafactory/factories,rg-nonprod-010,westus2,Downsize,Downsize resource,Rightsize based on sustained utilization,,,MEDIUM,MEDIUM,HEURISTIC,FULL,PARTIAL,Metric1,core-banking,payments,nonprod,CC1001,14371.13,Standard_D8s_v5,8,32.0,,Conservative,True,65,Mock_4vCPU_16GB,4,16.0,68.5,900.22,900.22,Low,RESOLVED
2026-09-10,run-20260910-official-001,FIS-CORP,SUB-CORP-10,/subscriptions/00000010-0010-4010-8010-000000000010/resourceGroups/rg-nonprod-010/providers/microsoft.datafactory/factories/data-factory-005,data-factory-005,microsoft.datafactory/factories,rg-nonprod-010,westus2,Downsize,Downsize resource,Rightsize based on sustained utilization,,,MEDIUM,MEDIUM,HEURISTIC,FULL,PARTIAL,Metric1,core-banking,payments,nonprod,CC1001,14371.13,Standard_D8s_v5,8,32.0,,Moderate,False,72,Mock_4vCPU_16GB,4,16.0,75.1,1105.99,0.0,Medium,RESOLVED
2026-09-10,run-20260910-official-001,FIS-CORP,SUB-CORP-10,/subscriptions/00000010-0010-4010-8010-000000000010/resourceGroups/rg-nonprod-010/providers/microsoft.datafactory/factories/data-factory-005,data-factory-005,microsoft.datafactory/factories,rg-nonprod-010,westus2,Downsize,Downsize resource,Rightsize based on sustained utilization,,,MEDIUM,MEDIUM,HEURISTIC,FULL,PARTIAL,Metric1,core-banking,payments,nonprod,CC1001,14371.13,Standard_D8s_v5,8,32.0,,Aggressive,False,80,Mock_2vCPU_8GB,2,8.0,81.1,1388.91,0.0,High,RESOLVED
2026-09-10,run-20260910-official-001,FIS-CORP,SUB-CORP-10,/subscriptions/00000010-0010-4010-8010-000000000010/resourceGroups/rg-qa-040/providers/microsoft.datafactory/factories/data-factory-006,data-factory-006,microsoft.datafactory/factories,rg-qa-040,northeurope,Review-Utilization,Review utilization,Resource shows optimization opportunity based on current utilization,,,HIGH,HIGH,PRICED,FULL,PARTIAL,Metric1,payments,analytics,qa,CC1002,17970.82,Standard_D4s_v5,4,16.0,,Conservative,True,65,Mock_2vCPU_8GB,2,8.0,74.6,5645.09,5645.09,Low,RESOLVED
2026-09-10,run-20260910-official-001,FIS-CORP,SUB-CORP-10,/subscriptions/00000010-0010-4010-8010-000000000010/resourceGroups/rg-qa-040/providers/microsoft.datafactory/factories/data-factory-006,data-factory-006,microsoft.datafactory/factories,rg-qa-040,northeurope,Review-Utilization,Review utilization,Resource shows optimization opportunity based on current utilization,,,HIGH,HIGH,PRICED,FULL,PARTIAL,Metric1,payments,analytics,qa,CC1002,17970.82,Standard_D4s_v5,4,16.0,,Moderate,False,72,Mock_2vCPU_8GB,2,8.0,67.1,6935.39,0.0,Medium,RESOLVED
2026-09-10,run-20260910-official-001,FIS-CORP,SUB-CORP-10,/subscriptions/00000010-0010-4010-8010-000000000010/resourceGroups/rg-qa-040/providers/microsoft.datafactory/factories/data-factory-006,data-factory-006,microsoft.datafactory/factories,rg-qa-040,northeurope,Review-Utilization,Review utilization,Resource shows optimization opportunity based on current utilization,,,HIGH,HIGH,PRICED,FULL,PARTIAL,Metric1,payments,analytics,qa,CC1002,17970.82,Standard_D4s_v5,4,16.0,,Aggressive,False,80,Mock_1vCPU_4GB,1,4.0,82.4,8709.56,0.0,High,RESOLVED
2026-09-10,run-20260910-official-001,FIS-DIGITAL,SUB-DIGITAL-07,/subscriptions/00000017-0017-4017-8017-000000000017/resourceGroups/rg-prod-017/providers/microsoft.datafactory/factories/data-factory-009,data-factory-009,microsoft.datafactory/factories,rg-prod-017,westus2,Downsize,Downsize resource,Rightsize based on sustained utilization,,,HIGH,MEDIUM,HEURISTIC,FULL,PARTIAL,Metric1,payments,ledger,prod,CC1002,13816.4,P1v3,2,8.0,,Conservative,True,65,Mock_1vCPU_4GB,1,4.0,67.1,3287.84,3287.84,Low,RESOLVED
2026-09-10,run-20260910-official-001,FIS-DIGITAL,SUB-DIGITAL-07,/subscriptions/00000017-0017-4017-8017-000000000017/resourceGroups/rg-prod-017/providers/microsoft.datafactory/factories/data-factory-009,data-factory-009,microsoft.datafactory/factories,rg-prod-017,westus2,Downsize,Downsize resource,Rightsize based on sustained utilization,,,HIGH,MEDIUM,HEURISTIC,FULL,PARTIAL,Metric1,payments,ledger,prod,CC1002,13816.4,P1v3,2,8.0,,Moderate,False,72,Mock_1vCPU_4GB,1,4.0,76.0,4039.34,0.0,Medium,RESOLVED
2026-09-10,run-20260910-official-001,FIS-DIGITAL,SUB-DIGITAL-07,/subscriptions/00000017-0017-4017-8017-000000000017/resourceGroups/rg-prod-017/providers/microsoft.datafactory/factories/data-factory-009,data-factory-009,microsoft.datafactory/factories,rg-prod-017,westus2,Downsize,Downsize resource,Rightsize based on sustained utilization,,,HIGH,MEDIUM,HEURISTIC,FULL,PARTIAL,Metric1,payments,ledger,prod,CC1002,13816.4,P1v3,2,8.0,,Aggressive,False,80,Mock_1vCPU_2GB,1,2.0,76.5,5072.66,0.0,High,RESOLVED
2026-09-10,run-20260910-official-001,FIS-INTERNATIONAL,SUB-INTERNATIONAL-04,/subscriptions/00000024-0024-4024-8024-000000000024/resourceGroups/rg-qa-024/providers/microsoft.datafactory/factories/data-factory-010,data-factory-010,microsoft.datafactory/factories,rg-qa-024,northeurope,Optimize-Tier,Optimize service tier,Move to a lower-cost tier aligned with observed demand,,,MEDIUM,MEDIUM,PRICED,FULL,PARTIAL,"Metric1,Metric2,Metric3",security,api-hub,qa,CC1004,6870.74,S3,4,7.0,,Conservative,True,65,Mock_2vCPU_3GB,2,3.5,74.2,1746.24,1746.24,Low,RESOLVED
2026-09-10,run-20260910-official-001,FIS-INTERNATIONAL,SUB-INTERNATIONAL-04,/subscriptions/00000024-0024-4024-8024-000000000024/resourceGroups/rg-qa-024/providers/microsoft.datafactory/factories/data-factory-010,data-factory-010,microsoft.datafactory/factories,rg-qa-024,northeurope,Optimize-Tier,Optimize service tier,Move to a lower-cost tier aligned with observed demand,,,MEDIUM,MEDIUM,PRICED,FULL,PARTIAL,"Metric1,Metric2,Metric3",security,api-hub,qa,CC1004,6870.74,S3,4,7.0,,Moderate,False,72,Mock_2vCPU_3GB,2,3.5,78.3,2145.38,0.0,Medium,RESOLVED
2026-09-10,run-20260910-official-001,FIS-INTERNATIONAL,SUB-INTERNATIONAL-04,/subscriptions/00000024-0024-4024-8024-000000000024/resourceGroups/rg-qa-024/providers/microsoft.datafactory/factories/data-factory-010,data-factory-010,microsoft.datafactory/factories,rg-qa-024,northeurope,Optimize-Tier,Optimize service tier,Move to a lower-cost tier aligned with observed demand,,,MEDIUM,MEDIUM,PRICED,FULL,PARTIAL,"Metric1,Metric2,Metric3",security,api-hub,qa,CC1004,6870.74,S3,4,7.0,,Aggressive,False,80,Mock_1vCPU_1GB,1,1.8,85.5,2694.2,0.0,High,RESOLVED
2026-09-10,run-20260910-official-001,FIS-CORP,SUB-CORP-09,/subscriptions/00000009-0009-4009-8009-000000000009/resourceGroups/rg-dev-039/providers/microsoft.datafactory/factories/data-factory-011,data-factory-011,microsoft.datafactory/factories,rg-dev-039,eastus,Review-Utilization,Review utilization,Resource shows optimization opportunity based on current utilization,,,MEDIUM,MEDIUM,PRICED,FULL,PARTIAL,Metric1,data-ai,api-hub,dev,CC1007,9944.79,Standard_D2s_v5,2,8.0,,Conservative,True,65,Mock_1vCPU_4GB,1,4.0,70.7,625.01,625.01,Low,RESOLVED
2026-09-10,run-20260910-official-001,FIS-CORP,SUB-CORP-09,/subscriptions/00000009-0009-4009-8009-000000000009/resourceGroups/rg-dev-039/providers/microsoft.datafactory/factories/data-factory-011,data-factory-011,microsoft.datafactory/factories,rg-dev-039,eastus,Review-Utilization,Review utilization,Resource shows optimization opportunity based on current utilization,,,MEDIUM,MEDIUM,PRICED,FULL,PARTIAL,Metric1,data-ai,api-hub,dev,CC1007,9944.79,Standard_D2s_v5,2,8.0,,Moderate,False,72,Mock_1vCPU_4GB,1,4.0,68.0,767.87,0.0,Medium,RESOLVED
2026-09-10,run-20260910-official-001,FIS-CORP,SUB-CORP-09,/subscriptions/00000009-0009-4009-8009-000000000009/resourceGroups/rg-dev-039/providers/microsoft.datafactory/factories/data-factory-011,data-factory-011,microsoft.datafactory/factories,rg-dev-039,eastus,Review-Utilization,Review utilization,Resource shows optimization opportunity based on current utilization,,,MEDIUM,MEDIUM,PRICED,FULL,PARTIAL,Metric1,data-ai,api-hub,dev,CC1007,9944.79,Standard_D2s_v5,2,8.0,,Aggressive,False,80,Mock_1vCPU_2GB,1,2.0,82.5,964.3,0.0,High,RESOLVED
2026-09-10,run-20260910-official-001,FIS-CORP,SUB-CORP-05,/subscriptions/00000005-0005-4005-8005-000000000005/resourceGroups/rg-dev-035/providers/microsoft.datafactory/factories/data-factory-013,data-factory-013,microsoft.datafactory/factories,rg-dev-035,brazilsouth,Review-Utilization,Review utilization,Resource shows optimization opportunity based on current utilization,,,HIGH,HIGH,PRICED,FULL,COMPLETE,,security,ledger,dev,CC1001,12682.54,GP_Gen5_4,4,20.0,,Conservative,True,65,Mock_2vCPU_10GB,2,10.0,74.0,2117.98,2117.98,Low,RESOLVED
2026-09-10,run-20260910-official-001,FIS-CORP,SUB-CORP-05,/subscriptions/00000005-0005-4005-8005-000000000005/resourceGroups/rg-dev-035/providers/microsoft.datafactory/factories/data-factory-013,data-factory-013,microsoft.datafactory/factories,rg-dev-035,brazilsouth,Review-Utilization,Review utilization,Resource shows optimization opportunity based on current utilization,,,HIGH,HIGH,PRICED,FULL,COMPLETE,,security,ledger,dev,CC1001,12682.54,GP_Gen5_4,4,20.0,,Moderate,False,72,Mock_2vCPU_10GB,2,10.0,78.3,2602.09,0.0,Medium,RESOLVED
2026-09-10,run-20260910-official-001,FIS-CORP,SUB-CORP-05,/subscriptions/00000005-0005-4005-8005-000000000005/resourceGroups/rg-dev-035/providers/microsoft.datafactory/factories/data-factory-013,data-factory-013,microsoft.datafactory/factories,rg-dev-035,brazilsouth,Review-Utilization,Review utilization,Resource shows optimization opportunity based on current utilization,,,HIGH,HIGH,PRICED,FULL,COMPLETE,,security,ledger,dev,CC1001,12682.54,GP_Gen5_4,4,20.0,,Aggressive,False,80,Mock_1vCPU_5GB,1,5.0,89.1,3267.75,0.0,High,RESOLVED
2026-09-10,run-20260910-official-001,FIS-DIGITAL,SUB-DIGITAL-03,/subscriptions/00000013-0013-4013-8013-000000000013/resourceGroups/rg-prod-013/providers/microsoft.datafactory/factories/data-factory-016,data-factory-016,microsoft.datafactory/factories,rg-prod-013,eastus2,Downsize,Downsize resource,Rightsize based on sustained utilization,,,LOW,LOW,HEURISTIC,FULL,PARTIAL,Metric1,data-ai,customer360,prod,CC1006,350.28,P1v3,2,8.0,,Conservative,True,65,Mock_1vCPU_4GB,1,4.0,65.7,40.37,40.37,Low,RESOLVED
2026-09-10,run-20260910-official-001,FIS-DIGITAL,SUB-DIGITAL-03,/subscriptions/00000013-0013-4013-8013-000000000013/resourceGroups/rg-prod-013/providers/microsoft.datafactory/factories/data-factory-016,data-factory-016,microsoft.datafactory/factories,rg-prod-013,eastus2,Downsize,Downsize resource,Rightsize based on sustained utilization,,,LOW,LOW,HEURISTIC,FULL,PARTIAL,Metric1,data-ai,customer360,prod,CC1006,350.28,P1v3,2,8.0,,Moderate,False,72,Mock_1vCPU_4GB,1,4.0,75.6,49.6,0.0,Medium,RESOLVED
2026-09-10,run-20260910-official-001,FIS-DIGITAL,SUB-DIGITAL-03,/subscriptions/00000013-0013-4013-8013-000000000013/resourceGroups/rg-prod-013/providers/microsoft.datafactory/factories/data-factory-016,data-factory-016,microsoft.datafactory/factories,rg-prod-013,eastus2,Downsize,Downsize resource,Rightsize based on sustained utilization,,,LOW,LOW,HEURISTIC,FULL,PARTIAL,Metric1,data-ai,customer360,prod,CC1006,350.28,P1v3,2,8.0,,Aggressive,False,80,Mock_1vCPU_2GB,1,2.0,79.3,62.28,0.0,High,RESOLVED
2026-09-10,run-20260910-official-001,FIS-CORP,SUB-CORP-02,/subscriptions/00000002-0002-4002-8002-000000000002/resourceGroups/rg-nonprod-002/providers/microsoft.datafactory/factories/data-factory-018,data-factory-018,microsoft.datafactory/factories,rg-nonprod-002,eastus,Review-Utilization,Review utilization,Resource shows optimization opportunity based on current utilization,,,MEDIUM,HIGH,PRICED,FULL,COMPLETE,,security,payments,nonprod,CC1004,6494.35,Standard_D2s_v5,2,8.0,,Conservative,True,65,Mock_1vCPU_4GB,1,4.0,61.4,1943.05,1943.05,Low,RESOLVED
2026-09-10,run-20260910-official-001,FIS-CORP,SUB-CORP-02,/subscriptions/00000002-0002-4002-8002-000000000002/resourceGroups/rg-nonprod-002/providers/microsoft.datafactory/factories/data-factory-018,data-factory-018,microsoft.datafactory/factories,rg-nonprod-002,eastus,Review-Utilization,Review utilization,Resource shows optimization opportunity based on current utilization,,,MEDIUM,HIGH,PRICED,FULL,COMPLETE,,security,payments,nonprod,CC1004,6494.35,Standard_D2s_v5,2,8.0,,Moderate,False,72,Mock_1vCPU_4GB,1,4.0,79.0,2387.17,0.0,Medium,RESOLVED
2026-09-10,run-20260910-official-001,FIS-CORP,SUB-CORP-02,/subscriptions/00000002-0002-4002-8002-000000000002/resourceGroups/rg-nonprod-002/providers/microsoft.datafactory/factories/data-factory-018,data-factory-018,microsoft.datafactory/factories,rg-nonprod-002,eastus,Review-Utilization,Review utilization,Resource shows optimization opportunity based on current utilization,,,MEDIUM,HIGH,PRICED,FULL,COMPLETE,,security,payments,nonprod,CC1004,6494.35,Standard_D2s_v5,2,8.0,,Aggressive,False,80,Mock_1vCPU_2GB,1,2.0,79.7,2997.84,0.0,High,RESOLVED
2026-09-10,run-20260910-official-001,FIS-DIGITAL,SUB-DIGITAL-06,/subscriptions/00000016-0016-4016-8016-000000000016/resourceGroups/rg-qa-016/providers/microsoft.datafactory/factories/data-factory-019,data-factory-019,microsoft.datafactory/factories,rg-qa-016,centralus,Review-Utilization,Review utilization,Resource shows optimization opportunity based on current utilization,,,MEDIUM,LOW,PRICED,FULL,PARTIAL,Metric1,payments,analytics,qa,CC1004,11056.77,Standard_D8s_v5,8,32.0,,Conservative,True,65,Mock_4vCPU_16GB,4,16.0,69.2,636.57,636.57,Low,RESOLVED
2026-09-10,run-20260910-official-001,FIS-DIGITAL,SUB-DIGITAL-06,/subscriptions/00000016-0016-4016-8016-000000000016/resourceGroups/rg-qa-016/providers/microsoft.datafactory/factories/data-factory-019,data-factory-019,microsoft.datafactory/factories,rg-qa-016,centralus,Review-Utilization,Review utilization,Resource shows optimization opportunity based on current utilization,,,MEDIUM,LOW,PRICED,FULL,PARTIAL,Metric1,payments,analytics,qa,CC1004,11056.77,Standard_D8s_v5,8,32.0,,Moderate,False,72,Mock_4vCPU_16GB,4,16.0,80.6,782.08,0.0,Medium,RESOLVED
2026-09-10,run-20260910-official-001,FIS-DIGITAL,SUB-DIGITAL-06,/subscriptions/00000016-0016-4016-8016-000000000016/resourceGroups/rg-qa-016/providers/microsoft.datafactory/factories/data-factory-019,data-factory-019,microsoft.datafactory/factories,rg-qa-016,centralus,Review-Utilization,Review utilization,Resource shows optimization opportunity based on current utilization,,,MEDIUM,LOW,PRICED,FULL,PARTIAL,Metric1,payments,analytics,qa,CC1004,11056.77,Standard_D8s_v5,8,32.0,,Aggressive,False,80,Mock_2vCPU_8GB,2,8.0,90.1,982.14,0.0,High,RESOLVED
2026-09-10,run-20260910-official-001,FIS-DIGITAL,SUB-DIGITAL-06,/subscriptions/00000016-0016-4016-8016-000000000016/resourceGroups/rg-nonprod-046/providers/microsoft.datafactory/factories/data-factory-020,data-factory-020,microsoft.datafactory/factories,rg-nonprod-046,eastus2,Downsize,Downsize resource,Rightsize based on sustained utilization,,,MEDIUM,MEDIUM,PRICED,FULL,COMPLETE,,integration,analytics,nonprod,CC1008,3479.73,P1v3,2,8.0,,Conservative,True,65,Mock_1vCPU_4GB,1,4.0,64.7,624.27,624.27,Low,RESOLVED
2026-09-10,run-20260910-official-001,FIS-DIGITAL,SUB-DIGITAL-06,/subscriptions/00000016-0016-4016-8016-000000000016/resourceGroups/rg-nonprod-046/providers/microsoft.datafactory/factories/data-factory-020,data-factory-020,microsoft.datafactory/factories,rg-nonprod-046,eastus2,Downsize,Downsize resource,Rightsize based on sustained utilization,,,MEDIUM,MEDIUM,PRICED,FULL,COMPLETE,,integration,analytics,nonprod,CC1008,3479.73,P1v3,2,8.0,,Moderate,False,72,Mock_1vCPU_4GB,1,4.0,82.4,766.96,0.0,Medium,RESOLVED
2026-09-10,run-20260910-official-001,FIS-DIGITAL,SUB-DIGITAL-06,/subscriptions/00000016-0016-4016-8016-000000000016/resourceGroups/rg-nonprod-046/providers/microsoft.datafactory/factories/data-factory-020,data-factory-020,microsoft.datafactory/factories,rg-nonprod-046,eastus2,Downsize,Downsize resource,Rightsize based on sustained utilization,,,MEDIUM,MEDIUM,PRICED,FULL,COMPLETE,,integration,analytics,nonprod,CC1008,3479.73,P1v3,2,8.0,,Aggressive,False,80,Mock_1vCPU_2GB,1,2.0,74.6,963.15,0.0,High,RESOLVED
2026-09-10,run-20260910-official-001,FIS-INTERNATIONAL,SUB-INTERNATIONAL-10,/subscriptions/00000030-0030-4030-8030-000000000030/resourceGroups/rg-nonprod-030/providers/microsoft.datafactory/factories/data-factory-022,data-factory-022,microsoft.datafactory/factories,rg-nonprod-030,brazilsouth,Review-Utilization,Review utilization,Resource shows optimization opportunity based on current utilization,,,HIGH,LOW,PRICED,FULL,PARTIAL,Metric1,security,customer360,nonprod,CC1011,17241.44,GP_Gen5_4,4,20.0,,Conservative,True,65,Mock_2vCPU_10GB,2,10.0,72.7,4236.1,4236.1,Low,RESOLVED
2026-09-10,run-20260910-official-001,FIS-INTERNATIONAL,SUB-INTERNATIONAL-10,/subscriptions/00000030-0030-4030-8030-000000000030/resourceGroups/rg-nonprod-030/providers/microsoft.datafactory/factories/data-factory-022,data-factory-022,microsoft.datafactory/factories,rg-nonprod-030,brazilsouth,Review-Utilization,Review utilization,Resource shows optimization opportunity based on current utilization,,,HIGH,LOW,PRICED,FULL,PARTIAL,Metric1,security,customer360,nonprod,CC1011,17241.44,GP_Gen5_4,4,20.0,,Moderate,False,72,Mock_2vCPU_10GB,2,10.0,74.2,5204.35,0.0,Medium,RESOLVED
2026-09-10,run-20260910-official-001,FIS-INTERNATIONAL,SUB-INTERNATIONAL-10,/subscriptions/00000030-0030-4030-8030-000000000030/resourceGroups/rg-nonprod-030/providers/microsoft.datafactory/factories/data-factory-022,data-factory-022,microsoft.datafactory/factories,rg-nonprod-030,brazilsouth,Review-Utilization,Review utilization,Resource shows optimization opportunity based on current utilization,,,HIGH,LOW,PRICED,FULL,PARTIAL,Metric1,security,customer360,nonprod,CC1011,17241.44,GP_Gen5_4,4,20.0,,Aggressive,False,80,Mock_1vCPU_5GB,1,5.0,77.8,6535.7,0.0,High,RESOLVED
2026-09-10,run-20260910-official-001,FIS-CORP,SUB-CORP-01,/subscriptions/00000001-0001-4001-8001-000000000001/resourceGroups/rg-prod-001/providers/microsoft.datafactory/factories/data-factory-024,data-factory-024,microsoft.datafactory/factories,rg-prod-001,eastus2,Review-Utilization,Review utilization,Resource shows optimization opportunity based on current utilization,,,MEDIUM,HIGH,PRICED,FULL,PARTIAL,Metric1,cloud-platform,identity,prod,CC1004,17123.2,GP_Gen5_8,8,40.0,,Conservative,True,65,Mock_4vCPU_20GB,4,20.0,62.3,1212.91,1212.91,Low,RESOLVED
2026-09-10,run-20260910-official-001,FIS-CORP,SUB-CORP-01,/subscriptions/00000001-0001-4001-8001-000000000001/resourceGroups/rg-prod-001/providers/microsoft.datafactory/factories/data-factory-024,data-factory-024,microsoft.datafactory/factories,rg-prod-001,eastus2,Review-Utilization,Review utilization,Resource shows optimization opportunity based on current utilization,,,MEDIUM,HIGH,PRICED,FULL,PARTIAL,Metric1,cloud-platform,identity,prod,CC1004,17123.2,GP_Gen5_8,8,40.0,,Moderate,False,72,Mock_4vCPU_20GB,4,20.0,70.7,1490.15,0.0,Medium,RESOLVED
2026-09-10,run-20260910-official-001,FIS-CORP,SUB-CORP-01,/subscriptions/00000001-0001-4001-8001-000000000001/resourceGroups/rg-prod-001/providers/microsoft.datafactory/factories/data-factory-024,data-factory-024,microsoft.datafactory/factories,rg-prod-001,eastus2,Review-Utilization,Review utilization,Resource shows optimization opportunity based on current utilization,,,MEDIUM,HIGH,PRICED,FULL,PARTIAL,Metric1,cloud-platform,identity,prod,CC1004,17123.2,GP_Gen5_8,8,40.0,,Aggressive,False,80,Mock_2vCPU_10GB,2,10.0,81.5,1871.35,0.0,High,RESOLVED
2026-09-10,run-20260910-official-001,FIS-CORP,SUB-CORP-02,/subscriptions/00000002-0002-4002-8002-000000000002/resourceGroups/rg-qa-032/providers/microsoft.datafactory/factories/data-factory-026,data-factory-026,microsoft.datafactory/factories,rg-qa-032,brazilsouth,Review-Utilization,Review utilization,Resource shows optimization opportunity based on current utilization,,,LOW,HIGH,HEURISTIC,FULL,PARTIAL,Metric1,core-banking,analytics,qa,CC1010,5704.33,GP_Gen5_4,4,20.0,,Conservative,True,65,Mock_2vCPU_10GB,2,10.0,61.3,536.01,536.01,Low,RESOLVED
2026-09-10,run-20260910-official-001,FIS-CORP,SUB-CORP-02,/subscriptions/00000002-0002-4002-8002-000000000002/resourceGroups/rg-qa-032/providers/microsoft.datafactory/factories/data-factory-026,data-factory-026,microsoft.datafactory/factories,rg-qa-032,brazilsouth,Review-Utilization,Review utilization,Resource shows optimization opportunity based on current utilization,,,LOW,HIGH,HEURISTIC,FULL,PARTIAL,Metric1,core-banking,analytics,qa,CC1010,5704.33,GP_Gen5_4,4,20.0,,Moderate,False,72,Mock_2vCPU_10GB,2,10.0,80.5,658.53,0.0,Medium,RESOLVED
2026-09-10,run-20260910-official-001,FIS-CORP,SUB-CORP-02,/subscriptions/00000002-0002-4002-8002-000000000002/resourceGroups/rg-qa-032/providers/microsoft.datafactory/factories/data-factory-026,data-factory-026,microsoft.datafactory/factories,rg-qa-032,brazilsouth,Review-Utilization,Review utilization,Resource shows optimization opportunity based on current utilization,,,LOW,HIGH,HEURISTIC,FULL,PARTIAL,Metric1,core-banking,analytics,qa,CC1010,5704.33,GP_Gen5_4,4,20.0,,Aggressive,False,80,Mock_1vCPU_5GB,1,5.0,91.0,826.99,0.0,High,RESOLVED
2026-09-10,run-20260910-official-001,FIS-INTERNATIONAL,SUB-INTERNATIONAL-01,/subscriptions/00000021-0021-4021-8021-000000000021/resourceGroups/rg-prod-021/providers/microsoft.streamanalytics/streamingjobs/stream-analytics-001,stream-analytics-001,microsoft.streamanalytics/streamingjobs,rg-prod-021,northeurope,Downsize,Downsize resource,Rightsize based on sustained utilization,,,HIGH,HIGH,PRICED,FULL,COMPLETE,,core-banking,identity,prod,CC1012,9074.92,Standard_D2s_v5,2,8.0,,Conservative,True,65,Mock_1vCPU_4GB,1,4.0,72.4,2434.92,2434.92,Low,RESOLVED
2026-09-10,run-20260910-official-001,FIS-INTERNATIONAL,SUB-INTERNATIONAL-01,/subscriptions/00000021-0021-4021-8021-000000000021/resourceGroups/rg-prod-021/providers/microsoft.streamanalytics/streamingjobs/stream-analytics-001,stream-analytics-001,microsoft.streamanalytics/streamingjobs,rg-prod-021,northeurope,Downsize,Downsize resource,Rightsize based on sustained utilization,,,HIGH,HIGH,PRICED,FULL,COMPLETE,,core-banking,identity,prod,CC1012,9074.92,Standard_D2s_v5,2,8.0,,Moderate,False,72,Mock_1vCPU_4GB,1,4.0,73.6,2991.48,0.0,Medium,RESOLVED
2026-09-10,run-20260910-official-001,FIS-INTERNATIONAL,SUB-INTERNATIONAL-01,/subscriptions/00000021-0021-4021-8021-000000000021/resourceGroups/rg-prod-021/providers/microsoft.streamanalytics/streamingjobs/stream-analytics-001,stream-analytics-001,microsoft.streamanalytics/streamingjobs,rg-prod-021,northeurope,Downsize,Downsize resource,Rightsize based on sustained utilization,,,HIGH,HIGH,PRICED,FULL,COMPLETE,,core-banking,identity,prod,CC1012,9074.92,Standard_D2s_v5,2,8.0,,Aggressive,False,80,Mock_1vCPU_2GB,1,2.0,90.5,3756.74,0.0,High,RESOLVED
2026-09-10,run-20260910-official-001,FIS-DIGITAL,SUB-DIGITAL-08,/subscriptions/00000018-0018-4018-8018-000000000018/resourceGroups/rg-nonprod-018/providers/microsoft.streamanalytics/streamingjobs/stream-analytics-002,stream-analytics-002,microsoft.streamanalytics/streamingjobs,rg-nonprod-018,westus2,Downsize,Downsize resource,Rightsize based on sustained utilization,,,MEDIUM,MEDIUM,HEURISTIC,FULL,COMPLETE,,digital-channels,ledger,nonprod,CC1005,11182.17,Standard_D4s_v5,4,16.0,,Conservative,True,65,Mock_2vCPU_8GB,2,8.0,60.0,1772.14,1772.14,Low,RESOLVED
2026-09-10,run-20260910-official-001,FIS-DIGITAL,SUB-DIGITAL-08,/subscriptions/00000018-0018-4018-8018-000000000018/resourceGroups/rg-nonprod-018/providers/microsoft.streamanalytics/streamingjobs/stream-analytics-002,stream-analytics-002,microsoft.streamanalytics/streamingjobs,rg-nonprod-018,westus2,Downsize,Downsize resource,Rightsize based on sustained utilization,,,MEDIUM,MEDIUM,HEURISTIC,FULL,COMPLETE,,digital-channels,ledger,nonprod,CC1005,11182.17,Standard_D4s_v5,4,16.0,,Moderate,False,72,Mock_2vCPU_8GB,2,8.0,75.0,2177.2,0.0,Medium,RESOLVED
2026-09-10,run-20260910-official-001,FIS-DIGITAL,SUB-DIGITAL-08,/subscriptions/00000018-0018-4018-8018-000000000018/resourceGroups/rg-nonprod-018/providers/microsoft.streamanalytics/streamingjobs/stream-analytics-002,stream-analytics-002,microsoft.streamanalytics/streamingjobs,rg-nonprod-018,westus2,Downsize,Downsize resource,Rightsize based on sustained utilization,,,MEDIUM,MEDIUM,HEURISTIC,FULL,COMPLETE,,digital-channels,ledger,nonprod,CC1005,11182.17,Standard_D4s_v5,4,16.0,,Aggressive,False,80,Mock_1vCPU_4GB,1,4.0,87.6,2734.16,0.0,High,RESOLVED
2026-09-10,run-20260910-official-001,FIS-CORP,SUB-CORP-01,/subscriptions/00000001-0001-4001-8001-000000000001/resourceGroups/rg-dev-031/providers/microsoft.streamanalytics/streamingjobs/stream-analytics-004,stream-analytics-004,microsoft.streamanalytics/streamingjobs,rg-dev-031,brazilsouth,Review-Utilization,Review utilization,Resource shows optimization opportunity based on current utilization,,,MEDIUM,LOW,PRICED,FULL,PARTIAL,"Metric1,Metric2",payments,identity,dev,CC1003,16850.32,S3,4,7.0,,Conservative,True,65,Mock_2vCPU_3GB,2,3.5,64.0,946.63,946.63,Low,RESOLVED
2026-09-10,run-20260910-official-001,FIS-CORP,SUB-CORP-01,/subscriptions/00000001-0001-4001-8001-000000000001/resourceGroups/rg-dev-031/providers/microsoft.streamanalytics/streamingjobs/stream-analytics-004,stream-analytics-004,microsoft.streamanalytics/streamingjobs,rg-dev-031,brazilsouth,Review-Utilization,Review utilization,Resource shows optimization opportunity based on current utilization,,,MEDIUM,LOW,PRICED,FULL,PARTIAL,"Metric1,Metric2",payments,identity,dev,CC1003,16850.32,S3,4,7.0,,Moderate,False,72,Mock_2vCPU_3GB,2,3.5,82.5,1163.0,0.0,Medium,RESOLVED
2026-09-10,run-20260910-official-001,FIS-CORP,SUB-CORP-01,/subscriptions/00000001-0001-4001-8001-000000000001/resourceGroups/rg-dev-031/providers/microsoft.streamanalytics/streamingjobs/stream-analytics-004,stream-analytics-004,microsoft.streamanalytics/streamingjobs,rg-dev-031,brazilsouth,Review-Utilization,Review utilization,Resource shows optimization opportunity based on current utilization,,,MEDIUM,LOW,PRICED,FULL,PARTIAL,"Metric1,Metric2",payments,identity,dev,CC1003,16850.32,S3,4,7.0,,Aggressive,False,80,Mock_1vCPU_1GB,1,1.8,88.0,1460.52,0.0,High,RESOLVED
2026-09-10,run-20260910-official-001,FIS-DIGITAL,SUB-DIGITAL-08,/subscriptions/00000018-0018-4018-8018-000000000018/resourceGroups/rg-qa-048/providers/microsoft.streamanalytics/streamingjobs/stream-analytics-008,stream-analytics-008,microsoft.streamanalytics/streamingjobs,rg-qa-048,brazilsouth,Downsize,Downsize resource,Rightsize based on sustained utilization,,,HIGH,MEDIUM,PRICED,FULL,PARTIAL,Metric1,cloud-platform,risk,qa,CC1003,13045.11,GP_Gen5_8,8,40.0,,Conservative,True,65,Mock_4vCPU_20GB,4,20.0,68.5,3716.66,3716.66,Low,RESOLVED
2026-09-10,run-20260910-official-001,FIS-DIGITAL,SUB-DIGITAL-08,/subscriptions/00000018-0018-4018-8018-000000000018/resourceGroups/rg-qa-048/providers/microsoft.streamanalytics/streamingjobs/stream-analytics-008,stream-analytics-008,microsoft.streamanalytics/streamingjobs,rg-qa-048,brazilsouth,Downsize,Downsize resource,Rightsize based on sustained utilization,,,HIGH,MEDIUM,PRICED,FULL,PARTIAL,Metric1,cloud-platform,risk,qa,CC1003,13045.11,GP_Gen5_8,8,40.0,,Moderate,False,72,Mock_4vCPU_20GB,4,20.0,77.0,4566.19,0.0,Medium,RESOLVED
2026-09-10,run-20260910-official-001,FIS-DIGITAL,SUB-DIGITAL-08,/subscriptions/00000018-0018-4018-8018-000000000018/resourceGroups/rg-qa-048/providers/microsoft.streamanalytics/streamingjobs/stream-analytics-008,stream-analytics-008,microsoft.streamanalytics/streamingjobs,rg-qa-048,brazilsouth,Downsize,Downsize resource,Rightsize based on sustained utilization,,,HIGH,MEDIUM,PRICED,FULL,PARTIAL,Metric1,cloud-platform,risk,qa,CC1003,13045.11,GP_Gen5_8,8,40.0,,Aggressive,False,80,Mock_2vCPU_10GB,2,10.0,86.1,5734.28,0.0,High,RESOLVED
2026-09-10,run-20260910-official-001,FIS-INTERNATIONAL,SUB-INTERNATIONAL-01,/subscriptions/00000021-0021-4021-8021-000000000021/resourceGroups/rg-prod-021/providers/microsoft.streamanalytics/streamingjobs/stream-analytics-009,stream-analytics-009,microsoft.streamanalytics/streamingjobs,rg-prod-021,eastus2,Optimize-Tier,Optimize service tier,Move to a lower-cost tier aligned with observed demand,,,LOW,HIGH,HEURISTIC,FULL,PARTIAL,"Metric1,Metric2,Metric3",core-banking,identity,prod,CC1011,1899.89,P1v3,2,8.0,,Conservative,True,65,Mock_1vCPU_4GB,1,4.0,76.2,354.4,354.4,Low,RESOLVED
2026-09-10,run-20260910-official-001,FIS-INTERNATIONAL,SUB-INTERNATIONAL-01,/subscriptions/00000021-0021-4021-8021-000000000021/resourceGroups/rg-prod-021/providers/microsoft.streamanalytics/streamingjobs/stream-analytics-009,stream-analytics-009,microsoft.streamanalytics/streamingjobs,rg-prod-021,eastus2,Optimize-Tier,Optimize service tier,Move to a lower-cost tier aligned with observed demand,,,LOW,HIGH,HEURISTIC,FULL,PARTIAL,"Metric1,Metric2,Metric3",core-banking,identity,prod,CC1011,1899.89,P1v3,2,8.0,,Moderate,False,72,Mock_1vCPU_4GB,1,4.0,69.5,435.4,0.0,Medium,RESOLVED
2026-09-10,run-20260910-official-001,FIS-INTERNATIONAL,SUB-INTERNATIONAL-01,/subscriptions/00000021-0021-4021-8021-000000000021/resourceGroups/rg-prod-021/providers/microsoft.streamanalytics/streamingjobs/stream-analytics-009,stream-analytics-009,microsoft.streamanalytics/streamingjobs,rg-prod-021,eastus2,Optimize-Tier,Optimize service tier,Move to a lower-cost tier aligned with observed demand,,,LOW,HIGH,HEURISTIC,FULL,PARTIAL,"Metric1,Metric2,Metric3",core-banking,identity,prod,CC1011,1899.89,P1v3,2,8.0,,Aggressive,False,80,Mock_1vCPU_2GB,1,2.0,87.0,546.78,0.0,High,RESOLVED
2026-09-10,run-20260910-official-001,FIS-INTERNATIONAL,SUB-INTERNATIONAL-03,/subscriptions/00000023-0023-4023-8023-000000000023/resourceGroups/rg-dev-023/providers/microsoft.streamanalytics/streamingjobs/stream-analytics-010,stream-analytics-010,microsoft.streamanalytics/streamingjobs,rg-dev-023,eastus2,Downsize,Downsize resource,Rightsize based on sustained utilization,,,MEDIUM,MEDIUM,HEURISTIC,FULL,COMPLETE,,cloud-platform,analytics,dev,CC1008,3780.38,GP_Gen5_8,8,40.0,,Conservative,True,65,Mock_4vCPU_20GB,4,20.0,61.8,782.2,782.2,Low,RESOLVED
2026-09-10,run-20260910-official-001,FIS-INTERNATIONAL,SUB-INTERNATIONAL-03,/subscriptions/00000023-0023-4023-8023-000000000023/resourceGroups/rg-dev-023/providers/microsoft.streamanalytics/streamingjobs/stream-analytics-010,stream-analytics-010,microsoft.streamanalytics/streamingjobs,rg-dev-023,eastus2,Downsize,Downsize resource,Rightsize based on sustained utilization,,,MEDIUM,MEDIUM,HEURISTIC,FULL,COMPLETE,,cloud-platform,analytics,dev,CC1008,3780.38,GP_Gen5_8,8,40.0,,Moderate,False,72,Mock_4vCPU_20GB,4,20.0,72.9,960.99,0.0,Medium,RESOLVED
2026-09-10,run-20260910-official-001,FIS-INTERNATIONAL,SUB-INTERNATIONAL-03,/subscriptions/00000023-0023-4023-8023-000000000023/resourceGroups/rg-dev-023/providers/microsoft.streamanalytics/streamingjobs/stream-analytics-010,stream-analytics-010,microsoft.streamanalytics/streamingjobs,rg-dev-023,eastus2,Downsize,Downsize resource,Rightsize based on sustained utilization,,,MEDIUM,MEDIUM,HEURISTIC,FULL,COMPLETE,,cloud-platform,analytics,dev,CC1008,3780.38,GP_Gen5_8,8,40.0,,Aggressive,False,80,Mock_2vCPU_10GB,2,10.0,74.5,1206.82,0.0,High,RESOLVED
2026-09-10,run-20260910-official-001,FIS-DIGITAL,SUB-DIGITAL-03,/subscriptions/00000013-0013-4013-8013-000000000013/resourceGroups/rg-dev-043/providers/microsoft.streamanalytics/streamingjobs/stream-analytics-012,stream-analytics-012,microsoft.streamanalytics/streamingjobs,rg-dev-043,eastus,Downsize,Downsize resource,Rightsize based on sustained utilization,,,MEDIUM,HIGH,PRICED,FULL,PARTIAL,Metric1,core-banking,analytics,dev,CC1006,8181.92,Standard_D2s_v5,2,8.0,,Conservative,True,65,Mock_1vCPU_4GB,1,4.0,65.2,2003.1,2003.1,Low,RESOLVED
2026-09-10,run-20260910-official-001,FIS-DIGITAL,SUB-DIGITAL-03,/subscriptions/00000013-0013-4013-8013-000000000013/resourceGroups/rg-dev-043/providers/microsoft.streamanalytics/streamingjobs/stream-analytics-012,stream-analytics-012,microsoft.streamanalytics/streamingjobs,rg-dev-043,eastus,Downsize,Downsize resource,Rightsize based on sustained utilization,,,MEDIUM,HIGH,PRICED,FULL,PARTIAL,Metric1,core-banking,analytics,dev,CC1006,8181.92,Standard_D2s_v5,2,8.0,,Moderate,False,72,Mock_1vCPU_4GB,1,4.0,81.1,2460.95,0.0,Medium,RESOLVED
2026-09-10,run-20260910-official-001,FIS-DIGITAL,SUB-DIGITAL-03,/subscriptions/00000013-0013-4013-8013-000000000013/resourceGroups/rg-dev-043/providers/microsoft.streamanalytics/streamingjobs/stream-analytics-012,stream-analytics-012,microsoft.streamanalytics/streamingjobs,rg-dev-043,eastus,Downsize,Downsize resource,Rightsize based on sustained utilization,,,MEDIUM,HIGH,PRICED,FULL,PARTIAL,Metric1,core-banking,analytics,dev,CC1006,8181.92,Standard_D2s_v5,2,8.0,,Aggressive,False,80,Mock_1vCPU_2GB,1,2.0,86.8,3090.5,0.0,High,RESOLVED
2026-09-10,run-20260910-official-001,FIS-INTERNATIONAL,SUB-INTERNATIONAL-07,/subscriptions/00000027-0027-4027-8027-000000000027/resourceGroups/rg-dev-027/providers/microsoft.streamanalytics/streamingjobs/stream-analytics-014,stream-analytics-014,microsoft.streamanalytics/streamingjobs,rg-dev-027,centralus,Downsize,Downsize resource,Rightsize based on sustained utilization,,,HIGH,LOW,PRICED,FULL,PARTIAL,"Metric1,Metric2",core-banking,analytics,dev,CC1009,16708.96,GP_Gen5_4,4,20.0,,Conservative,True,65,Mock_2vCPU_10GB,2,10.0,69.0,2712.52,2712.52,Low,RESOLVED
2026-09-10,run-20260910-official-001,FIS-INTERNATIONAL,SUB-INTERNATIONAL-07,/subscriptions/00000027-0027-4027-8027-000000000027/resourceGroups/rg-dev-027/providers/microsoft.streamanalytics/streamingjobs/stream-analytics-014,stream-analytics-014,microsoft.streamanalytics/streamingjobs,rg-dev-027,centralus,Downsize,Downsize resource,Rightsize based on sustained utilization,,,HIGH,LOW,PRICED,FULL,PARTIAL,"Metric1,Metric2",core-banking,analytics,dev,CC1009,16708.96,GP_Gen5_4,4,20.0,,Moderate,False,72,Mock_2vCPU_10GB,2,10.0,72.8,3332.53,0.0,Medium,RESOLVED
2026-09-10,run-20260910-official-001,FIS-INTERNATIONAL,SUB-INTERNATIONAL-07,/subscriptions/00000027-0027-4027-8027-000000000027/resourceGroups/rg-dev-027/providers/microsoft.streamanalytics/streamingjobs/stream-analytics-014,stream-analytics-014,microsoft.streamanalytics/streamingjobs,rg-dev-027,centralus,Downsize,Downsize resource,Rightsize based on sustained utilization,,,HIGH,LOW,PRICED,FULL,PARTIAL,"Metric1,Metric2",core-banking,analytics,dev,CC1009,16708.96,GP_Gen5_4,4,20.0,,Aggressive,False,80,Mock_1vCPU_5GB,1,5.0,84.0,4185.03,0.0,High,RESOLVED
2026-09-10,run-20260910-official-001,FIS-CORP,SUB-CORP-03,/subscriptions/00000003-0003-4003-8003-000000000003/resourceGroups/rg-prod-033/providers/microsoft.streamanalytics/streamingjobs/stream-analytics-015,stream-analytics-015,microsoft.streamanalytics/streamingjobs,rg-prod-033,centralus,Optimize-Tier,Optimize service tier,Move to a lower-cost tier aligned with observed demand,,,MEDIUM,MEDIUM,PRICED,FULL,COMPLETE,,cloud-platform,payments,prod,CC1012,5793.97,P1v3,2,8.0,,Conservative,True,65,Mock_1vCPU_4GB,1,4.0,61.0,1821.08,1821.08,Low,RESOLVED
2026-09-10,run-20260910-official-001,FIS-CORP,SUB-CORP-03,/subscriptions/00000003-0003-4003-8003-000000000003/resourceGroups/rg-prod-033/providers/microsoft.streamanalytics/streamingjobs/stream-analytics-015,stream-analytics-015,microsoft.streamanalytics/streamingjobs,rg-prod-033,centralus,Optimize-Tier,Optimize service tier,Move to a lower-cost tier aligned with observed demand,,,MEDIUM,MEDIUM,PRICED,FULL,COMPLETE,,cloud-platform,payments,prod,CC1012,5793.97,P1v3,2,8.0,,Moderate,False,72,Mock_1vCPU_4GB,1,4.0,68.2,2237.32,0.0,Medium,RESOLVED
2026-09-10,run-20260910-official-001,FIS-CORP,SUB-CORP-03,/subscriptions/00000003-0003-4003-8003-000000000003/resourceGroups/rg-prod-033/providers/microsoft.streamanalytics/streamingjobs/stream-analytics-015,stream-analytics-015,microsoft.streamanalytics/streamingjobs,rg-prod-033,centralus,Optimize-Tier,Optimize service tier,Move to a lower-cost tier aligned with observed demand,,,MEDIUM,MEDIUM,PRICED,FULL,COMPLETE,,cloud-platform,payments,prod,CC1012,5793.97,P1v3,2,8.0,,Aggressive,False,80,Mock_1vCPU_2GB,1,2.0,76.2,2809.66,0.0,High,RESOLVED
2026-09-10,run-20260910-official-001,FIS-CORP,SUB-CORP-07,/subscriptions/00000007-0007-4007-8007-000000000007/resourceGroups/rg-prod-037/providers/microsoft.streamanalytics/streamingjobs/stream-analytics-016,stream-analytics-016,microsoft.streamanalytics/streamingjobs,rg-prod-037,westus2,Optimize-Tier,Optimize service tier,Move to a lower-cost tier aligned with observed demand,,,LOW,HIGH,PRICED,FULL,PARTIAL,Metric1,data-ai,payments,prod,CC1011,1944.26,Standard_D8s_v5,8,32.0,,Conservative,True,65,Mock_4vCPU_16GB,4,16.0,64.6,280.85,280.85,Low,RESOLVED
2026-09-10,run-20260910-official-001,FIS-CORP,SUB-CORP-07,/subscriptions/00000007-0007-4007-8007-000000000007/resourceGroups/rg-prod-037/providers/microsoft.streamanalytics/streamingjobs/stream-analytics-016,stream-analytics-016,microsoft.streamanalytics/streamingjobs,rg-prod-037,westus2,Optimize-Tier,Optimize service tier,Move to a lower-cost tier aligned with observed demand,,,LOW,HIGH,PRICED,FULL,PARTIAL,Metric1,data-ai,payments,prod,CC1011,1944.26,Standard_D8s_v5,8,32.0,,Moderate,False,72,Mock_4vCPU_16GB,4,16.0,80.1,345.04,0.0,Medium,RESOLVED
2026-09-10,run-20260910-official-001,FIS-CORP,SUB-CORP-07,/subscriptions/00000007-0007-4007-8007-000000000007/resourceGroups/rg-prod-037/providers/microsoft.streamanalytics/streamingjobs/stream-analytics-016,stream-analytics-016,microsoft.streamanalytics/streamingjobs,rg-prod-037,westus2,Optimize-Tier,Optimize service tier,Move to a lower-cost tier aligned with observed demand,,,LOW,HIGH,PRICED,FULL,PARTIAL,Metric1,data-ai,payments,prod,CC1011,1944.26,Standard_D8s_v5,8,32.0,,Aggressive,False,80,Mock_2vCPU_8GB,2,8.0,81.9,433.31,0.0,High,RESOLVED
2026-09-10,run-20260910-official-001,FIS-CORP,SUB-CORP-08,/subscriptions/00000008-0008-4008-8008-000000000008/resourceGroups/rg-qa-008/providers/microsoft.streamanalytics/streamingjobs/stream-analytics-017,stream-analytics-017,microsoft.streamanalytics/streamingjobs,rg-qa-008,eastus,Downsize,Downsize resource,Rightsize based on sustained utilization,,,HIGH,MEDIUM,PRICED,FULL,PARTIAL,"Metric1,Metric2,Metric3,Metric4,Metric5",data-ai,payments,qa,CC1010,14362.67,GP_Gen5_8,8,40.0,,Conservative,True,65,Mock_4vCPU_20GB,4,20.0,74.0,3600.7,3600.7,Low,RESOLVED
2026-09-10,run-20260910-official-001,FIS-CORP,SUB-CORP-08,/subscriptions/00000008-0008-4008-8008-000000000008/resourceGroups/rg-qa-008/providers/microsoft.streamanalytics/streamingjobs/stream-analytics-017,stream-analytics-017,microsoft.streamanalytics/streamingjobs,rg-qa-008,eastus,Downsize,Downsize resource,Rightsize based on sustained utilization,,,HIGH,MEDIUM,PRICED,FULL,PARTIAL,"Metric1,Metric2,Metric3,Metric4,Metric5",data-ai,payments,qa,CC1010,14362.67,GP_Gen5_8,8,40.0,,Moderate,False,72,Mock_4vCPU_20GB,4,20.0,81.8,4423.71,0.0,Medium,RESOLVED
2026-09-10,run-20260910-official-001,FIS-CORP,SUB-CORP-08,/subscriptions/00000008-0008-4008-8008-000000000008/resourceGroups/rg-qa-008/providers/microsoft.streamanalytics/streamingjobs/stream-analytics-017,stream-analytics-017,microsoft.streamanalytics/streamingjobs,rg-qa-008,eastus,Downsize,Downsize resource,Rightsize based on sustained utilization,,,HIGH,MEDIUM,PRICED,FULL,PARTIAL,"Metric1,Metric2,Metric3,Metric4,Metric5",data-ai,payments,qa,CC1010,14362.67,GP_Gen5_8,8,40.0,,Aggressive,False,80,Mock_2vCPU_10GB,2,10.0,89.0,5555.36,0.0,High,RESOLVED
2026-09-10,run-20260910-official-001,FIS-DIGITAL,SUB-DIGITAL-01,/subscriptions/00000011-0011-4011-8011-000000000011/resourceGroups/rg-prod-041/providers/microsoft.streamanalytics/streamingjobs/stream-analytics-018,stream-analytics-018,microsoft.streamanalytics/streamingjobs,rg-prod-041,northeurope,Optimize-Tier,Optimize service tier,Move to a lower-cost tier aligned with observed demand,,,MEDIUM,MEDIUM,HEURISTIC,FULL,PARTIAL,Metric1,digital-channels,reporting,prod,CC1009,8635.56,GP_Gen5_8,8,40.0,,Conservative,True,65,Mock_4vCPU_20GB,4,20.0,67.5,718.83,718.83,Low,RESOLVED
2026-09-10,run-20260910-official-001,FIS-DIGITAL,SUB-DIGITAL-01,/subscriptions/00000011-0011-4011-8011-000000000011/resourceGroups/rg-prod-041/providers/microsoft.streamanalytics/streamingjobs/stream-analytics-018,stream-analytics-018,microsoft.streamanalytics/streamingjobs,rg-prod-041,northeurope,Optimize-Tier,Optimize service tier,Move to a lower-cost tier aligned with observed demand,,,MEDIUM,MEDIUM,HEURISTIC,FULL,PARTIAL,Metric1,digital-channels,reporting,prod,CC1009,8635.56,GP_Gen5_8,8,40.0,,Moderate,False,72,Mock_4vCPU_20GB,4,20.0,81.2,883.13,0.0,Medium,RESOLVED
2026-09-10,run-20260910-official-001,FIS-DIGITAL,SUB-DIGITAL-01,/subscriptions/00000011-0011-4011-8011-000000000011/resourceGroups/rg-prod-041/providers/microsoft.streamanalytics/streamingjobs/stream-analytics-018,stream-analytics-018,microsoft.streamanalytics/streamingjobs,rg-prod-041,northeurope,Optimize-Tier,Optimize service tier,Move to a lower-cost tier aligned with observed demand,,,MEDIUM,MEDIUM,HEURISTIC,FULL,PARTIAL,Metric1,digital-channels,reporting,prod,CC1009,8635.56,GP_Gen5_8,8,40.0,,Aggressive,False,80,Mock_2vCPU_10GB,2,10.0,91.9,1109.05,0.0,High,RESOLVED
2026-09-10,run-20260910-official-001,FIS-INTERNATIONAL,SUB-INTERNATIONAL-02,/subscriptions/00000022-0022-4022-8022-000000000022/resourceGroups/rg-nonprod-022/providers/microsoft.streamanalytics/streamingjobs/stream-analytics-019,stream-analytics-019,microsoft.streamanalytics/streamingjobs,rg-nonprod-022,northeurope,Optimize-Tier,Optimize service tier,Move to a lower-cost tier aligned with observed demand,,,MEDIUM,MEDIUM,PRICED,FULL,PARTIAL,Metric1,payments,reporting,nonprod,CC1008,3976.41,Standard_D4s_v5,4,16.0,,Conservative,True,65,Mock_2vCPU_8GB,2,8.0,76.4,644.41,644.41,Low,RESOLVED
2026-09-10,run-20260910-official-001,FIS-INTERNATIONAL,SUB-INTERNATIONAL-02,/subscriptions/00000022-0022-4022-8022-000000000022/resourceGroups/rg-nonprod-022/providers/microsoft.streamanalytics/streamingjobs/stream-analytics-019,stream-analytics-019,microsoft.streamanalytics/streamingjobs,rg-nonprod-022,northeurope,Optimize-Tier,Optimize service tier,Move to a lower-cost tier aligned with observed demand,,,MEDIUM,MEDIUM,PRICED,FULL,PARTIAL,Metric1,payments,reporting,nonprod,CC1008,3976.41,Standard_D4s_v5,4,16.0,,Moderate,False,72,Mock_2vCPU_8GB,2,8.0,75.9,791.71,0.0,Medium,RESOLVED
2026-09-10,run-20260910-official-001,FIS-INTERNATIONAL,SUB-INTERNATIONAL-02,/subscriptions/00000022-0022-4022-8022-000000000022/resourceGroups/rg-nonprod-022/providers/microsoft.streamanalytics/streamingjobs/stream-analytics-019,stream-analytics-019,microsoft.streamanalytics/streamingjobs,rg-nonprod-022,northeurope,Optimize-Tier,Optimize service tier,Move to a lower-cost tier aligned with observed demand,,,MEDIUM,MEDIUM,PRICED,FULL,PARTIAL,Metric1,payments,reporting,nonprod,CC1008,3976.41,Standard_D4s_v5,4,16.0,,Aggressive,False,80,Mock_1vCPU_4GB,1,4.0,77.5,994.24,0.0,High,RESOLVED
2026-09-10,run-20260910-official-001,FIS-DIGITAL,SUB-DIGITAL-06,/subscriptions/00000016-0016-4016-8016-000000000016/resourceGroups/rg-nonprod-046/providers/microsoft.powerbidedicated/capacities/power-bi-embedded-001,power-bi-embedded-001,microsoft.powerbidedicated/capacities,rg-nonprod-046,eastus,Optimize-Tier,Optimize service tier,Move to a lower-cost tier aligned with observed demand,,,HIGH,LOW,PRICED,FULL,COMPLETE,,data-ai,api-hub,nonprod,CC1002,16141.42,Standard_D8s_v5,8,32.0,,Conservative,True,65,Mock_4vCPU_16GB,4,16.0,66.0,4618.68,4618.68,Low,RESOLVED
2026-09-10,run-20260910-official-001,FIS-DIGITAL,SUB-DIGITAL-06,/subscriptions/00000016-0016-4016-8016-000000000016/resourceGroups/rg-nonprod-046/providers/microsoft.powerbidedicated/capacities/power-bi-embedded-001,power-bi-embedded-001,microsoft.powerbidedicated/capacities,rg-nonprod-046,eastus,Optimize-Tier,Optimize service tier,Move to a lower-cost tier aligned with observed demand,,,HIGH,LOW,PRICED,FULL,COMPLETE,,data-ai,api-hub,nonprod,CC1002,16141.42,Standard_D8s_v5,8,32.0,,Moderate,False,72,Mock_4vCPU_16GB,4,16.0,79.9,5674.38,0.0,Medium,RESOLVED
2026-09-10,run-20260910-official-001,FIS-DIGITAL,SUB-DIGITAL-06,/subscriptions/00000016-0016-4016-8016-000000000016/resourceGroups/rg-nonprod-046/providers/microsoft.powerbidedicated/capacities/power-bi-embedded-001,power-bi-embedded-001,microsoft.powerbidedicated/capacities,rg-nonprod-046,eastus,Optimize-Tier,Optimize service tier,Move to a lower-cost tier aligned with observed demand,,,HIGH,LOW,PRICED,FULL,COMPLETE,,data-ai,api-hub,nonprod,CC1002,16141.42,Standard_D8s_v5,8,32.0,,Aggressive,False,80,Mock_2vCPU_8GB,2,8.0,91.4,7125.97,0.0,High,RESOLVED
2026-09-10,run-20260910-official-001,FIS-DIGITAL,SUB-DIGITAL-07,/subscriptions/00000017-0017-4017-8017-000000000017/resourceGroups/rg-prod-017/providers/microsoft.powerbidedicated/capacities/power-bi-embedded-002,power-bi-embedded-002,microsoft.powerbidedicated/capacities,rg-prod-017,northeurope,Optimize-Tier,Optimize service tier,Move to a lower-cost tier aligned with observed demand,,,LOW,HIGH,UNPRICED,FULL,PARTIAL,"Metric1,Metric2,Metric3,Metric4",integration,ledger,prod,CC1009,14181.93,GP_Gen5_4,4,20.0,,Conservative,True,65,Mock_2vCPU_10GB,2,10.0,65.8,1489.1,1489.1,Low,RESOLVED
2026-09-10,run-20260910-official-001,FIS-DIGITAL,SUB-DIGITAL-07,/subscriptions/00000017-0017-4017-8017-000000000017/resourceGroups/rg-prod-017/providers/microsoft.powerbidedicated/capacities/power-bi-embedded-002,power-bi-embedded-002,microsoft.powerbidedicated/capacities,rg-prod-017,northeurope,Optimize-Tier,Optimize service tier,Move to a lower-cost tier aligned with observed demand,,,LOW,HIGH,UNPRICED,FULL,PARTIAL,"Metric1,Metric2,Metric3,Metric4",integration,ledger,prod,CC1009,14181.93,GP_Gen5_4,4,20.0,,Moderate,False,72,Mock_2vCPU_10GB,2,10.0,79.0,1829.47,0.0,Medium,RESOLVED
2026-09-10,run-20260910-official-001,FIS-DIGITAL,SUB-DIGITAL-07,/subscriptions/00000017-0017-4017-8017-000000000017/resourceGroups/rg-prod-017/providers/microsoft.powerbidedicated/capacities/power-bi-embedded-002,power-bi-embedded-002,microsoft.powerbidedicated/capacities,rg-prod-017,northeurope,Optimize-Tier,Optimize service tier,Move to a lower-cost tier aligned with observed demand,,,LOW,HIGH,UNPRICED,FULL,PARTIAL,"Metric1,Metric2,Metric3,Metric4",integration,ledger,prod,CC1009,14181.93,GP_Gen5_4,4,20.0,,Aggressive,False,80,Mock_1vCPU_5GB,1,5.0,73.3,2297.47,0.0,High,RESOLVED
2026-09-10,run-20260910-official-001,FIS-CORP,SUB-CORP-08,/subscriptions/00000008-0008-4008-8008-000000000008/resourceGroups/rg-nonprod-038/providers/microsoft.powerbidedicated/capacities/power-bi-embedded-003,power-bi-embedded-003,microsoft.powerbidedicated/capacities,rg-nonprod-038,centralus,Review-Utilization,Review utilization,Resource shows optimization opportunity based on current utilization,,,HIGH,MEDIUM,PRICED,FULL,PARTIAL,Metric1,integration,ledger,nonprod,CC1011,13721.51,GP_Gen5_8,8,40.0,,Conservative,True,65,Mock_4vCPU_20GB,4,20.0,66.0,3937.72,3937.72,Low,RESOLVED
2026-09-10,run-20260910-official-001,FIS-CORP,SUB-CORP-08,/subscriptions/00000008-0008-4008-8008-000000000008/resourceGroups/rg-nonprod-038/providers/microsoft.powerbidedicated/capacities/power-bi-embedded-003,power-bi-embedded-003,microsoft.powerbidedicated/capacities,rg-nonprod-038,centralus,Review-Utilization,Review utilization,Resource shows optimization opportunity based on current utilization,,,HIGH,MEDIUM,PRICED,FULL,PARTIAL,Metric1,integration,ledger,nonprod,CC1011,13721.51,GP_Gen5_8,8,40.0,,Moderate,False,72,Mock_4vCPU_20GB,4,20.0,78.2,4837.77,0.0,Medium,RESOLVED
2026-09-10,run-20260910-official-001,FIS-CORP,SUB-CORP-08,/subscriptions/00000008-0008-4008-8008-000000000008/resourceGroups/rg-nonprod-038/providers/microsoft.powerbidedicated/capacities/power-bi-embedded-003,power-bi-embedded-003,microsoft.powerbidedicated/capacities,rg-nonprod-038,centralus,Review-Utilization,Review utilization,Resource shows optimization opportunity based on current utilization,,,HIGH,MEDIUM,PRICED,FULL,PARTIAL,Metric1,integration,ledger,nonprod,CC1011,13721.51,GP_Gen5_8,8,40.0,,Aggressive,False,80,Mock_2vCPU_10GB,2,10.0,83.4,6075.33,0.0,High,RESOLVED
2026-09-10,run-20260910-official-001,FIS-INTERNATIONAL,SUB-INTERNATIONAL-06,/subscriptions/00000026-0026-4026-8026-000000000026/resourceGroups/rg-nonprod-026/providers/microsoft.powerbidedicated/capacities/power-bi-embedded-004,power-bi-embedded-004,microsoft.powerbidedicated/capacities,rg-nonprod-026,northeurope,Downsize,Downsize resource,Rightsize based on sustained utilization,,,HIGH,HIGH,PRICED,FULL,PARTIAL,Metric1,integration,customer360,nonprod,CC1008,13868.32,Standard_D8s_v5,8,32.0,,Conservative,True,65,Mock_4vCPU_16GB,4,16.0,70.2,2715.63,2715.63,Low,RESOLVED
2026-09-10,run-20260910-official-001,FIS-INTERNATIONAL,SUB-INTERNATIONAL-06,/subscriptions/00000026-0026-4026-8026-000000000026/resourceGroups/rg-nonprod-026/providers/microsoft.powerbidedicated/capacities/power-bi-embedded-004,power-bi-embedded-004,microsoft.powerbidedicated/capacities,rg-nonprod-026,northeurope,Downsize,Downsize resource,Rightsize based on sustained utilization,,,HIGH,HIGH,PRICED,FULL,PARTIAL,Metric1,integration,customer360,nonprod,CC1008,13868.32,Standard_D8s_v5,8,32.0,,Moderate,False,72,Mock_4vCPU_16GB,4,16.0,76.3,3336.34,0.0,Medium,RESOLVED
2026-09-10,run-20260910-official-001,FIS-INTERNATIONAL,SUB-INTERNATIONAL-06,/subscriptions/00000026-0026-4026-8026-000000000026/resourceGroups/rg-nonprod-026/providers/microsoft.powerbidedicated/capacities/power-bi-embedded-004,power-bi-embedded-004,microsoft.powerbidedicated/capacities,rg-nonprod-026,northeurope,Downsize,Downsize resource,Rightsize based on sustained utilization,,,HIGH,HIGH,PRICED,FULL,PARTIAL,Metric1,integration,customer360,nonprod,CC1008,13868.32,Standard_D8s_v5,8,32.0,,Aggressive,False,80,Mock_2vCPU_8GB,2,8.0,74.9,4189.83,0.0,High,RESOLVED
2026-09-10,run-20260910-official-001,FIS-INTERNATIONAL,SUB-INTERNATIONAL-09,/subscriptions/00000029-0029-4029-8029-000000000029/resourceGroups/rg-prod-029/providers/microsoft.powerbidedicated/capacities/power-bi-embedded-006,power-bi-embedded-006,microsoft.powerbidedicated/capacities,rg-prod-029,brazilsouth,Review-Utilization,Review utilization,Resource shows optimization opportunity based on current utilization,,,HIGH,HIGH,PRICED,FULL,PARTIAL,Metric1,cloud-platform,identity,prod,CC1003,17226.92,P1v3,2,8.0,,Conservative,True,65,Mock_1vCPU_4GB,1,4.0,71.8,4185.24,4185.24,Low,RESOLVED
2026-09-10,run-20260910-official-001,FIS-INTERNATIONAL,SUB-INTERNATIONAL-09,/subscriptions/00000029-0029-4029-8029-000000000029/resourceGroups/rg-prod-029/providers/microsoft.powerbidedicated/capacities/power-bi-embedded-006,power-bi-embedded-006,microsoft.powerbidedicated/capacities,rg-prod-029,brazilsouth,Review-Utilization,Review utilization,Resource shows optimization opportunity based on current utilization,,,HIGH,HIGH,PRICED,FULL,PARTIAL,Metric1,cloud-platform,identity,prod,CC1003,17226.92,P1v3,2,8.0,,Moderate,False,72,Mock_1vCPU_4GB,1,4.0,83.6,5141.87,0.0,Medium,RESOLVED
2026-09-10,run-20260910-official-001,FIS-INTERNATIONAL,SUB-INTERNATIONAL-09,/subscriptions/00000029-0029-4029-8029-000000000029/resourceGroups/rg-prod-029/providers/microsoft.powerbidedicated/capacities/power-bi-embedded-006,power-bi-embedded-006,microsoft.powerbidedicated/capacities,rg-prod-029,brazilsouth,Review-Utilization,Review utilization,Resource shows optimization opportunity based on current utilization,,,HIGH,HIGH,PRICED,FULL,PARTIAL,Metric1,cloud-platform,identity,prod,CC1003,17226.92,P1v3,2,8.0,,Aggressive,False,80,Mock_1vCPU_2GB,1,2.0,78.2,6457.23,0.0,High,RESOLVED
2026-09-10,run-20260910-official-001,FIS-CORP,SUB-CORP-05,/subscriptions/00000005-0005-4005-8005-000000000005/resourceGroups/rg-dev-035/providers/microsoft.powerbidedicated/capacities/power-bi-embedded-007,power-bi-embedded-007,microsoft.powerbidedicated/capacities,rg-dev-035,eastus,Optimize-Tier,Optimize service tier,Move to a lower-cost tier aligned with observed demand,,,LOW,MEDIUM,PRICED,FULL,PARTIAL,Metric1,security,reporting,dev,CC1010,4312.47,GP_Gen5_4,4,20.0,,Conservative,True,65,Mock_2vCPU_10GB,2,10.0,69.1,323.78,323.78,Low,RESOLVED
2026-09-10,run-20260910-official-001,FIS-CORP,SUB-CORP-05,/subscriptions/00000005-0005-4005-8005-000000000005/resourceGroups/rg-dev-035/providers/microsoft.powerbidedicated/capacities/power-bi-embedded-007,power-bi-embedded-007,microsoft.powerbidedicated/capacities,rg-dev-035,eastus,Optimize-Tier,Optimize service tier,Move to a lower-cost tier aligned with observed demand,,,LOW,MEDIUM,PRICED,FULL,PARTIAL,Metric1,security,reporting,dev,CC1010,4312.47,GP_Gen5_4,4,20.0,,Moderate,False,72,Mock_2vCPU_10GB,2,10.0,83.1,397.79,0.0,Medium,RESOLVED
2026-09-10,run-20260910-official-001,FIS-CORP,SUB-CORP-05,/subscriptions/00000005-0005-4005-8005-000000000005/resourceGroups/rg-dev-035/providers/microsoft.powerbidedicated/capacities/power-bi-embedded-007,power-bi-embedded-007,microsoft.powerbidedicated/capacities,rg-dev-035,eastus,Optimize-Tier,Optimize service tier,Move to a lower-cost tier aligned with observed demand,,,LOW,MEDIUM,PRICED,FULL,PARTIAL,Metric1,security,reporting,dev,CC1010,4312.47,GP_Gen5_4,4,20.0,,Aggressive,False,80,Mock_1vCPU_5GB,1,5.0,82.1,499.55,0.0,High,RESOLVED
2026-09-10,run-20260910-official-001,FIS-INTERNATIONAL,SUB-INTERNATIONAL-01,/subscriptions/00000021-0021-4021-8021-000000000021/resourceGroups/rg-prod-021/providers/microsoft.powerbidedicated/capacities/power-bi-embedded-009,power-bi-embedded-009,microsoft.powerbidedicated/capacities,rg-prod-021,northeurope,Review-Utilization,Review utilization,Resource shows optimization opportunity based on current utilization,,,LOW,HIGH,HEURISTIC,FULL,PARTIAL,"Metric1,Metric2,Metric3,Metric4,Metric5",core-banking,reporting,prod,CC1005,1798.1,Standard_D8s_v5,8,32.0,,Conservative,True,65,Mock_4vCPU_16GB,4,16.0,65.9,301.08,301.08,Low,RESOLVED
2026-09-10,run-20260910-official-001,FIS-INTERNATIONAL,SUB-INTERNATIONAL-01,/subscriptions/00000021-0021-4021-8021-000000000021/resourceGroups/rg-prod-021/providers/microsoft.powerbidedicated/capacities/power-bi-embedded-009,power-bi-embedded-009,microsoft.powerbidedicated/capacities,rg-prod-021,northeurope,Review-Utilization,Review utilization,Resource shows optimization opportunity based on current utilization,,,LOW,HIGH,HEURISTIC,FULL,PARTIAL,"Metric1,Metric2,Metric3,Metric4,Metric5",core-banking,reporting,prod,CC1005,1798.1,Standard_D8s_v5,8,32.0,,Moderate,False,72,Mock_4vCPU_16GB,4,16.0,80.9,369.89,0.0,Medium,RESOLVED
2026-09-10,run-20260910-official-001,FIS-INTERNATIONAL,SUB-INTERNATIONAL-01,/subscriptions/00000021-0021-4021-8021-000000000021/resourceGroups/rg-prod-021/providers/microsoft.powerbidedicated/capacities/power-bi-embedded-009,power-bi-embedded-009,microsoft.powerbidedicated/capacities,rg-prod-021,northeurope,Review-Utilization,Review utilization,Resource shows optimization opportunity based on current utilization,,,LOW,HIGH,HEURISTIC,FULL,PARTIAL,"Metric1,Metric2,Metric3,Metric4,Metric5",core-banking,reporting,prod,CC1005,1798.1,Standard_D8s_v5,8,32.0,,Aggressive,False,80,Mock_2vCPU_8GB,2,8.0,86.3,464.52,0.0,High,RESOLVED
2026-09-10,run-20260910-official-001,FIS-INTERNATIONAL,SUB-INTERNATIONAL-02,/subscriptions/00000022-0022-4022-8022-000000000022/resourceGroups/rg-nonprod-022/providers/microsoft.powerbidedicated/capacities/power-bi-embedded-010,power-bi-embedded-010,microsoft.powerbidedicated/capacities,rg-nonprod-022,centralus,Optimize-Tier,Optimize service tier,Move to a lower-cost tier aligned with observed demand,,,MEDIUM,HIGH,PRICED,FULL,PARTIAL,"Metric1,Metric2,Metric3,Metric4",security,ledger,nonprod,CC1010,7554.77,GP_Gen5_4,4,20.0,,Conservative,True,65,Mock_2vCPU_10GB,2,10.0,62.4,1174.35,1174.35,Low,RESOLVED
2026-09-10,run-20260910-official-001,FIS-INTERNATIONAL,SUB-INTERNATIONAL-02,/subscriptions/00000022-0022-4022-8022-000000000022/resourceGroups/rg-nonprod-022/providers/microsoft.powerbidedicated/capacities/power-bi-embedded-010,power-bi-embedded-010,microsoft.powerbidedicated/capacities,rg-nonprod-022,centralus,Optimize-Tier,Optimize service tier,Move to a lower-cost tier aligned with observed demand,,,MEDIUM,HIGH,PRICED,FULL,PARTIAL,"Metric1,Metric2,Metric3,Metric4",security,ledger,nonprod,CC1010,7554.77,GP_Gen5_4,4,20.0,,Moderate,False,72,Mock_2vCPU_10GB,2,10.0,82.6,1442.77,0.0,Medium,RESOLVED
2026-09-10,run-20260910-official-001,FIS-INTERNATIONAL,SUB-INTERNATIONAL-02,/subscriptions/00000022-0022-4022-8022-000000000022/resourceGroups/rg-nonprod-022/providers/microsoft.powerbidedicated/capacities/power-bi-embedded-010,power-bi-embedded-010,microsoft.powerbidedicated/capacities,rg-nonprod-022,centralus,Optimize-Tier,Optimize service tier,Move to a lower-cost tier aligned with observed demand,,,MEDIUM,HIGH,PRICED,FULL,PARTIAL,"Metric1,Metric2,Metric3,Metric4",security,ledger,nonprod,CC1010,7554.77,GP_Gen5_4,4,20.0,,Aggressive,False,80,Mock_1vCPU_5GB,1,5.0,77.6,1811.85,0.0,High,RESOLVED
2026-09-10,run-20260910-official-001,FIS-DIGITAL,SUB-DIGITAL-06,/subscriptions/00000016-0016-4016-8016-000000000016/resourceGroups/rg-qa-016/providers/microsoft.powerbidedicated/capacities/power-bi-embedded-011,power-bi-embedded-011,microsoft.powerbidedicated/capacities,rg-qa-016,northeurope,Optimize-Tier,Optimize service tier,Move to a lower-cost tier aligned with observed demand,,,MEDIUM,LOW,PRICED,FULL,PARTIAL,"Metric1,Metric2",digital-channels,customer360,qa,CC1003,9270.42,P1v3,2,8.0,,Conservative,True,65,Mock_1vCPU_4GB,1,4.0,74.2,1618.97,1618.97,Low,RESOLVED
2026-09-10,run-20260910-official-001,FIS-DIGITAL,SUB-DIGITAL-06,/subscriptions/00000016-0016-4016-8016-000000000016/resourceGroups/rg-qa-016/providers/microsoft.powerbidedicated/capacities/power-bi-embedded-011,power-bi-embedded-011,microsoft.powerbidedicated/capacities,rg-qa-016,northeurope,Optimize-Tier,Optimize service tier,Move to a lower-cost tier aligned with observed demand,,,MEDIUM,LOW,PRICED,FULL,PARTIAL,"Metric1,Metric2",digital-channels,customer360,qa,CC1003,9270.42,P1v3,2,8.0,,Moderate,False,72,Mock_1vCPU_4GB,1,4.0,71.1,1989.03,0.0,Medium,RESOLVED
2026-09-10,run-20260910-official-001,FIS-DIGITAL,SUB-DIGITAL-06,/subscriptions/00000016-0016-4016-8016-000000000016/resourceGroups/rg-qa-016/providers/microsoft.powerbidedicated/capacities/power-bi-embedded-011,power-bi-embedded-011,microsoft.powerbidedicated/capacities,rg-qa-016,northeurope,Optimize-Tier,Optimize service tier,Move to a lower-cost tier aligned with observed demand,,,MEDIUM,LOW,PRICED,FULL,PARTIAL,"Metric1,Metric2",digital-channels,customer360,qa,CC1003,9270.42,P1v3,2,8.0,,Aggressive,False,80,Mock_1vCPU_2GB,1,2.0,88.0,2497.85,0.0,High,RESOLVED
2026-09-10,run-20260910-official-001,FIS-CORP,SUB-CORP-03,/subscriptions/00000003-0003-4003-8003-000000000003/resourceGroups/rg-prod-033/providers/microsoft.powerbidedicated/capacities/power-bi-embedded-013,power-bi-embedded-013,microsoft.powerbidedicated/capacities,rg-prod-033,eastus,Optimize-Tier,Optimize service tier,Move to a lower-cost tier aligned with observed demand,,,LOW,HIGH,HEURISTIC,FULL,PARTIAL,"Metric1,Metric2",cloud-platform,customer360,prod,CC1011,1488.51,Standard_D4s_v5,4,16.0,,Conservative,True,65,Mock_2vCPU_8GB,2,8.0,74.0,275.23,275.23,Low,RESOLVED
2026-09-10,run-20260910-official-001,FIS-CORP,SUB-CORP-03,/subscriptions/00000003-0003-4003-8003-000000000003/resourceGroups/rg-prod-033/providers/microsoft.powerbidedicated/capacities/power-bi-embedded-013,power-bi-embedded-013,microsoft.powerbidedicated/capacities,rg-prod-033,eastus,Optimize-Tier,Optimize service tier,Move to a lower-cost tier aligned with observed demand,,,LOW,HIGH,HEURISTIC,FULL,PARTIAL,"Metric1,Metric2",cloud-platform,customer360,prod,CC1011,1488.51,Standard_D4s_v5,4,16.0,,Moderate,False,72,Mock_2vCPU_8GB,2,8.0,71.0,338.13,0.0,Medium,RESOLVED
2026-09-10,run-20260910-official-001,FIS-CORP,SUB-CORP-03,/subscriptions/00000003-0003-4003-8003-000000000003/resourceGroups/rg-prod-033/providers/microsoft.powerbidedicated/capacities/power-bi-embedded-013,power-bi-embedded-013,microsoft.powerbidedicated/capacities,rg-prod-033,eastus,Optimize-Tier,Optimize service tier,Move to a lower-cost tier aligned with observed demand,,,LOW,HIGH,HEURISTIC,FULL,PARTIAL,"Metric1,Metric2",cloud-platform,customer360,prod,CC1011,1488.51,Standard_D4s_v5,4,16.0,,Aggressive,False,80,Mock_1vCPU_4GB,1,4.0,74.2,424.63,0.0,High,RESOLVED
2026-09-10,run-20260910-official-001,FIS-DIGITAL,SUB-DIGITAL-01,/subscriptions/00000011-0011-4011-8011-000000000011/resourceGroups/rg-prod-041/providers/microsoft.synapse/workspaces/synapse-workspace-004,synapse-workspace-004,microsoft.synapse/workspaces,rg-prod-041,northeurope,Optimize-Tier,Optimize service tier,Move to a lower-cost tier aligned with observed demand,,,HIGH,LOW,PRICED,FULL,PARTIAL,Metric1,digital-channels,reporting,prod,CC1010,28764.93,P1v3,2,8.0,,Conservative,True,65,Mock_1vCPU_4GB,1,4.0,65.0,2783.84,2783.84,Low,RESOLVED
2026-09-10,run-20260910-official-001,FIS-DIGITAL,SUB-DIGITAL-01,/subscriptions/00000011-0011-4011-8011-000000000011/resourceGroups/rg-prod-041/providers/microsoft.synapse/workspaces/synapse-workspace-004,synapse-workspace-004,microsoft.synapse/workspaces,rg-prod-041,northeurope,Optimize-Tier,Optimize service tier,Move to a lower-cost tier aligned with observed demand,,,HIGH,LOW,PRICED,FULL,PARTIAL,Metric1,digital-channels,reporting,prod,CC1010,28764.93,P1v3,2,8.0,,Moderate,False,72,Mock_1vCPU_4GB,1,4.0,83.8,3420.14,0.0,Medium,RESOLVED
2026-09-10,run-20260910-official-001,FIS-DIGITAL,SUB-DIGITAL-01,/subscriptions/00000011-0011-4011-8011-000000000011/resourceGroups/rg-prod-041/providers/microsoft.synapse/workspaces/synapse-workspace-004,synapse-workspace-004,microsoft.synapse/workspaces,rg-prod-041,northeurope,Optimize-Tier,Optimize service tier,Move to a lower-cost tier aligned with observed demand,,,HIGH,LOW,PRICED,FULL,PARTIAL,Metric1,digital-channels,reporting,prod,CC1010,28764.93,P1v3,2,8.0,,Aggressive,False,80,Mock_1vCPU_2GB,1,2.0,88.0,4295.06,0.0,High,RESOLVED
2026-09-10,run-20260910-official-001,FIS-INTERNATIONAL,SUB-INTERNATIONAL-04,/subscriptions/00000024-0024-4024-8024-000000000024/resourceGroups/rg-qa-024/providers/microsoft.synapse/workspaces/synapse-workspace-007,synapse-workspace-007,microsoft.synapse/workspaces,rg-qa-024,westus2,Review-Utilization,Review utilization,Resource shows optimization opportunity based on current utilization,,,MEDIUM,HIGH,HEURISTIC,FULL,PARTIAL,"Metric1,Metric2,Metric3",security,identity,qa,CC1003,26762.3,S3,4,7.0,,Conservative,True,65,Mock_2vCPU_3GB,2,3.5,70.9,1873.67,1873.67,Low,RESOLVED
2026-09-10,run-20260910-official-001,FIS-INTERNATIONAL,SUB-INTERNATIONAL-04,/subscriptions/00000024-0024-4024-8024-000000000024/resourceGroups/rg-qa-024/providers/microsoft.synapse/workspaces/synapse-workspace-007,synapse-workspace-007,microsoft.synapse/workspaces,rg-qa-024,westus2,Review-Utilization,Review utilization,Resource shows optimization opportunity based on current utilization,,,MEDIUM,HIGH,HEURISTIC,FULL,PARTIAL,"Metric1,Metric2,Metric3",security,identity,qa,CC1003,26762.3,S3,4,7.0,,Moderate,False,72,Mock_2vCPU_3GB,2,3.5,80.0,2301.94,0.0,Medium,RESOLVED
2026-09-10,run-20260910-official-001,FIS-INTERNATIONAL,SUB-INTERNATIONAL-04,/subscriptions/00000024-0024-4024-8024-000000000024/resourceGroups/rg-qa-024/providers/microsoft.synapse/workspaces/synapse-workspace-007,synapse-workspace-007,microsoft.synapse/workspaces,rg-qa-024,westus2,Review-Utilization,Review utilization,Resource shows optimization opportunity based on current utilization,,,MEDIUM,HIGH,HEURISTIC,FULL,PARTIAL,"Metric1,Metric2,Metric3",security,identity,qa,CC1003,26762.3,S3,4,7.0,,Aggressive,False,80,Mock_1vCPU_1GB,1,1.8,75.8,2890.8,0.0,High,RESOLVED
2026-09-10,run-20260910-official-001,FIS-CORP,SUB-CORP-10,/subscriptions/00000010-0010-4010-8010-000000000010/resourceGroups/rg-nonprod-010/providers/microsoft.synapse/workspaces/synapse-workspace-008,synapse-workspace-008,microsoft.synapse/workspaces,rg-nonprod-010,westeurope,Review-Utilization,Review utilization,Resource shows optimization opportunity based on current utilization,,,HIGH,MEDIUM,HEURISTIC,FULL,PARTIAL,"Metric1,Metric2,Metric3",data-ai,risk,nonprod,CC1001,24796.6,S3,4,7.0,,Conservative,True,65,Mock_2vCPU_3GB,2,3.5,72.2,7660.66,7660.66,Low,RESOLVED
2026-09-10,run-20260910-official-001,FIS-CORP,SUB-CORP-10,/subscriptions/00000010-0010-4010-8010-000000000010/resourceGroups/rg-nonprod-010/providers/microsoft.synapse/workspaces/synapse-workspace-008,synapse-workspace-008,microsoft.synapse/workspaces,rg-nonprod-010,westeurope,Review-Utilization,Review utilization,Resource shows optimization opportunity based on current utilization,,,HIGH,MEDIUM,HEURISTIC,FULL,PARTIAL,"Metric1,Metric2,Metric3",data-ai,risk,nonprod,CC1001,24796.6,S3,4,7.0,,Moderate,False,72,Mock_2vCPU_3GB,2,3.5,79.7,9411.67,0.0,Medium,RESOLVED
2026-09-10,run-20260910-official-001,FIS-CORP,SUB-CORP-10,/subscriptions/00000010-0010-4010-8010-000000000010/resourceGroups/rg-nonprod-010/providers/microsoft.synapse/workspaces/synapse-workspace-008,synapse-workspace-008,microsoft.synapse/workspaces,rg-nonprod-010,westeurope,Review-Utilization,Review utilization,Resource shows optimization opportunity based on current utilization,,,HIGH,MEDIUM,HEURISTIC,FULL,PARTIAL,"Metric1,Metric2,Metric3",data-ai,risk,nonprod,CC1001,24796.6,S3,4,7.0,,Aggressive,False,80,Mock_1vCPU_1GB,1,1.8,85.1,11819.3,0.0,High,RESOLVED
2026-09-10,run-20260910-official-001,FIS-INTERNATIONAL,SUB-INTERNATIONAL-03,/subscriptions/00000023-0023-4023-8023-000000000023/resourceGroups/rg-dev-023/providers/microsoft.synapse/workspaces/synapse-workspace-009,synapse-workspace-009,microsoft.synapse/workspaces,rg-dev-023,brazilsouth,Review-Utilization,Review utilization,Resource shows optimization opportunity based on current utilization,,,HIGH,HIGH,HEURISTIC,FULL,PARTIAL,Metric1,core-banking,analytics,dev,CC1003,14253.79,P1v3,2,8.0,,Conservative,True,65,Mock_1vCPU_4GB,1,4.0,68.6,2872.7,2872.7,Low,RESOLVED
2026-09-10,run-20260910-official-001,FIS-INTERNATIONAL,SUB-INTERNATIONAL-03,/subscriptions/00000023-0023-4023-8023-000000000023/resourceGroups/rg-dev-023/providers/microsoft.synapse/workspaces/synapse-workspace-009,synapse-workspace-009,microsoft.synapse/workspaces,rg-dev-023,brazilsouth,Review-Utilization,Review utilization,Resource shows optimization opportunity based on current utilization,,,HIGH,HIGH,HEURISTIC,FULL,PARTIAL,Metric1,core-banking,analytics,dev,CC1003,14253.79,P1v3,2,8.0,,Moderate,False,72,Mock_1vCPU_4GB,1,4.0,72.3,3529.31,0.0,Medium,RESOLVED
2026-09-10,run-20260910-official-001,FIS-INTERNATIONAL,SUB-INTERNATIONAL-03,/subscriptions/00000023-0023-4023-8023-000000000023/resourceGroups/rg-dev-023/providers/microsoft.synapse/workspaces/synapse-workspace-009,synapse-workspace-009,microsoft.synapse/workspaces,rg-dev-023,brazilsouth,Review-Utilization,Review utilization,Resource shows optimization opportunity based on current utilization,,,HIGH,HIGH,HEURISTIC,FULL,PARTIAL,Metric1,core-banking,analytics,dev,CC1003,14253.79,P1v3,2,8.0,,Aggressive,False,80,Mock_1vCPU_2GB,1,2.0,78.9,4432.16,0.0,High,RESOLVED
2026-09-10,run-20260910-official-001,FIS-CORP,SUB-CORP-03,/subscriptions/00000003-0003-4003-8003-000000000003/resourceGroups/rg-prod-033/providers/microsoft.synapse/workspaces/synapse-workspace-010,synapse-workspace-010,microsoft.synapse/workspaces,rg-prod-033,westus2,Review-Utilization,Review utilization,Resource shows optimization opportunity based on current utilization,,,HIGH,MEDIUM,PRICED,FULL,PARTIAL,"Metric1,Metric2",core-banking,payments,prod,CC1010,26030.46,S3,4,7.0,,Conservative,True,65,Mock_2vCPU_3GB,2,3.5,76.2,4197.09,4197.09,Low,RESOLVED
2026-09-10,run-20260910-official-001,FIS-CORP,SUB-CORP-03,/subscriptions/00000003-0003-4003-8003-000000000003/resourceGroups/rg-prod-033/providers/microsoft.synapse/workspaces/synapse-workspace-010,synapse-workspace-010,microsoft.synapse/workspaces,rg-prod-033,westus2,Review-Utilization,Review utilization,Resource shows optimization opportunity based on current utilization,,,HIGH,MEDIUM,PRICED,FULL,PARTIAL,"Metric1,Metric2",core-banking,payments,prod,CC1010,26030.46,S3,4,7.0,,Moderate,False,72,Mock_2vCPU_3GB,2,3.5,78.8,5156.42,0.0,Medium,RESOLVED
2026-09-10,run-20260910-official-001,FIS-CORP,SUB-CORP-03,/subscriptions/00000003-0003-4003-8003-000000000003/resourceGroups/rg-prod-033/providers/microsoft.synapse/workspaces/synapse-workspace-010,synapse-workspace-010,microsoft.synapse/workspaces,rg-prod-033,westus2,Review-Utilization,Review utilization,Resource shows optimization opportunity based on current utilization,,,HIGH,MEDIUM,PRICED,FULL,PARTIAL,"Metric1,Metric2",core-banking,payments,prod,CC1010,26030.46,S3,4,7.0,,Aggressive,False,80,Mock_1vCPU_1GB,1,1.8,76.7,6475.51,0.0,High,RESOLVED
2026-09-10,run-20260910-official-001,FIS-CORP,SUB-CORP-08,/subscriptions/00000008-0008-4008-8008-000000000008/resourceGroups/rg-qa-008/providers/microsoft.synapse/workspaces/synapse-workspace-012,synapse-workspace-012,microsoft.synapse/workspaces,rg-qa-008,eastus2,Downsize,Downsize resource,Rightsize based on sustained utilization,,,MEDIUM,HIGH,PRICED,FULL,COMPLETE,,integration,api-hub,qa,CC1009,2803.41,GP_Gen5_4,4,20.0,,Conservative,True,65,Mock_2vCPU_10GB,2,10.0,58.2,575.74,575.74,Low,RESOLVED
2026-09-10,run-20260910-official-001,FIS-CORP,SUB-CORP-08,/subscriptions/00000008-0008-4008-8008-000000000008/resourceGroups/rg-qa-008/providers/microsoft.synapse/workspaces/synapse-workspace-012,synapse-workspace-012,microsoft.synapse/workspaces,rg-qa-008,eastus2,Downsize,Downsize resource,Rightsize based on sustained utilization,,,MEDIUM,HIGH,PRICED,FULL,COMPLETE,,integration,api-hub,qa,CC1009,2803.41,GP_Gen5_4,4,20.0,,Moderate,False,72,Mock_2vCPU_10GB,2,10.0,67.5,707.34,0.0,Medium,RESOLVED
2026-09-10,run-20260910-official-001,FIS-CORP,SUB-CORP-08,/subscriptions/00000008-0008-4008-8008-000000000008/resourceGroups/rg-qa-008/providers/microsoft.synapse/workspaces/synapse-workspace-012,synapse-workspace-012,microsoft.synapse/workspaces,rg-qa-008,eastus2,Downsize,Downsize resource,Rightsize based on sustained utilization,,,MEDIUM,HIGH,PRICED,FULL,COMPLETE,,integration,api-hub,qa,CC1009,2803.41,GP_Gen5_4,4,20.0,,Aggressive,False,80,Mock_1vCPU_5GB,1,5.0,85.6,888.29,0.0,High,RESOLVED
2026-09-10,run-20260910-official-001,FIS-DIGITAL,SUB-DIGITAL-04,/subscriptions/00000014-0014-4014-8014-000000000014/resourceGroups/rg-qa-044/providers/microsoft.synapse/workspaces/synapse-workspace-014,synapse-workspace-014,microsoft.synapse/workspaces,rg-qa-044,brazilsouth,Optimize-Tier,Optimize service tier,Move to a lower-cost tier aligned with observed demand,,,MEDIUM,LOW,PRICED,FULL,PARTIAL,Metric1,cloud-platform,customer360,qa,CC1012,7414.82,GP_Gen5_4,4,20.0,,Conservative,True,65,Mock_2vCPU_10GB,2,10.0,66.4,714.94,714.94,Low,RESOLVED
2026-09-10,run-20260910-official-001,FIS-DIGITAL,SUB-DIGITAL-04,/subscriptions/00000014-0014-4014-8014-000000000014/resourceGroups/rg-qa-044/providers/microsoft.synapse/workspaces/synapse-workspace-014,synapse-workspace-014,microsoft.synapse/workspaces,rg-qa-044,brazilsouth,Optimize-Tier,Optimize service tier,Move to a lower-cost tier aligned with observed demand,,,MEDIUM,LOW,PRICED,FULL,PARTIAL,Metric1,cloud-platform,customer360,qa,CC1012,7414.82,GP_Gen5_4,4,20.0,,Moderate,False,72,Mock_2vCPU_10GB,2,10.0,78.2,878.35,0.0,Medium,RESOLVED
2026-09-10,run-20260910-official-001,FIS-DIGITAL,SUB-DIGITAL-04,/subscriptions/00000014-0014-4014-8014-000000000014/resourceGroups/rg-qa-044/providers/microsoft.synapse/workspaces/synapse-workspace-014,synapse-workspace-014,microsoft.synapse/workspaces,rg-qa-044,brazilsouth,Optimize-Tier,Optimize service tier,Move to a lower-cost tier aligned with observed demand,,,MEDIUM,LOW,PRICED,FULL,PARTIAL,Metric1,cloud-platform,customer360,qa,CC1012,7414.82,GP_Gen5_4,4,20.0,,Aggressive,False,80,Mock_1vCPU_5GB,1,5.0,77.8,1103.05,0.0,High,RESOLVED
2026-09-10,run-20260910-official-001,FIS-DIGITAL,SUB-DIGITAL-07,/subscriptions/00000017-0017-4017-8017-000000000017/resourceGroups/rg-prod-017/providers/microsoft.synapse/workspaces/synapse-workspace-016,synapse-workspace-016,microsoft.synapse/workspaces,rg-prod-017,eastus2,Optimize-Tier,Optimize service tier,Move to a lower-cost tier aligned with observed demand,,,HIGH,HIGH,HEURISTIC,FULL,PARTIAL,Metric1,cloud-platform,identity,prod,CC1007,31310.13,S3,4,7.0,,Conservative,True,65,Mock_2vCPU_3GB,2,3.5,71.0,5629.09,5629.09,Low,RESOLVED
2026-09-10,run-20260910-official-001,FIS-DIGITAL,SUB-DIGITAL-07,/subscriptions/00000017-0017-4017-8017-000000000017/resourceGroups/rg-prod-017/providers/microsoft.synapse/workspaces/synapse-workspace-016,synapse-workspace-016,microsoft.synapse/workspaces,rg-prod-017,eastus2,Optimize-Tier,Optimize service tier,Move to a lower-cost tier aligned with observed demand,,,HIGH,HIGH,HEURISTIC,FULL,PARTIAL,Metric1,cloud-platform,identity,prod,CC1007,31310.13,S3,4,7.0,,Moderate,False,72,Mock_2vCPU_3GB,2,3.5,78.7,6915.74,0.0,Medium,RESOLVED
2026-09-10,run-20260910-official-001,FIS-DIGITAL,SUB-DIGITAL-07,/subscriptions/00000017-0017-4017-8017-000000000017/resourceGroups/rg-prod-017/providers/microsoft.synapse/workspaces/synapse-workspace-016,synapse-workspace-016,microsoft.synapse/workspaces,rg-prod-017,eastus2,Optimize-Tier,Optimize service tier,Move to a lower-cost tier aligned with observed demand,,,HIGH,HIGH,HEURISTIC,FULL,PARTIAL,Metric1,cloud-platform,identity,prod,CC1007,31310.13,S3,4,7.0,,Aggressive,False,80,Mock_1vCPU_1GB,1,1.8,83.6,8684.88,0.0,High,RESOLVED
2026-09-10,run-20260910-official-001,FIS-DIGITAL,SUB-DIGITAL-02,/subscriptions/00000012-0012-4012-8012-000000000012/resourceGroups/rg-nonprod-042/providers/microsoft.synapse/workspaces/synapse-workspace-017,synapse-workspace-017,microsoft.synapse/workspaces,rg-nonprod-042,eastus,Optimize-Tier,Optimize service tier,Move to a lower-cost tier aligned with observed demand,,,HIGH,MEDIUM,PRICED,FULL,PARTIAL,"Metric1,Metric2",core-banking,payments,nonprod,CC1004,39502.74,Standard_D2s_v5,2,8.0,,Conservative,True,65,Mock_1vCPU_4GB,1,4.0,71.9,10093.22,10093.22,Low,RESOLVED
2026-09-10,run-20260910-official-001,FIS-DIGITAL,SUB-DIGITAL-02,/subscriptions/00000012-0012-4012-8012-000000000012/resourceGroups/rg-nonprod-042/providers/microsoft.synapse/workspaces/synapse-workspace-017,synapse-workspace-017,microsoft.synapse/workspaces,rg-nonprod-042,eastus,Optimize-Tier,Optimize service tier,Move to a lower-cost tier aligned with observed demand,,,HIGH,MEDIUM,PRICED,FULL,PARTIAL,"Metric1,Metric2",core-banking,payments,nonprod,CC1004,39502.74,Standard_D2s_v5,2,8.0,,Moderate,False,72,Mock_1vCPU_4GB,1,4.0,70.6,12400.25,0.0,Medium,RESOLVED
2026-09-10,run-20260910-official-001,FIS-DIGITAL,SUB-DIGITAL-02,/subscriptions/00000012-0012-4012-8012-000000000012/resourceGroups/rg-nonprod-042/providers/microsoft.synapse/workspaces/synapse-workspace-017,synapse-workspace-017,microsoft.synapse/workspaces,rg-nonprod-042,eastus,Optimize-Tier,Optimize service tier,Move to a lower-cost tier aligned with observed demand,,,HIGH,MEDIUM,PRICED,FULL,PARTIAL,"Metric1,Metric2",core-banking,payments,nonprod,CC1004,39502.74,Standard_D2s_v5,2,8.0,,Aggressive,False,80,Mock_1vCPU_2GB,1,2.0,82.7,15572.4,0.0,High,RESOLVED
2026-09-10,run-20260910-official-001,FIS-CORP,SUB-CORP-03,/subscriptions/00000003-0003-4003-8003-000000000003/resourceGroups/rg-dev-003/providers/microsoft.eventhub/namespaces/event-hubs-003,event-hubs-003,microsoft.eventhub/namespaces,rg-dev-003,westeurope,Review-Utilization,Review utilization,Resource shows optimization opportunity based on current utilization,,,MEDIUM,MEDIUM,PRICED,FULL,PARTIAL,"Metric1,Metric2",integration,api-hub,dev,CC1012,6127.46,GP_Gen5_4,4,20.0,,Conservative,True,65,Mock_2vCPU_10GB,2,10.0,62.4,1184.86,1184.86,Low,RESOLVED
2026-09-10,run-20260910-official-001,FIS-CORP,SUB-CORP-03,/subscriptions/00000003-0003-4003-8003-000000000003/resourceGroups/rg-dev-003/providers/microsoft.eventhub/namespaces/event-hubs-003,event-hubs-003,microsoft.eventhub/namespaces,rg-dev-003,westeurope,Review-Utilization,Review utilization,Resource shows optimization opportunity based on current utilization,,,MEDIUM,MEDIUM,PRICED,FULL,PARTIAL,"Metric1,Metric2",integration,api-hub,dev,CC1012,6127.46,GP_Gen5_4,4,20.0,,Moderate,False,72,Mock_2vCPU_10GB,2,10.0,71.0,1455.68,0.0,Medium,RESOLVED
2026-09-10,run-20260910-official-001,FIS-CORP,SUB-CORP-03,/subscriptions/00000003-0003-4003-8003-000000000003/resourceGroups/rg-dev-003/providers/microsoft.eventhub/namespaces/event-hubs-003,event-hubs-003,microsoft.eventhub/namespaces,rg-dev-003,westeurope,Review-Utilization,Review utilization,Resource shows optimization opportunity based on current utilization,,,MEDIUM,MEDIUM,PRICED,FULL,PARTIAL,"Metric1,Metric2",integration,api-hub,dev,CC1012,6127.46,GP_Gen5_4,4,20.0,,Aggressive,False,80,Mock_1vCPU_5GB,1,5.0,89.1,1828.06,0.0,High,RESOLVED
2026-09-10,run-20260910-official-001,FIS-DIGITAL,SUB-DIGITAL-06,/subscriptions/00000016-0016-4016-8016-000000000016/resourceGroups/rg-qa-016/providers/microsoft.eventhub/namespaces/event-hubs-007,event-hubs-007,microsoft.eventhub/namespaces,rg-qa-016,northeurope,Review-Utilization,Review utilization,Resource shows optimization opportunity based on current utilization,,,MEDIUM,HIGH,HEURISTIC,FULL,PARTIAL,Metric1,core-banking,payments,qa,CC1012,5378.22,Standard_D8s_v5,8,32.0,,Conservative,True,65,Mock_4vCPU_16GB,4,16.0,62.1,1023.09,1023.09,Low,RESOLVED
2026-09-10,run-20260910-official-001,FIS-DIGITAL,SUB-DIGITAL-06,/subscriptions/00000016-0016-4016-8016-000000000016/resourceGroups/rg-qa-016/providers/microsoft.eventhub/namespaces/event-hubs-007,event-hubs-007,microsoft.eventhub/namespaces,rg-qa-016,northeurope,Review-Utilization,Review utilization,Resource shows optimization opportunity based on current utilization,,,MEDIUM,HIGH,HEURISTIC,FULL,PARTIAL,Metric1,core-banking,payments,qa,CC1012,5378.22,Standard_D8s_v5,8,32.0,,Moderate,False,72,Mock_4vCPU_16GB,4,16.0,79.5,1256.94,0.0,Medium,RESOLVED
2026-09-10,run-20260910-official-001,FIS-DIGITAL,SUB-DIGITAL-06,/subscriptions/00000016-0016-4016-8016-000000000016/resourceGroups/rg-qa-016/providers/microsoft.eventhub/namespaces/event-hubs-007,event-hubs-007,microsoft.eventhub/namespaces,rg-qa-016,northeurope,Review-Utilization,Review utilization,Resource shows optimization opportunity based on current utilization,,,MEDIUM,HIGH,HEURISTIC,FULL,PARTIAL,Metric1,core-banking,payments,qa,CC1012,5378.22,Standard_D8s_v5,8,32.0,,Aggressive,False,80,Mock_2vCPU_8GB,2,8.0,79.0,1578.48,0.0,High,RESOLVED
2026-09-10,run-20260910-official-001,FIS-DIGITAL,SUB-DIGITAL-05,/subscriptions/00000015-0015-4015-8015-000000000015/resourceGroups/rg-dev-015/providers/microsoft.eventhub/namespaces/event-hubs-008,event-hubs-008,microsoft.eventhub/namespaces,rg-dev-015,eastus2,Downsize,Downsize resource,Rightsize based on sustained utilization,,,LOW,MEDIUM,PRICED,FULL,PARTIAL,"Metric1,Metric2",payments,identity,dev,CC1006,407.21,Standard_D4s_v5,4,16.0,,Conservative,True,65,Mock_2vCPU_8GB,2,8.0,65.6,41.55,41.55,Low,RESOLVED
2026-09-10,run-20260910-official-001,FIS-DIGITAL,SUB-DIGITAL-05,/subscriptions/00000015-0015-4015-8015-000000000015/resourceGroups/rg-dev-015/providers/microsoft.eventhub/namespaces/event-hubs-008,event-hubs-008,microsoft.eventhub/namespaces,rg-dev-015,eastus2,Downsize,Downsize resource,Rightsize based on sustained utilization,,,LOW,MEDIUM,PRICED,FULL,PARTIAL,"Metric1,Metric2",payments,identity,dev,CC1006,407.21,Standard_D4s_v5,4,16.0,,Moderate,False,72,Mock_2vCPU_8GB,2,8.0,66.7,51.05,0.0,Medium,RESOLVED
2026-09-10,run-20260910-official-001,FIS-DIGITAL,SUB-DIGITAL-05,/subscriptions/00000015-0015-4015-8015-000000000015/resourceGroups/rg-dev-015/providers/microsoft.eventhub/namespaces/event-hubs-008,event-hubs-008,microsoft.eventhub/namespaces,rg-dev-015,eastus2,Downsize,Downsize resource,Rightsize based on sustained utilization,,,LOW,MEDIUM,PRICED,FULL,PARTIAL,"Metric1,Metric2",payments,identity,dev,CC1006,407.21,Standard_D4s_v5,4,16.0,,Aggressive,False,80,Mock_1vCPU_4GB,1,4.0,84.0,64.11,0.0,High,RESOLVED
2026-09-10,run-20260910-official-001,FIS-DIGITAL,SUB-DIGITAL-10,/subscriptions/00000020-0020-4020-8020-000000000020/resourceGroups/rg-nonprod-050/providers/microsoft.eventhub/namespaces/event-hubs-009,event-hubs-009,microsoft.eventhub/namespaces,rg-nonprod-050,eastus,Review-Utilization,Review utilization,Resource shows optimization opportunity based on current utilization,,,HIGH,MEDIUM,HEURISTIC,FULL,PARTIAL,Metric1,payments,payments,nonprod,CC1009,15718.54,Standard_D2s_v5,2,8.0,,Conservative,True,65,Mock_1vCPU_4GB,1,4.0,76.6,4073.87,4073.87,Low,RESOLVED
2026-09-10,run-20260910-official-001,FIS-DIGITAL,SUB-DIGITAL-10,/subscriptions/00000020-0020-4020-8020-000000000020/resourceGroups/rg-nonprod-050/providers/microsoft.eventhub/namespaces/event-hubs-009,event-hubs-009,microsoft.eventhub/namespaces,rg-nonprod-050,eastus,Review-Utilization,Review utilization,Resource shows optimization opportunity based on current utilization,,,HIGH,MEDIUM,HEURISTIC,FULL,PARTIAL,Metric1,payments,payments,nonprod,CC1009,15718.54,Standard_D2s_v5,2,8.0,,Moderate,False,72,Mock_1vCPU_4GB,1,4.0,76.9,5005.04,0.0,Medium,RESOLVED
2026-09-10,run-20260910-official-001,FIS-DIGITAL,SUB-DIGITAL-10,/subscriptions/00000020-0020-4020-8020-000000000020/resourceGroups/rg-nonprod-050/providers/microsoft.eventhub/namespaces/event-hubs-009,event-hubs-009,microsoft.eventhub/namespaces,rg-nonprod-050,eastus,Review-Utilization,Review utilization,Resource shows optimization opportunity based on current utilization,,,HIGH,MEDIUM,HEURISTIC,FULL,PARTIAL,Metric1,payments,payments,nonprod,CC1009,15718.54,Standard_D2s_v5,2,8.0,,Aggressive,False,80,Mock_1vCPU_2GB,1,2.0,78.5,6285.39,0.0,High,RESOLVED
2026-09-10,run-20260910-official-001,FIS-CORP,SUB-CORP-05,/subscriptions/00000005-0005-4005-8005-000000000005/resourceGroups/rg-dev-035/providers/microsoft.eventhub/namespaces/event-hubs-010,event-hubs-010,microsoft.eventhub/namespaces,rg-dev-035,westus2,Review-Utilization,Review utilization,Resource shows optimization opportunity based on current utilization,,,MEDIUM,MEDIUM,PRICED,FULL,PARTIAL,"Metric1,Metric2",security,risk,dev,CC1009,7699.98,Standard_D4s_v5,4,16.0,,Conservative,True,65,Mock_2vCPU_8GB,2,8.0,75.0,1849.37,1849.37,Low,RESOLVED
2026-09-10,run-20260910-official-001,FIS-CORP,SUB-CORP-05,/subscriptions/00000005-0005-4005-8005-000000000005/resourceGroups/rg-dev-035/providers/microsoft.eventhub/namespaces/event-hubs-010,event-hubs-010,microsoft.eventhub/namespaces,rg-dev-035,westus2,Review-Utilization,Review utilization,Resource shows optimization opportunity based on current utilization,,,MEDIUM,MEDIUM,PRICED,FULL,PARTIAL,"Metric1,Metric2",security,risk,dev,CC1009,7699.98,Standard_D4s_v5,4,16.0,,Moderate,False,72,Mock_2vCPU_8GB,2,8.0,78.0,2272.09,0.0,Medium,RESOLVED
2026-09-10,run-20260910-official-001,FIS-CORP,SUB-CORP-05,/subscriptions/00000005-0005-4005-8005-000000000005/resourceGroups/rg-dev-035/providers/microsoft.eventhub/namespaces/event-hubs-010,event-hubs-010,microsoft.eventhub/namespaces,rg-dev-035,westus2,Review-Utilization,Review utilization,Resource shows optimization opportunity based on current utilization,,,MEDIUM,MEDIUM,PRICED,FULL,PARTIAL,"Metric1,Metric2",security,risk,dev,CC1009,7699.98,Standard_D4s_v5,4,16.0,,Aggressive,False,80,Mock_1vCPU_4GB,1,4.0,76.7,2853.32,0.0,High,RESOLVED
2026-09-10,run-20260910-official-001,FIS-CORP,SUB-CORP-07,/subscriptions/00000007-0007-4007-8007-000000000007/resourceGroups/rg-prod-037/providers/microsoft.eventhub/namespaces/event-hubs-014,event-hubs-014,microsoft.eventhub/namespaces,rg-prod-037,northeurope,Downsize,Downsize resource,Rightsize based on sustained utilization,,,LOW,MEDIUM,PRICED,FULL,PARTIAL,"Metric1,Metric2,Metric3",integration,ledger,prod,CC1003,2002.82,Standard_D8s_v5,8,32.0,,Conservative,True,65,Mock_4vCPU_16GB,4,16.0,64.5,312.33,312.33,Low,RESOLVED
2026-09-10,run-20260910-official-001,FIS-CORP,SUB-CORP-07,/subscriptions/00000007-0007-4007-8007-000000000007/resourceGroups/rg-prod-037/providers/microsoft.eventhub/namespaces/event-hubs-014,event-hubs-014,microsoft.eventhub/namespaces,rg-prod-037,northeurope,Downsize,Downsize resource,Rightsize based on sustained utilization,,,LOW,MEDIUM,PRICED,FULL,PARTIAL,"Metric1,Metric2,Metric3",integration,ledger,prod,CC1003,2002.82,Standard_D8s_v5,8,32.0,,Moderate,False,72,Mock_4vCPU_16GB,4,16.0,74.0,383.71,0.0,Medium,RESOLVED
2026-09-10,run-20260910-official-001,FIS-CORP,SUB-CORP-07,/subscriptions/00000007-0007-4007-8007-000000000007/resourceGroups/rg-prod-037/providers/microsoft.eventhub/namespaces/event-hubs-014,event-hubs-014,microsoft.eventhub/namespaces,rg-prod-037,northeurope,Downsize,Downsize resource,Rightsize based on sustained utilization,,,LOW,MEDIUM,PRICED,FULL,PARTIAL,"Metric1,Metric2,Metric3",integration,ledger,prod,CC1003,2002.82,Standard_D8s_v5,8,32.0,,Aggressive,False,80,Mock_2vCPU_8GB,2,8.0,78.4,481.87,0.0,High,RESOLVED
2026-09-10,run-20260910-official-001,FIS-DIGITAL,SUB-DIGITAL-10,/subscriptions/00000020-0020-4020-8020-000000000020/resourceGroups/rg-qa-020/providers/microsoft.eventhub/namespaces/event-hubs-016,event-hubs-016,microsoft.eventhub/namespaces,rg-qa-020,eastus2,Downsize,Downsize resource,Rightsize based on sustained utilization,,,MEDIUM,LOW,HEURISTIC,FULL,PARTIAL,"Metric1,Metric2",integration,risk,qa,CC1007,11314.83,P1v3,2,8.0,,Conservative,True,65,Mock_1vCPU_4GB,1,4.0,69.1,821.6,821.6,Low,RESOLVED
2026-09-10,run-20260910-official-001,FIS-DIGITAL,SUB-DIGITAL-10,/subscriptions/00000020-0020-4020-8020-000000000020/resourceGroups/rg-qa-020/providers/microsoft.eventhub/namespaces/event-hubs-016,event-hubs-016,microsoft.eventhub/namespaces,rg-qa-020,eastus2,Downsize,Downsize resource,Rightsize based on sustained utilization,,,MEDIUM,LOW,HEURISTIC,FULL,PARTIAL,"Metric1,Metric2",integration,risk,qa,CC1007,11314.83,P1v3,2,8.0,,Moderate,False,72,Mock_1vCPU_4GB,1,4.0,82.3,1009.39,0.0,Medium,RESOLVED
2026-09-10,run-20260910-official-001,FIS-DIGITAL,SUB-DIGITAL-10,/subscriptions/00000020-0020-4020-8020-000000000020/resourceGroups/rg-qa-020/providers/microsoft.eventhub/namespaces/event-hubs-016,event-hubs-016,microsoft.eventhub/namespaces,rg-qa-020,eastus2,Downsize,Downsize resource,Rightsize based on sustained utilization,,,MEDIUM,LOW,HEURISTIC,FULL,PARTIAL,"Metric1,Metric2",integration,risk,qa,CC1007,11314.83,P1v3,2,8.0,,Aggressive,False,80,Mock_1vCPU_2GB,1,2.0,75.8,1267.61,0.0,High,RESOLVED
2026-09-10,run-20260910-official-001,FIS-DIGITAL,SUB-DIGITAL-06,/subscriptions/00000016-0016-4016-8016-000000000016/resourceGroups/rg-qa-016/providers/microsoft.eventhub/namespaces/event-hubs-017,event-hubs-017,microsoft.eventhub/namespaces,rg-qa-016,westeurope,Downsize,Downsize resource,Rightsize based on sustained utilization,,,LOW,HIGH,HEURISTIC,FULL,PARTIAL,"Metric1,Metric2",core-banking,api-hub,qa,CC1006,563.74,GP_Gen5_4,4,20.0,,Conservative,True,65,Mock_2vCPU_10GB,2,10.0,71.5,89.43,89.43,Low,RESOLVED
2026-09-10,run-20260910-official-001,FIS-DIGITAL,SUB-DIGITAL-06,/subscriptions/00000016-0016-4016-8016-000000000016/resourceGroups/rg-qa-016/providers/microsoft.eventhub/namespaces/event-hubs-017,event-hubs-017,microsoft.eventhub/namespaces,rg-qa-016,westeurope,Downsize,Downsize resource,Rightsize based on sustained utilization,,,LOW,HIGH,HEURISTIC,FULL,PARTIAL,"Metric1,Metric2",core-banking,api-hub,qa,CC1006,563.74,GP_Gen5_4,4,20.0,,Moderate,False,72,Mock_2vCPU_10GB,2,10.0,74.9,109.87,0.0,Medium,RESOLVED
2026-09-10,run-20260910-official-001,FIS-DIGITAL,SUB-DIGITAL-06,/subscriptions/00000016-0016-4016-8016-000000000016/resourceGroups/rg-qa-016/providers/microsoft.eventhub/namespaces/event-hubs-017,event-hubs-017,microsoft.eventhub/namespaces,rg-qa-016,westeurope,Downsize,Downsize resource,Rightsize based on sustained utilization,,,LOW,HIGH,HEURISTIC,FULL,PARTIAL,"Metric1,Metric2",core-banking,api-hub,qa,CC1006,563.74,GP_Gen5_4,4,20.0,,Aggressive,False,80,Mock_1vCPU_5GB,1,5.0,89.4,137.98,0.0,High,RESOLVED
2026-09-10,run-20260910-official-001,FIS-CORP,SUB-CORP-05,/subscriptions/00000005-0005-4005-8005-000000000005/resourceGroups/rg-dev-035/providers/microsoft.eventhub/namespaces/event-hubs-019,event-hubs-019,microsoft.eventhub/namespaces,rg-dev-035,eastus2,Downsize,Downsize resource,Rightsize based on sustained utilization,,,LOW,HIGH,UNPRICED,FULL,PARTIAL,Metric1,security,risk,dev,CC1004,5244.68,Standard_D8s_v5,8,32.0,,Conservative,True,65,Mock_4vCPU_16GB,4,16.0,71.5,550.69,550.69,Low,RESOLVED
2026-09-10,run-20260910-official-001,FIS-CORP,SUB-CORP-05,/subscriptions/00000005-0005-4005-8005-000000000005/resourceGroups/rg-dev-035/providers/microsoft.eventhub/namespaces/event-hubs-019,event-hubs-019,microsoft.eventhub/namespaces,rg-dev-035,eastus2,Downsize,Downsize resource,Rightsize based on sustained utilization,,,LOW,HIGH,UNPRICED,FULL,PARTIAL,Metric1,security,risk,dev,CC1004,5244.68,Standard_D8s_v5,8,32.0,,Moderate,False,72,Mock_4vCPU_16GB,4,16.0,79.8,676.56,0.0,Medium,RESOLVED
2026-09-10,run-20260910-official-001,FIS-CORP,SUB-CORP-05,/subscriptions/00000005-0005-4005-8005-000000000005/resourceGroups/rg-dev-035/providers/microsoft.eventhub/namespaces/event-hubs-019,event-hubs-019,microsoft.eventhub/namespaces,rg-dev-035,eastus2,Downsize,Downsize resource,Rightsize based on sustained utilization,,,LOW,HIGH,UNPRICED,FULL,PARTIAL,Metric1,security,risk,dev,CC1004,5244.68,Standard_D8s_v5,8,32.0,,Aggressive,False,80,Mock_2vCPU_8GB,2,8.0,82.0,849.64,0.0,High,RESOLVED
2026-09-10,run-20260910-official-001,FIS-CORP,SUB-CORP-06,/subscriptions/00000006-0006-4006-8006-000000000006/resourceGroups/rg-nonprod-006/providers/microsoft.batch/batchaccounts/azure-batch-001,azure-batch-001,microsoft.batch/batchaccounts,rg-nonprod-006,centralus,Review-Utilization,Review utilization,Resource shows optimization opportunity based on current utilization,,,MEDIUM,HIGH,PRICED,FULL,PARTIAL,Metric1,data-ai,reporting,nonprod,CC1001,4355.03,Standard_D4s_v5,4,16.0,,Conservative,True,65,Mock_2vCPU_8GB,2,8.0,73.8,751.14,751.14,Low,RESOLVED
2026-09-10,run-20260910-official-001,FIS-CORP,SUB-CORP-06,/subscriptions/00000006-0006-4006-8006-000000000006/resourceGroups/rg-nonprod-006/providers/microsoft.batch/batchaccounts/azure-batch-001,azure-batch-001,microsoft.batch/batchaccounts,rg-nonprod-006,centralus,Review-Utilization,Review utilization,Resource shows optimization opportunity based on current utilization,,,MEDIUM,HIGH,PRICED,FULL,PARTIAL,Metric1,data-ai,reporting,nonprod,CC1001,4355.03,Standard_D4s_v5,4,16.0,,Moderate,False,72,Mock_2vCPU_8GB,2,8.0,68.0,922.83,0.0,Medium,RESOLVED
2026-09-10,run-20260910-official-001,FIS-CORP,SUB-CORP-06,/subscriptions/00000006-0006-4006-8006-000000000006/resourceGroups/rg-nonprod-006/providers/microsoft.batch/batchaccounts/azure-batch-001,azure-batch-001,microsoft.batch/batchaccounts,rg-nonprod-006,centralus,Review-Utilization,Review utilization,Resource shows optimization opportunity based on current utilization,,,MEDIUM,HIGH,PRICED,FULL,PARTIAL,Metric1,data-ai,reporting,nonprod,CC1001,4355.03,Standard_D4s_v5,4,16.0,,Aggressive,False,80,Mock_1vCPU_4GB,1,4.0,75.9,1158.9,0.0,High,RESOLVED
2026-09-10,run-20260910-official-001,FIS-CORP,SUB-CORP-09,/subscriptions/00000009-0009-4009-8009-000000000009/resourceGroups/rg-prod-009/providers/microsoft.batch/batchaccounts/azure-batch-003,azure-batch-003,microsoft.batch/batchaccounts,rg-prod-009,northeurope,Review-Utilization,Review utilization,Resource shows optimization opportunity based on current utilization,,,HIGH,MEDIUM,PRICED,FULL,PARTIAL,"Metric1,Metric2",cloud-platform,api-hub,prod,CC1001,10054.44,P1v3,2,8.0,,Conservative,True,65,Mock_1vCPU_4GB,1,4.0,60.1,2944.91,2944.91,Low,RESOLVED
2026-09-10,run-20260910-official-001,FIS-CORP,SUB-CORP-09,/subscriptions/00000009-0009-4009-8009-000000000009/resourceGroups/rg-prod-009/providers/microsoft.batch/batchaccounts/azure-batch-003,azure-batch-003,microsoft.batch/batchaccounts,rg-prod-009,northeurope,Review-Utilization,Review utilization,Resource shows optimization opportunity based on current utilization,,,HIGH,MEDIUM,PRICED,FULL,PARTIAL,"Metric1,Metric2",cloud-platform,api-hub,prod,CC1001,10054.44,P1v3,2,8.0,,Moderate,False,72,Mock_1vCPU_4GB,1,4.0,82.9,3618.03,0.0,Medium,RESOLVED
2026-09-10,run-20260910-official-001,FIS-CORP,SUB-CORP-09,/subscriptions/00000009-0009-4009-8009-000000000009/resourceGroups/rg-prod-009/providers/microsoft.batch/batchaccounts/azure-batch-003,azure-batch-003,microsoft.batch/batchaccounts,rg-prod-009,northeurope,Review-Utilization,Review utilization,Resource shows optimization opportunity based on current utilization,,,HIGH,MEDIUM,PRICED,FULL,PARTIAL,"Metric1,Metric2",cloud-platform,api-hub,prod,CC1001,10054.44,P1v3,2,8.0,,Aggressive,False,80,Mock_1vCPU_2GB,1,2.0,85.6,4543.57,0.0,High,RESOLVED
2026-09-10,run-20260910-official-001,FIS-CORP,SUB-CORP-04,/subscriptions/00000004-0004-4004-8004-000000000004/resourceGroups/rg-nonprod-034/providers/microsoft.batch/batchaccounts/azure-batch-005,azure-batch-005,microsoft.batch/batchaccounts,rg-nonprod-034,centralus,Downsize,Downsize resource,Rightsize based on sustained utilization,,,MEDIUM,HIGH,PRICED,FULL,PARTIAL,"Metric1,Metric2,Metric3",security,risk,nonprod,CC1008,7642.73,Standard_D4s_v5,4,16.0,,Conservative,True,65,Mock_2vCPU_8GB,2,8.0,63.5,935.86,935.86,Low,RESOLVED
2026-09-10,run-20260910-official-001,FIS-CORP,SUB-CORP-04,/subscriptions/00000004-0004-4004-8004-000000000004/resourceGroups/rg-nonprod-034/providers/microsoft.batch/batchaccounts/azure-batch-005,azure-batch-005,microsoft.batch/batchaccounts,rg-nonprod-034,centralus,Downsize,Downsize resource,Rightsize based on sustained utilization,,,MEDIUM,HIGH,PRICED,FULL,PARTIAL,"Metric1,Metric2,Metric3",security,risk,nonprod,CC1008,7642.73,Standard_D4s_v5,4,16.0,,Moderate,False,72,Mock_2vCPU_8GB,2,8.0,72.1,1149.77,0.0,Medium,RESOLVED
2026-09-10,run-20260910-official-001,FIS-CORP,SUB-CORP-04,/subscriptions/00000004-0004-4004-8004-000000000004/resourceGroups/rg-nonprod-034/providers/microsoft.batch/batchaccounts/azure-batch-005,azure-batch-005,microsoft.batch/batchaccounts,rg-nonprod-034,centralus,Downsize,Downsize resource,Rightsize based on sustained utilization,,,MEDIUM,HIGH,PRICED,FULL,PARTIAL,"Metric1,Metric2,Metric3",security,risk,nonprod,CC1008,7642.73,Standard_D4s_v5,4,16.0,,Aggressive,False,80,Mock_1vCPU_4GB,1,4.0,77.1,1443.9,0.0,High,RESOLVED
2026-09-10,run-20260910-official-001,FIS-CORP,SUB-CORP-06,/subscriptions/00000006-0006-4006-8006-000000000006/resourceGroups/rg-nonprod-006/providers/microsoft.batch/batchaccounts/azure-batch-007,azure-batch-007,microsoft.batch/batchaccounts,rg-nonprod-006,centralus,Optimize-Tier,Optimize service tier,Move to a lower-cost tier aligned with observed demand,,,MEDIUM,HIGH,PRICED,FULL,PARTIAL,Metric1,data-ai,analytics,nonprod,CC1005,9356.75,P1v3,2,8.0,,Conservative,True,65,Mock_1vCPU_4GB,1,4.0,65.4,1426.47,1426.47,Low,RESOLVED
2026-09-10,run-20260910-official-001,FIS-CORP,SUB-CORP-06,/subscriptions/00000006-0006-4006-8006-000000000006/resourceGroups/rg-nonprod-006/providers/microsoft.batch/batchaccounts/azure-batch-007,azure-batch-007,microsoft.batch/batchaccounts,rg-nonprod-006,centralus,Optimize-Tier,Optimize service tier,Move to a lower-cost tier aligned with observed demand,,,MEDIUM,HIGH,PRICED,FULL,PARTIAL,Metric1,data-ai,analytics,nonprod,CC1005,9356.75,P1v3,2,8.0,,Moderate,False,72,Mock_1vCPU_4GB,1,4.0,76.6,1752.53,0.0,Medium,RESOLVED
2026-09-10,run-20260910-official-001,FIS-CORP,SUB-CORP-06,/subscriptions/00000006-0006-4006-8006-000000000006/resourceGroups/rg-nonprod-006/providers/microsoft.batch/batchaccounts/azure-batch-007,azure-batch-007,microsoft.batch/batchaccounts,rg-nonprod-006,centralus,Optimize-Tier,Optimize service tier,Move to a lower-cost tier aligned with observed demand,,,MEDIUM,HIGH,PRICED,FULL,PARTIAL,Metric1,data-ai,analytics,nonprod,CC1005,9356.75,P1v3,2,8.0,,Aggressive,False,80,Mock_1vCPU_2GB,1,2.0,84.7,2200.85,0.0,High,RESOLVED
2026-09-10,run-20260910-official-001,FIS-CORP,SUB-CORP-08,/subscriptions/00000008-0008-4008-8008-000000000008/resourceGroups/rg-qa-008/providers/microsoft.batch/batchaccounts/azure-batch-013,azure-batch-013,microsoft.batch/batchaccounts,rg-qa-008,centralus,Optimize-Tier,Optimize service tier,Move to a lower-cost tier aligned with observed demand,,,HIGH,LOW,PRICED,FULL,COMPLETE,,payments,identity,qa,CC1003,15655.67,P1v3,2,8.0,,Conservative,True,65,Mock_1vCPU_4GB,1,4.0,71.8,4792.65,4792.65,Low,RESOLVED
2026-09-10,run-20260910-official-001,FIS-CORP,SUB-CORP-08,/subscriptions/00000008-0008-4008-8008-000000000008/resourceGroups/rg-qa-008/providers/microsoft.batch/batchaccounts/azure-batch-013,azure-batch-013,microsoft.batch/batchaccounts,rg-qa-008,centralus,Optimize-Tier,Optimize service tier,Move to a lower-cost tier aligned with observed demand,,,HIGH,LOW,PRICED,FULL,COMPLETE,,payments,identity,qa,CC1003,15655.67,P1v3,2,8.0,,Moderate,False,72,Mock_1vCPU_4GB,1,4.0,75.4,5888.12,0.0,Medium,RESOLVED
2026-09-10,run-20260910-official-001,FIS-CORP,SUB-CORP-08,/subscriptions/00000008-0008-4008-8008-000000000008/resourceGroups/rg-qa-008/providers/microsoft.batch/batchaccounts/azure-batch-013,azure-batch-013,microsoft.batch/batchaccounts,rg-qa-008,centralus,Optimize-Tier,Optimize service tier,Move to a lower-cost tier aligned with observed demand,,,HIGH,LOW,PRICED,FULL,COMPLETE,,payments,identity,qa,CC1003,15655.67,P1v3,2,8.0,,Aggressive,False,80,Mock_1vCPU_2GB,1,2.0,79.2,7394.38,0.0,High,RESOLVED
2026-09-10,run-20260910-official-001,FIS-INTERNATIONAL,SUB-INTERNATIONAL-04,/subscriptions/00000024-0024-4024-8024-000000000024/resourceGroups/rg-qa-024/providers/microsoft.batch/batchaccounts/azure-batch-014,azure-batch-014,microsoft.batch/batchaccounts,rg-qa-024,brazilsouth,Review-Utilization,Review utilization,Resource shows optimization opportunity based on current utilization,,,LOW,MEDIUM,PRICED,FULL,COMPLETE,,core-banking,payments,qa,CC1004,2081.53,Standard_D4s_v5,4,16.0,,Conservative,True,65,Mock_2vCPU_8GB,2,8.0,61.3,491.55,491.55,Low,RESOLVED
2026-09-10,run-20260910-official-001,FIS-INTERNATIONAL,SUB-INTERNATIONAL-04,/subscriptions/00000024-0024-4024-8024-000000000024/resourceGroups/rg-qa-024/providers/microsoft.batch/batchaccounts/azure-batch-014,azure-batch-014,microsoft.batch/batchaccounts,rg-qa-024,brazilsouth,Review-Utilization,Review utilization,Resource shows optimization opportunity based on current utilization,,,LOW,MEDIUM,PRICED,FULL,COMPLETE,,core-banking,payments,qa,CC1004,2081.53,Standard_D4s_v5,4,16.0,,Moderate,False,72,Mock_2vCPU_8GB,2,8.0,65.1,603.9,0.0,Medium,RESOLVED
2026-09-10,run-20260910-official-001,FIS-INTERNATIONAL,SUB-INTERNATIONAL-04,/subscriptions/00000024-0024-4024-8024-000000000024/resourceGroups/rg-qa-024/providers/microsoft.batch/batchaccounts/azure-batch-014,azure-batch-014,microsoft.batch/batchaccounts,rg-qa-024,brazilsouth,Review-Utilization,Review utilization,Resource shows optimization opportunity based on current utilization,,,LOW,MEDIUM,PRICED,FULL,COMPLETE,,core-banking,payments,qa,CC1004,2081.53,Standard_D4s_v5,4,16.0,,Aggressive,False,80,Mock_1vCPU_4GB,1,4.0,74.0,758.39,0.0,High,RESOLVED
2026-09-10,run-20260910-official-001,FIS-DIGITAL,SUB-DIGITAL-01,/subscriptions/00000011-0011-4011-8011-000000000011/resourceGroups/rg-dev-011/providers/microsoft.batch/batchaccounts/azure-batch-015,azure-batch-015,microsoft.batch/batchaccounts,rg-dev-011,eastus,Downsize,Downsize resource,Rightsize based on sustained utilization,,,MEDIUM,HIGH,PRICED,FULL,PARTIAL,"Metric1,Metric2",cloud-platform,identity,dev,CC1005,4331.43,S3,4,7.0,,Conservative,True,65,Mock_2vCPU_3GB,2,3.5,75.0,1077.4,1077.4,Low,RESOLVED
2026-09-10,run-20260910-official-001,FIS-DIGITAL,SUB-DIGITAL-01,/subscriptions/00000011-0011-4011-8011-000000000011/resourceGroups/rg-dev-011/providers/microsoft.batch/batchaccounts/azure-batch-015,azure-batch-015,microsoft.batch/batchaccounts,rg-dev-011,eastus,Downsize,Downsize resource,Rightsize based on sustained utilization,,,MEDIUM,HIGH,PRICED,FULL,PARTIAL,"Metric1,Metric2",cloud-platform,identity,dev,CC1005,4331.43,S3,4,7.0,,Moderate,False,72,Mock_2vCPU_3GB,2,3.5,66.0,1323.67,0.0,Medium,RESOLVED
2026-09-10,run-20260910-official-001,FIS-DIGITAL,SUB-DIGITAL-01,/subscriptions/00000011-0011-4011-8011-000000000011/resourceGroups/rg-dev-011/providers/microsoft.batch/batchaccounts/azure-batch-015,azure-batch-015,microsoft.batch/batchaccounts,rg-dev-011,eastus,Downsize,Downsize resource,Rightsize based on sustained utilization,,,MEDIUM,HIGH,PRICED,FULL,PARTIAL,"Metric1,Metric2",cloud-platform,identity,dev,CC1005,4331.43,S3,4,7.0,,Aggressive,False,80,Mock_1vCPU_1GB,1,1.8,80.5,1662.28,0.0,High,RESOLVED
2026-09-10,run-20260910-official-001,FIS-DIGITAL,SUB-DIGITAL-05,/subscriptions/00000015-0015-4015-8015-000000000015/resourceGroups/rg-prod-045/providers/microsoft.batch/batchaccounts/azure-batch-017,azure-batch-017,microsoft.batch/batchaccounts,rg-prod-045,westeurope,Downsize,Downsize resource,Rightsize based on sustained utilization,,,HIGH,MEDIUM,HEURISTIC,FULL,PARTIAL,Metric1,security,payments,prod,CC1011,15265.54,GP_Gen5_4,4,20.0,,Conservative,True,65,Mock_2vCPU_10GB,2,10.0,69.3,2582.6,2582.6,Low,RESOLVED
2026-09-10,run-20260910-official-001,FIS-DIGITAL,SUB-DIGITAL-05,/subscriptions/00000015-0015-4015-8015-000000000015/resourceGroups/rg-prod-045/providers/microsoft.batch/batchaccounts/azure-batch-017,azure-batch-017,microsoft.batch/batchaccounts,rg-prod-045,westeurope,Downsize,Downsize resource,Rightsize based on sustained utilization,,,HIGH,MEDIUM,HEURISTIC,FULL,PARTIAL,Metric1,security,payments,prod,CC1011,15265.54,GP_Gen5_4,4,20.0,,Moderate,False,72,Mock_2vCPU_10GB,2,10.0,69.5,3172.91,0.0,Medium,RESOLVED
2026-09-10,run-20260910-official-001,FIS-DIGITAL,SUB-DIGITAL-05,/subscriptions/00000015-0015-4015-8015-000000000015/resourceGroups/rg-prod-045/providers/microsoft.batch/batchaccounts/azure-batch-017,azure-batch-017,microsoft.batch/batchaccounts,rg-prod-045,westeurope,Downsize,Downsize resource,Rightsize based on sustained utilization,,,HIGH,MEDIUM,HEURISTIC,FULL,PARTIAL,Metric1,security,payments,prod,CC1011,15265.54,GP_Gen5_4,4,20.0,,Aggressive,False,80,Mock_1vCPU_5GB,1,5.0,73.3,3984.58,0.0,High,RESOLVED
2026-09-10,run-20260910-official-001,FIS-DIGITAL,SUB-DIGITAL-04,/subscriptions/00000014-0014-4014-8014-000000000014/resourceGroups/rg-nonprod-014/providers/microsoft.batch/batchaccounts/azure-batch-018,azure-batch-018,microsoft.batch/batchaccounts,rg-nonprod-014,westeurope,Review-Utilization,Review utilization,Resource shows optimization opportunity based on current utilization,,,LOW,HIGH,PRICED,FULL,PARTIAL,"Metric1,Metric2",core-banking,customer360,nonprod,CC1008,3071.22,S3,4,7.0,,Conservative,True,65,Mock_2vCPU_3GB,2,3.5,59.2,349.66,349.66,Low,RESOLVED
2026-09-10,run-20260910-official-001,FIS-DIGITAL,SUB-DIGITAL-04,/subscriptions/00000014-0014-4014-8014-000000000014/resourceGroups/rg-nonprod-014/providers/microsoft.batch/batchaccounts/azure-batch-018,azure-batch-018,microsoft.batch/batchaccounts,rg-nonprod-014,westeurope,Review-Utilization,Review utilization,Resource shows optimization opportunity based on current utilization,,,LOW,HIGH,PRICED,FULL,PARTIAL,"Metric1,Metric2",core-banking,customer360,nonprod,CC1008,3071.22,S3,4,7.0,,Moderate,False,72,Mock_2vCPU_3GB,2,3.5,66.2,429.59,0.0,Medium,RESOLVED
2026-09-10,run-20260910-official-001,FIS-DIGITAL,SUB-DIGITAL-04,/subscriptions/00000014-0014-4014-8014-000000000014/resourceGroups/rg-nonprod-014/providers/microsoft.batch/batchaccounts/azure-batch-018,azure-batch-018,microsoft.batch/batchaccounts,rg-nonprod-014,westeurope,Review-Utilization,Review utilization,Resource shows optimization opportunity based on current utilization,,,LOW,HIGH,PRICED,FULL,PARTIAL,"Metric1,Metric2",core-banking,customer360,nonprod,CC1008,3071.22,S3,4,7.0,,Aggressive,False,80,Mock_1vCPU_1GB,1,1.8,81.2,539.48,0.0,High,RESOLVED
2026-09-10,run-20260910-official-001,FIS-INTERNATIONAL,SUB-INTERNATIONAL-10,/subscriptions/00000030-0030-4030-8030-000000000030/resourceGroups/rg-nonprod-030/providers/microsoft.batch/batchaccounts/azure-batch-020,azure-batch-020,microsoft.batch/batchaccounts,rg-nonprod-030,eastus,Optimize-Tier,Optimize service tier,Move to a lower-cost tier aligned with observed demand,,,MEDIUM,HIGH,PRICED,FULL,COMPLETE,,core-banking,analytics,nonprod,CC1006,8376.94,Standard_D8s_v5,8,32.0,,Conservative,True,65,Mock_4vCPU_16GB,4,16.0,64.8,1249.82,1249.82,Low,RESOLVED
2026-09-10,run-20260910-official-001,FIS-INTERNATIONAL,SUB-INTERNATIONAL-10,/subscriptions/00000030-0030-4030-8030-000000000030/resourceGroups/rg-nonprod-030/providers/microsoft.batch/batchaccounts/azure-batch-020,azure-batch-020,microsoft.batch/batchaccounts,rg-nonprod-030,eastus,Optimize-Tier,Optimize service tier,Move to a lower-cost tier aligned with observed demand,,,MEDIUM,HIGH,PRICED,FULL,COMPLETE,,core-banking,analytics,nonprod,CC1006,8376.94,Standard_D8s_v5,8,32.0,,Moderate,False,72,Mock_4vCPU_16GB,4,16.0,79.6,1535.49,0.0,Medium,RESOLVED
2026-09-10,run-20260910-official-001,FIS-INTERNATIONAL,SUB-INTERNATIONAL-10,/subscriptions/00000030-0030-4030-8030-000000000030/resourceGroups/rg-nonprod-030/providers/microsoft.batch/batchaccounts/azure-batch-020,azure-batch-020,microsoft.batch/batchaccounts,rg-nonprod-030,eastus,Optimize-Tier,Optimize service tier,Move to a lower-cost tier aligned with observed demand,,,MEDIUM,HIGH,PRICED,FULL,COMPLETE,,core-banking,analytics,nonprod,CC1006,8376.94,Standard_D8s_v5,8,32.0,,Aggressive,False,80,Mock_2vCPU_8GB,2,8.0,80.6,1928.29,0.0,High,RESOLVED
2026-09-10,run-20260910-official-001,FIS-INTERNATIONAL,SUB-INTERNATIONAL-02,/subscriptions/00000022-0022-4022-8022-000000000022/resourceGroups/rg-nonprod-022/providers/microsoft.batch/batchaccounts/azure-batch-021,azure-batch-021,microsoft.batch/batchaccounts,rg-nonprod-022,brazilsouth,Optimize-Tier,Optimize service tier,Move to a lower-cost tier aligned with observed demand,,,MEDIUM,HIGH,HEURISTIC,FULL,PARTIAL,Metric1,core-banking,api-hub,nonprod,CC1001,5789.72,Standard_D4s_v5,4,16.0,,Conservative,True,65,Mock_2vCPU_8GB,2,8.0,71.6,1461.08,1461.08,Low,RESOLVED
2026-09-10,run-20260910-official-001,FIS-INTERNATIONAL,SUB-INTERNATIONAL-02,/subscriptions/00000022-0022-4022-8022-000000000022/resourceGroups/rg-nonprod-022/providers/microsoft.batch/batchaccounts/azure-batch-021,azure-batch-021,microsoft.batch/batchaccounts,rg-nonprod-022,brazilsouth,Optimize-Tier,Optimize service tier,Move to a lower-cost tier aligned with observed demand,,,MEDIUM,HIGH,HEURISTIC,FULL,PARTIAL,Metric1,core-banking,api-hub,nonprod,CC1001,5789.72,Standard_D4s_v5,4,16.0,,Moderate,False,72,Mock_2vCPU_8GB,2,8.0,65.3,1795.04,0.0,Medium,RESOLVED
2026-09-10,run-20260910-official-001,FIS-INTERNATIONAL,SUB-INTERNATIONAL-02,/subscriptions/00000022-0022-4022-8022-000000000022/resourceGroups/rg-nonprod-022/providers/microsoft.batch/batchaccounts/azure-batch-021,azure-batch-021,microsoft.batch/batchaccounts,rg-nonprod-022,brazilsouth,Optimize-Tier,Optimize service tier,Move to a lower-cost tier aligned with observed demand,,,MEDIUM,HIGH,HEURISTIC,FULL,PARTIAL,Metric1,core-banking,api-hub,nonprod,CC1001,5789.72,Standard_D4s_v5,4,16.0,,Aggressive,False,80,Mock_1vCPU_4GB,1,4.0,74.9,2254.24,0.0,High,RESOLVED
2026-09-10,run-20260910-official-001,FIS-DIGITAL,SUB-DIGITAL-01,/subscriptions/00000011-0011-4011-8011-000000000011/resourceGroups/rg-dev-011/providers/microsoft.batch/batchaccounts/azure-batch-022,azure-batch-022,microsoft.batch/batchaccounts,rg-dev-011,northeurope,Optimize-Tier,Optimize service tier,Move to a lower-cost tier aligned with observed demand,,,HIGH,MEDIUM,PRICED,FULL,PARTIAL,"Metric1,Metric2",security,analytics,dev,CC1006,13632.56,GP_Gen5_4,4,20.0,,Conservative,True,65,Mock_2vCPU_10GB,2,10.0,67.6,2485.72,2485.72,Low,RESOLVED
2026-09-10,run-20260910-official-001,FIS-DIGITAL,SUB-DIGITAL-01,/subscriptions/00000011-0011-4011-8011-000000000011/resourceGroups/rg-dev-011/providers/microsoft.batch/batchaccounts/azure-batch-022,azure-batch-022,microsoft.batch/batchaccounts,rg-dev-011,northeurope,Optimize-Tier,Optimize service tier,Move to a lower-cost tier aligned with observed demand,,,HIGH,MEDIUM,PRICED,FULL,PARTIAL,"Metric1,Metric2",security,analytics,dev,CC1006,13632.56,GP_Gen5_4,4,20.0,,Moderate,False,72,Mock_2vCPU_10GB,2,10.0,75.2,3053.89,0.0,Medium,RESOLVED
2026-09-10,run-20260910-official-001,FIS-DIGITAL,SUB-DIGITAL-01,/subscriptions/00000011-0011-4011-8011-000000000011/resourceGroups/rg-dev-011/providers/microsoft.batch/batchaccounts/azure-batch-022,azure-batch-022,microsoft.batch/batchaccounts,rg-dev-011,northeurope,Optimize-Tier,Optimize service tier,Move to a lower-cost tier aligned with observed demand,,,HIGH,MEDIUM,PRICED,FULL,PARTIAL,"Metric1,Metric2",security,analytics,dev,CC1006,13632.56,GP_Gen5_4,4,20.0,,Aggressive,False,80,Mock_1vCPU_5GB,1,5.0,91.7,3835.11,0.0,High,RESOLVED
2026-09-10,run-20260910-official-001,FIS-INTERNATIONAL,SUB-INTERNATIONAL-03,/subscriptions/00000023-0023-4023-8023-000000000023/resourceGroups/rg-dev-023/providers/microsoft.batch/batchaccounts/azure-batch-023,azure-batch-023,microsoft.batch/batchaccounts,rg-dev-023,brazilsouth,Optimize-Tier,Optimize service tier,Move to a lower-cost tier aligned with observed demand,,,MEDIUM,MEDIUM,PRICED,FULL,PARTIAL,"Metric1,Metric2,Metric3",security,identity,dev,CC1002,10629.65,Standard_D2s_v5,2,8.0,,Conservative,True,65,Mock_1vCPU_4GB,1,4.0,60.8,1171.76,1171.76,Low,RESOLVED
2026-09-10,run-20260910-official-001,FIS-INTERNATIONAL,SUB-INTERNATIONAL-03,/subscriptions/00000023-0023-4023-8023-000000000023/resourceGroups/rg-dev-023/providers/microsoft.batch/batchaccounts/azure-batch-023,azure-batch-023,microsoft.batch/batchaccounts,rg-dev-023,brazilsouth,Optimize-Tier,Optimize service tier,Move to a lower-cost tier aligned with observed demand,,,MEDIUM,MEDIUM,PRICED,FULL,PARTIAL,"Metric1,Metric2,Metric3",security,identity,dev,CC1002,10629.65,Standard_D2s_v5,2,8.0,,Moderate,False,72,Mock_1vCPU_4GB,1,4.0,83.1,1439.59,0.0,Medium,RESOLVED
2026-09-10,run-20260910-official-001,FIS-INTERNATIONAL,SUB-INTERNATIONAL-03,/subscriptions/00000023-0023-4023-8023-000000000023/resourceGroups/rg-dev-023/providers/microsoft.batch/batchaccounts/azure-batch-023,azure-batch-023,microsoft.batch/batchaccounts,rg-dev-023,brazilsouth,Optimize-Tier,Optimize service tier,Move to a lower-cost tier aligned with observed demand,,,MEDIUM,MEDIUM,PRICED,FULL,PARTIAL,"Metric1,Metric2,Metric3",security,identity,dev,CC1002,10629.65,Standard_D2s_v5,2,8.0,,Aggressive,False,80,Mock_1vCPU_2GB,1,2.0,81.9,1807.86,0.0,High,RESOLVED
2026-09-10,run-20260910-official-001,FIS-DIGITAL,SUB-DIGITAL-10,/subscriptions/00000020-0020-4020-8020-000000000020/resourceGroups/rg-qa-020/providers/microsoft.batch/batchaccounts/azure-batch-025,azure-batch-025,microsoft.batch/batchaccounts,rg-qa-020,brazilsouth,Optimize-Tier,Optimize service tier,Move to a lower-cost tier aligned with observed demand,,,MEDIUM,MEDIUM,HEURISTIC,FULL,PARTIAL,"Metric1,Metric2",cloud-platform,customer360,qa,CC1010,4826.6,S3,4,7.0,,Conservative,True,65,Mock_2vCPU_3GB,2,3.5,65.4,1535.2,1535.2,Low,RESOLVED
2026-09-10,run-20260910-official-001,FIS-DIGITAL,SUB-DIGITAL-10,/subscriptions/00000020-0020-4020-8020-000000000020/resourceGroups/rg-qa-020/providers/microsoft.batch/batchaccounts/azure-batch-025,azure-batch-025,microsoft.batch/batchaccounts,rg-qa-020,brazilsouth,Optimize-Tier,Optimize service tier,Move to a lower-cost tier aligned with observed demand,,,MEDIUM,MEDIUM,HEURISTIC,FULL,PARTIAL,"Metric1,Metric2",cloud-platform,customer360,qa,CC1010,4826.6,S3,4,7.0,,Moderate,False,72,Mock_2vCPU_3GB,2,3.5,67.0,1886.11,0.0,Medium,RESOLVED
2026-09-10,run-20260910-official-001,FIS-DIGITAL,SUB-DIGITAL-10,/subscriptions/00000020-0020-4020-8020-000000000020/resourceGroups/rg-qa-020/providers/microsoft.batch/batchaccounts/azure-batch-025,azure-batch-025,microsoft.batch/batchaccounts,rg-qa-020,brazilsouth,Optimize-Tier,Optimize service tier,Move to a lower-cost tier aligned with observed demand,,,MEDIUM,MEDIUM,HEURISTIC,FULL,PARTIAL,"Metric1,Metric2",cloud-platform,customer360,qa,CC1010,4826.6,S3,4,7.0,,Aggressive,False,80,Mock_1vCPU_1GB,1,1.8,85.9,2368.6,0.0,High,RESOLVED
2026-09-10,run-20260910-official-001,FIS-DIGITAL,SUB-DIGITAL-03,/subscriptions/00000013-0013-4013-8013-000000000013/resourceGroups/rg-prod-013/providers/microsoft.batch/batchaccounts/azure-batch-027,azure-batch-027,microsoft.batch/batchaccounts,rg-prod-013,brazilsouth,Review-Utilization,Review utilization,Resource shows optimization opportunity based on current utilization,,,HIGH,LOW,PRICED,FULL,COMPLETE,,security,risk,prod,CC1012,16431.35,GP_Gen5_8,8,40.0,,Conservative,True,65,Mock_4vCPU_20GB,4,20.0,64.3,3440.86,3440.86,Low,RESOLVED
2026-09-10,run-20260910-official-001,FIS-DIGITAL,SUB-DIGITAL-03,/subscriptions/00000013-0013-4013-8013-000000000013/resourceGroups/rg-prod-013/providers/microsoft.batch/batchaccounts/azure-batch-027,azure-batch-027,microsoft.batch/batchaccounts,rg-prod-013,brazilsouth,Review-Utilization,Review utilization,Resource shows optimization opportunity based on current utilization,,,HIGH,LOW,PRICED,FULL,COMPLETE,,security,risk,prod,CC1012,16431.35,GP_Gen5_8,8,40.0,,Moderate,False,72,Mock_4vCPU_20GB,4,20.0,68.4,4227.35,0.0,Medium,RESOLVED
2026-09-10,run-20260910-official-001,FIS-DIGITAL,SUB-DIGITAL-03,/subscriptions/00000013-0013-4013-8013-000000000013/resourceGroups/rg-prod-013/providers/microsoft.batch/batchaccounts/azure-batch-027,azure-batch-027,microsoft.batch/batchaccounts,rg-prod-013,brazilsouth,Review-Utilization,Review utilization,Resource shows optimization opportunity based on current utilization,,,HIGH,LOW,PRICED,FULL,COMPLETE,,security,risk,prod,CC1012,16431.35,GP_Gen5_8,8,40.0,,Aggressive,False,80,Mock_2vCPU_10GB,2,10.0,79.1,5308.76,0.0,High,RESOLVED
2026-09-10,run-20260910-official-001,FIS-CORP,SUB-CORP-08,/subscriptions/00000008-0008-4008-8008-000000000008/resourceGroups/rg-qa-008/providers/microsoft.apimanagement/service/api-management-001,api-management-001,microsoft.apimanagement/service,rg-qa-008,northeurope,Downsize,Downsize resource,Rightsize based on sustained utilization,,,HIGH,MEDIUM,PRICED,FULL,PARTIAL,Metric1,cloud-platform,reporting,qa,CC1009,10251.45,GP_Gen5_4,4,20.0,,Conservative,True,65,Mock_2vCPU_10GB,2,10.0,76.3,3020.4,3020.4,Low,RESOLVED
2026-09-10,run-20260910-official-001,FIS-CORP,SUB-CORP-08,/subscriptions/00000008-0008-4008-8008-000000000008/resourceGroups/rg-qa-008/providers/microsoft.apimanagement/service/api-management-001,api-management-001,microsoft.apimanagement/service,rg-qa-008,northeurope,Downsize,Downsize resource,Rightsize based on sustained utilization,,,HIGH,MEDIUM,PRICED,FULL,PARTIAL,Metric1,cloud-platform,reporting,qa,CC1009,10251.45,GP_Gen5_4,4,20.0,,Moderate,False,72,Mock_2vCPU_10GB,2,10.0,65.6,3710.78,0.0,Medium,RESOLVED
2026-09-10,run-20260910-official-001,FIS-CORP,SUB-CORP-08,/subscriptions/00000008-0008-4008-8008-000000000008/resourceGroups/rg-qa-008/providers/microsoft.apimanagement/service/api-management-001,api-management-001,microsoft.apimanagement/service,rg-qa-008,northeurope,Downsize,Downsize resource,Rightsize based on sustained utilization,,,HIGH,MEDIUM,PRICED,FULL,PARTIAL,Metric1,cloud-platform,reporting,qa,CC1009,10251.45,GP_Gen5_4,4,20.0,,Aggressive,False,80,Mock_1vCPU_5GB,1,5.0,74.8,4660.05,0.0,High,RESOLVED
2026-09-10,run-20260910-official-001,FIS-DIGITAL,SUB-DIGITAL-07,/subscriptions/00000017-0017-4017-8017-000000000017/resourceGroups/rg-prod-017/providers/microsoft.apimanagement/service/api-management-002,api-management-002,microsoft.apimanagement/service,rg-prod-017,westeurope,Optimize-Tier,Optimize service tier,Move to a lower-cost tier aligned with observed demand,,,HIGH,MEDIUM,PRICED,FULL,PARTIAL,Metric1,cloud-platform,api-hub,prod,CC1010,14390.73,Standard_D4s_v5,4,16.0,,Conservative,True,65,Mock_2vCPU_8GB,2,8.0,68.8,2101.99,2101.99,Low,RESOLVED
2026-09-10,run-20260910-official-001,FIS-DIGITAL,SUB-DIGITAL-07,/subscriptions/00000017-0017-4017-8017-000000000017/resourceGroups/rg-prod-017/providers/microsoft.apimanagement/service/api-management-002,api-management-002,microsoft.apimanagement/service,rg-prod-017,westeurope,Optimize-Tier,Optimize service tier,Move to a lower-cost tier aligned with observed demand,,,HIGH,MEDIUM,PRICED,FULL,PARTIAL,Metric1,cloud-platform,api-hub,prod,CC1010,14390.73,Standard_D4s_v5,4,16.0,,Moderate,False,72,Mock_2vCPU_8GB,2,8.0,67.0,2582.45,0.0,Medium,RESOLVED
2026-09-10,run-20260910-official-001,FIS-DIGITAL,SUB-DIGITAL-07,/subscriptions/00000017-0017-4017-8017-000000000017/resourceGroups/rg-prod-017/providers/microsoft.apimanagement/service/api-management-002,api-management-002,microsoft.apimanagement/service,rg-prod-017,westeurope,Optimize-Tier,Optimize service tier,Move to a lower-cost tier aligned with observed demand,,,HIGH,MEDIUM,PRICED,FULL,PARTIAL,Metric1,cloud-platform,api-hub,prod,CC1010,14390.73,Standard_D4s_v5,4,16.0,,Aggressive,False,80,Mock_1vCPU_4GB,1,4.0,74.9,3243.08,0.0,High,RESOLVED
2026-09-10,run-20260910-official-001,FIS-CORP,SUB-CORP-02,/subscriptions/00000002-0002-4002-8002-000000000002/resourceGroups/rg-qa-032/providers/microsoft.apimanagement/service/api-management-003,api-management-003,microsoft.apimanagement/service,rg-qa-032,eastus2,Optimize-Tier,Optimize service tier,Move to a lower-cost tier aligned with observed demand,,,LOW,LOW,HEURISTIC,FULL,COMPLETE,,payments,api-hub,qa,CC1010,1319.7,GP_Gen5_8,8,40.0,,Conservative,True,65,Mock_4vCPU_20GB,4,20.0,62.6,370.5,370.5,Low,RESOLVED
2026-09-10,run-20260910-official-001,FIS-CORP,SUB-CORP-02,/subscriptions/00000002-0002-4002-8002-000000000002/resourceGroups/rg-qa-032/providers/microsoft.apimanagement/service/api-management-003,api-management-003,microsoft.apimanagement/service,rg-qa-032,eastus2,Optimize-Tier,Optimize service tier,Move to a lower-cost tier aligned with observed demand,,,LOW,LOW,HEURISTIC,FULL,COMPLETE,,payments,api-hub,qa,CC1010,1319.7,GP_Gen5_8,8,40.0,,Moderate,False,72,Mock_4vCPU_20GB,4,20.0,75.8,455.19,0.0,Medium,RESOLVED
2026-09-10,run-20260910-official-001,FIS-CORP,SUB-CORP-02,/subscriptions/00000002-0002-4002-8002-000000000002/resourceGroups/rg-qa-032/providers/microsoft.apimanagement/service/api-management-003,api-management-003,microsoft.apimanagement/service,rg-qa-032,eastus2,Optimize-Tier,Optimize service tier,Move to a lower-cost tier aligned with observed demand,,,LOW,LOW,HEURISTIC,FULL,COMPLETE,,payments,api-hub,qa,CC1010,1319.7,GP_Gen5_8,8,40.0,,Aggressive,False,80,Mock_2vCPU_10GB,2,10.0,88.1,571.63,0.0,High,RESOLVED
2026-09-10,run-20260910-official-001,FIS-INTERNATIONAL,SUB-INTERNATIONAL-03,/subscriptions/00000023-0023-4023-8023-000000000023/resourceGroups/rg-dev-023/providers/microsoft.apimanagement/service/api-management-005,api-management-005,microsoft.apimanagement/service,rg-dev-023,centralus,Review-Utilization,Review utilization,Resource shows optimization opportunity based on current utilization,,,LOW,MEDIUM,HEURISTIC,FULL,COMPLETE,,core-banking,payments,dev,CC1001,3032.11,Standard_D4s_v5,4,16.0,,Conservative,True,65,Mock_2vCPU_8GB,2,8.0,71.0,411.89,411.89,Low,RESOLVED
2026-09-10,run-20260910-official-001,FIS-INTERNATIONAL,SUB-INTERNATIONAL-03,/subscriptions/00000023-0023-4023-8023-000000000023/resourceGroups/rg-dev-023/providers/microsoft.apimanagement/service/api-management-005,api-management-005,microsoft.apimanagement/service,rg-dev-023,centralus,Review-Utilization,Review utilization,Resource shows optimization opportunity based on current utilization,,,LOW,MEDIUM,HEURISTIC,FULL,COMPLETE,,core-banking,payments,dev,CC1001,3032.11,Standard_D4s_v5,4,16.0,,Moderate,False,72,Mock_2vCPU_8GB,2,8.0,82.2,506.04,0.0,Medium,RESOLVED
2026-09-10,run-20260910-official-001,FIS-INTERNATIONAL,SUB-INTERNATIONAL-03,/subscriptions/00000023-0023-4023-8023-000000000023/resourceGroups/rg-dev-023/providers/microsoft.apimanagement/service/api-management-005,api-management-005,microsoft.apimanagement/service,rg-dev-023,centralus,Review-Utilization,Review utilization,Resource shows optimization opportunity based on current utilization,,,LOW,MEDIUM,HEURISTIC,FULL,COMPLETE,,core-banking,payments,dev,CC1001,3032.11,Standard_D4s_v5,4,16.0,,Aggressive,False,80,Mock_1vCPU_4GB,1,4.0,87.6,635.49,0.0,High,RESOLVED
2026-09-10,run-20260910-official-001,FIS-CORP,SUB-CORP-06,/subscriptions/00000006-0006-4006-8006-000000000006/resourceGroups/rg-nonprod-006/providers/microsoft.apimanagement/service/api-management-007,api-management-007,microsoft.apimanagement/service,rg-nonprod-006,northeurope,Review-Utilization,Review utilization,Resource shows optimization opportunity based on current utilization,,,HIGH,MEDIUM,PRICED,FULL,COMPLETE,,integration,customer360,nonprod,CC1011,9352.67,Standard_D8s_v5,8,32.0,,Conservative,True,65,Mock_4vCPU_16GB,4,16.0,66.1,2225.73,2225.73,Low,RESOLVED
2026-09-10,run-20260910-official-001,FIS-CORP,SUB-CORP-06,/subscriptions/00000006-0006-4006-8006-000000000006/resourceGroups/rg-nonprod-006/providers/microsoft.apimanagement/service/api-management-007,api-management-007,microsoft.apimanagement/service,rg-nonprod-006,northeurope,Review-Utilization,Review utilization,Resource shows optimization opportunity based on current utilization,,,HIGH,MEDIUM,PRICED,FULL,COMPLETE,,integration,customer360,nonprod,CC1011,9352.67,Standard_D8s_v5,8,32.0,,Moderate,False,72,Mock_4vCPU_16GB,4,16.0,79.4,2734.47,0.0,Medium,RESOLVED
2026-09-10,run-20260910-official-001,FIS-CORP,SUB-CORP-06,/subscriptions/00000006-0006-4006-8006-000000000006/resourceGroups/rg-nonprod-006/providers/microsoft.apimanagement/service/api-management-007,api-management-007,microsoft.apimanagement/service,rg-nonprod-006,northeurope,Review-Utilization,Review utilization,Resource shows optimization opportunity based on current utilization,,,HIGH,MEDIUM,PRICED,FULL,COMPLETE,,integration,customer360,nonprod,CC1011,9352.67,Standard_D8s_v5,8,32.0,,Aggressive,False,80,Mock_2vCPU_8GB,2,8.0,83.5,3433.99,0.0,High,RESOLVED
2026-09-10,run-20260910-official-001,FIS-DIGITAL,SUB-DIGITAL-10,/subscriptions/00000020-0020-4020-8020-000000000020/resourceGroups/rg-nonprod-050/providers/microsoft.apimanagement/service/api-management-010,api-management-010,microsoft.apimanagement/service,rg-nonprod-050,northeurope,Downsize,Downsize resource,Rightsize based on sustained utilization,,,MEDIUM,HIGH,PRICED,FULL,PARTIAL,"Metric1,Metric2",cloud-platform,identity,nonprod,CC1007,12798.02,GP_Gen5_8,8,40.0,,Conservative,True,65,Mock_4vCPU_20GB,4,20.0,70.3,1633.97,1633.97,Low,RESOLVED
2026-09-10,run-20260910-official-001,FIS-DIGITAL,SUB-DIGITAL-10,/subscriptions/00000020-0020-4020-8020-000000000020/resourceGroups/rg-nonprod-050/providers/microsoft.apimanagement/service/api-management-010,api-management-010,microsoft.apimanagement/service,rg-nonprod-050,northeurope,Downsize,Downsize resource,Rightsize based on sustained utilization,,,MEDIUM,HIGH,PRICED,FULL,PARTIAL,"Metric1,Metric2",cloud-platform,identity,nonprod,CC1007,12798.02,GP_Gen5_8,8,40.0,,Moderate,False,72,Mock_4vCPU_20GB,4,20.0,71.8,2007.45,0.0,Medium,RESOLVED
2026-09-10,run-20260910-official-001,FIS-DIGITAL,SUB-DIGITAL-10,/subscriptions/00000020-0020-4020-8020-000000000020/resourceGroups/rg-nonprod-050/providers/microsoft.apimanagement/service/api-management-010,api-management-010,microsoft.apimanagement/service,rg-nonprod-050,northeurope,Downsize,Downsize resource,Rightsize based on sustained utilization,,,MEDIUM,HIGH,PRICED,FULL,PARTIAL,"Metric1,Metric2",cloud-platform,identity,nonprod,CC1007,12798.02,GP_Gen5_8,8,40.0,,Aggressive,False,80,Mock_2vCPU_10GB,2,10.0,89.9,2520.99,0.0,High,RESOLVED
2026-09-10,run-20260910-official-001,FIS-INTERNATIONAL,SUB-INTERNATIONAL-02,/subscriptions/00000022-0022-4022-8022-000000000022/resourceGroups/rg-nonprod-022/providers/microsoft.apimanagement/service/api-management-012,api-management-012,microsoft.apimanagement/service,rg-nonprod-022,eastus,Downsize,Downsize resource,Rightsize based on sustained utilization,,,MEDIUM,MEDIUM,PRICED,FULL,PARTIAL,"Metric1,Metric2,Metric3,Metric4,Metric5",core-banking,analytics,nonprod,CC1004,13210.5,Standard_D4s_v5,4,16.0,,Conservative,True,65,Mock_2vCPU_8GB,2,8.0,63.1,1159.79,1159.79,Low,RESOLVED
2026-09-10,run-20260910-official-001,FIS-INTERNATIONAL,SUB-INTERNATIONAL-02,/subscriptions/00000022-0022-4022-8022-000000000022/resourceGroups/rg-nonprod-022/providers/microsoft.apimanagement/service/api-management-012,api-management-012,microsoft.apimanagement/service,rg-nonprod-022,eastus,Downsize,Downsize resource,Rightsize based on sustained utilization,,,MEDIUM,MEDIUM,PRICED,FULL,PARTIAL,"Metric1,Metric2,Metric3,Metric4,Metric5",core-banking,analytics,nonprod,CC1004,13210.5,Standard_D4s_v5,4,16.0,,Moderate,False,72,Mock_2vCPU_8GB,2,8.0,65.5,1424.89,0.0,Medium,RESOLVED
2026-09-10,run-20260910-official-001,FIS-INTERNATIONAL,SUB-INTERNATIONAL-02,/subscriptions/00000022-0022-4022-8022-000000000022/resourceGroups/rg-nonprod-022/providers/microsoft.apimanagement/service/api-management-012,api-management-012,microsoft.apimanagement/service,rg-nonprod-022,eastus,Downsize,Downsize resource,Rightsize based on sustained utilization,,,MEDIUM,MEDIUM,PRICED,FULL,PARTIAL,"Metric1,Metric2,Metric3,Metric4,Metric5",core-banking,analytics,nonprod,CC1004,13210.5,Standard_D4s_v5,4,16.0,,Aggressive,False,80,Mock_1vCPU_4GB,1,4.0,89.6,1789.4,0.0,High,RESOLVED
2026-09-10,run-20260910-official-001,FIS-DIGITAL,SUB-DIGITAL-04,/subscriptions/00000014-0014-4014-8014-000000000014/resourceGroups/rg-nonprod-014/providers/microsoft.apimanagement/service/api-management-013,api-management-013,microsoft.apimanagement/service,rg-nonprod-014,eastus2,Downsize,Downsize resource,Rightsize based on sustained utilization,,,HIGH,LOW,PRICED,FULL,PARTIAL,"Metric1,Metric2",cloud-platform,analytics,nonprod,CC1003,15834.17,GP_Gen5_4,4,20.0,,Conservative,True,65,Mock_2vCPU_10GB,2,10.0,67.8,4034.38,4034.38,Low,RESOLVED
2026-09-10,run-20260910-official-001,FIS-DIGITAL,SUB-DIGITAL-04,/subscriptions/00000014-0014-4014-8014-000000000014/resourceGroups/rg-nonprod-014/providers/microsoft.apimanagement/service/api-management-013,api-management-013,microsoft.apimanagement/service,rg-nonprod-014,eastus2,Downsize,Downsize resource,Rightsize based on sustained utilization,,,HIGH,LOW,PRICED,FULL,PARTIAL,"Metric1,Metric2",cloud-platform,analytics,nonprod,CC1003,15834.17,GP_Gen5_4,4,20.0,,Moderate,False,72,Mock_2vCPU_10GB,2,10.0,68.6,4956.52,0.0,Medium,RESOLVED
2026-09-10,run-20260910-official-001,FIS-DIGITAL,SUB-DIGITAL-04,/subscriptions/00000014-0014-4014-8014-000000000014/resourceGroups/rg-nonprod-014/providers/microsoft.apimanagement/service/api-management-013,api-management-013,microsoft.apimanagement/service,rg-nonprod-014,eastus2,Downsize,Downsize resource,Rightsize based on sustained utilization,,,HIGH,LOW,PRICED,FULL,PARTIAL,"Metric1,Metric2",cloud-platform,analytics,nonprod,CC1003,15834.17,GP_Gen5_4,4,20.0,,Aggressive,False,80,Mock_1vCPU_5GB,1,5.0,80.4,6224.47,0.0,High,RESOLVED
2026-09-10,run-20260910-official-001,FIS-DIGITAL,SUB-DIGITAL-10,/subscriptions/00000020-0020-4020-8020-000000000020/resourceGroups/rg-qa-020/providers/microsoft.apimanagement/service/api-management-016,api-management-016,microsoft.apimanagement/service,rg-qa-020,eastus2,Review-Utilization,Review utilization,Resource shows optimization opportunity based on current utilization,,,HIGH,MEDIUM,HEURISTIC,FULL,PARTIAL,Metric1,payments,reporting,qa,CC1008,13264.91,Standard_D2s_v5,2,8.0,,Conservative,True,65,Mock_1vCPU_4GB,1,4.0,64.1,3306.89,3306.89,Low,RESOLVED
2026-09-10,run-20260910-official-001,FIS-DIGITAL,SUB-DIGITAL-10,/subscriptions/00000020-0020-4020-8020-000000000020/resourceGroups/rg-qa-020/providers/microsoft.apimanagement/service/api-management-016,api-management-016,microsoft.apimanagement/service,rg-qa-020,eastus2,Review-Utilization,Review utilization,Resource shows optimization opportunity based on current utilization,,,HIGH,MEDIUM,HEURISTIC,FULL,PARTIAL,Metric1,payments,reporting,qa,CC1008,13264.91,Standard_D2s_v5,2,8.0,,Moderate,False,72,Mock_1vCPU_4GB,1,4.0,71.8,4062.75,0.0,Medium,RESOLVED
2026-09-10,run-20260910-official-001,FIS-DIGITAL,SUB-DIGITAL-10,/subscriptions/00000020-0020-4020-8020-000000000020/resourceGroups/rg-qa-020/providers/microsoft.apimanagement/service/api-management-016,api-management-016,microsoft.apimanagement/service,rg-qa-020,eastus2,Review-Utilization,Review utilization,Resource shows optimization opportunity based on current utilization,,,HIGH,MEDIUM,HEURISTIC,FULL,PARTIAL,Metric1,payments,reporting,qa,CC1008,13264.91,Standard_D2s_v5,2,8.0,,Aggressive,False,80,Mock_1vCPU_2GB,1,2.0,75.8,5102.06,0.0,High,RESOLVED
2026-09-10,run-20260910-official-001,FIS-DIGITAL,SUB-DIGITAL-04,/subscriptions/00000014-0014-4014-8014-000000000014/resourceGroups/rg-qa-044/providers/microsoft.apimanagement/service/api-management-017,api-management-017,microsoft.apimanagement/service,rg-qa-044,westus2,Downsize,Downsize resource,Rightsize based on sustained utilization,,,LOW,HIGH,HEURISTIC,FULL,COMPLETE,,security,api-hub,qa,CC1010,3847.11,Standard_D2s_v5,2,8.0,,Conservative,True,65,Mock_1vCPU_4GB,1,4.0,75.5,271.37,271.37,Low,RESOLVED
2026-09-10,run-20260910-official-001,FIS-DIGITAL,SUB-DIGITAL-04,/subscriptions/00000014-0014-4014-8014-000000000014/resourceGroups/rg-qa-044/providers/microsoft.apimanagement/service/api-management-017,api-management-017,microsoft.apimanagement/service,rg-qa-044,westus2,Downsize,Downsize resource,Rightsize based on sustained utilization,,,LOW,HIGH,HEURISTIC,FULL,COMPLETE,,security,api-hub,qa,CC1010,3847.11,Standard_D2s_v5,2,8.0,,Moderate,False,72,Mock_1vCPU_4GB,1,4.0,72.4,333.4,0.0,Medium,RESOLVED
2026-09-10,run-20260910-official-001,FIS-DIGITAL,SUB-DIGITAL-04,/subscriptions/00000014-0014-4014-8014-000000000014/resourceGroups/rg-qa-044/providers/microsoft.apimanagement/service/api-management-017,api-management-017,microsoft.apimanagement/service,rg-qa-044,westus2,Downsize,Downsize resource,Rightsize based on sustained utilization,,,LOW,HIGH,HEURISTIC,FULL,COMPLETE,,security,api-hub,qa,CC1010,3847.11,Standard_D2s_v5,2,8.0,,Aggressive,False,80,Mock_1vCPU_2GB,1,2.0,76.6,418.68,0.0,High,RESOLVED
2026-09-10,run-20260910-official-001,FIS-INTERNATIONAL,SUB-INTERNATIONAL-03,/subscriptions/00000023-0023-4023-8023-000000000023/resourceGroups/rg-dev-023/providers/microsoft.apimanagement/gateways/api-management-gateway-001,api-management-gateway-001,microsoft.apimanagement/gateways,rg-dev-023,centralus,Review-Utilization,Review utilization,Resource shows optimization opportunity based on current utilization,,,HIGH,LOW,PRICED,FULL,PARTIAL,"Metric1,Metric2,Metric3,Metric4,Metric5",payments,analytics,dev,CC1011,12986.5,Standard_D4s_v5,4,16.0,,Conservative,True,65,Mock_2vCPU_8GB,2,8.0,60.0,2989.95,2989.95,Low,RESOLVED
2026-09-10,run-20260910-official-001,FIS-INTERNATIONAL,SUB-INTERNATIONAL-03,/subscriptions/00000023-0023-4023-8023-000000000023/resourceGroups/rg-dev-023/providers/microsoft.apimanagement/gateways/api-management-gateway-001,api-management-gateway-001,microsoft.apimanagement/gateways,rg-dev-023,centralus,Review-Utilization,Review utilization,Resource shows optimization opportunity based on current utilization,,,HIGH,LOW,PRICED,FULL,PARTIAL,"Metric1,Metric2,Metric3,Metric4,Metric5",payments,analytics,dev,CC1011,12986.5,Standard_D4s_v5,4,16.0,,Moderate,False,72,Mock_2vCPU_8GB,2,8.0,75.1,3673.37,0.0,Medium,RESOLVED
2026-09-10,run-20260910-official-001,FIS-INTERNATIONAL,SUB-INTERNATIONAL-03,/subscriptions/00000023-0023-4023-8023-000000000023/resourceGroups/rg-dev-023/providers/microsoft.apimanagement/gateways/api-management-gateway-001,api-management-gateway-001,microsoft.apimanagement/gateways,rg-dev-023,centralus,Review-Utilization,Review utilization,Resource shows optimization opportunity based on current utilization,,,HIGH,LOW,PRICED,FULL,PARTIAL,"Metric1,Metric2,Metric3,Metric4,Metric5",payments,analytics,dev,CC1011,12986.5,Standard_D4s_v5,4,16.0,,Aggressive,False,80,Mock_1vCPU_4GB,1,4.0,89.4,4613.07,0.0,High,RESOLVED
2026-09-10,run-20260910-official-001,FIS-DIGITAL,SUB-DIGITAL-03,/subscriptions/00000013-0013-4013-8013-000000000013/resourceGroups/rg-prod-013/providers/microsoft.apimanagement/gateways/api-management-gateway-003,api-management-gateway-003,microsoft.apimanagement/gateways,rg-prod-013,westus2,Downsize,Downsize resource,Rightsize based on sustained utilization,,,MEDIUM,LOW,PRICED,FULL,PARTIAL,Metric1,security,ledger,prod,CC1010,4577.25,P1v3,2,8.0,,Conservative,True,65,Mock_1vCPU_4GB,1,4.0,76.8,1455.71,1455.71,Low,RESOLVED
2026-09-10,run-20260910-official-001,FIS-DIGITAL,SUB-DIGITAL-03,/subscriptions/00000013-0013-4013-8013-000000000013/resourceGroups/rg-prod-013/providers/microsoft.apimanagement/gateways/api-management-gateway-003,api-management-gateway-003,microsoft.apimanagement/gateways,rg-prod-013,westus2,Downsize,Downsize resource,Rightsize based on sustained utilization,,,MEDIUM,LOW,PRICED,FULL,PARTIAL,Metric1,security,ledger,prod,CC1010,4577.25,P1v3,2,8.0,,Moderate,False,72,Mock_1vCPU_4GB,1,4.0,65.7,1788.45,0.0,Medium,RESOLVED
2026-09-10,run-20260910-official-001,FIS-DIGITAL,SUB-DIGITAL-03,/subscriptions/00000013-0013-4013-8013-000000000013/resourceGroups/rg-prod-013/providers/microsoft.apimanagement/gateways/api-management-gateway-003,api-management-gateway-003,microsoft.apimanagement/gateways,rg-prod-013,westus2,Downsize,Downsize resource,Rightsize based on sustained utilization,,,MEDIUM,LOW,PRICED,FULL,PARTIAL,Metric1,security,ledger,prod,CC1010,4577.25,P1v3,2,8.0,,Aggressive,False,80,Mock_1vCPU_2GB,1,2.0,90.4,2245.96,0.0,High,RESOLVED
2026-09-10,run-20260910-official-001,FIS-DIGITAL,SUB-DIGITAL-02,/subscriptions/00000012-0012-4012-8012-000000000012/resourceGroups/rg-nonprod-042/providers/microsoft.apimanagement/gateways/api-management-gateway-006,api-management-gateway-006,microsoft.apimanagement/gateways,rg-nonprod-042,westus2,Review-Utilization,Review utilization,Resource shows optimization opportunity based on current utilization,,,HIGH,MEDIUM,HEURISTIC,FULL,PARTIAL,"Metric1,Metric2",data-ai,payments,nonprod,CC1009,13307.91,GP_Gen5_4,4,20.0,,Conservative,True,65,Mock_2vCPU_10GB,2,10.0,60.1,3035.97,3035.97,Low,RESOLVED
2026-09-10,run-20260910-official-001,FIS-DIGITAL,SUB-DIGITAL-02,/subscriptions/00000012-0012-4012-8012-000000000012/resourceGroups/rg-nonprod-042/providers/microsoft.apimanagement/gateways/api-management-gateway-006,api-management-gateway-006,microsoft.apimanagement/gateways,rg-nonprod-042,westus2,Review-Utilization,Review utilization,Resource shows optimization opportunity based on current utilization,,,HIGH,MEDIUM,HEURISTIC,FULL,PARTIAL,"Metric1,Metric2",data-ai,payments,nonprod,CC1009,13307.91,GP_Gen5_4,4,20.0,,Moderate,False,72,Mock_2vCPU_10GB,2,10.0,76.0,3729.91,0.0,Medium,RESOLVED
2026-09-10,run-20260910-official-001,FIS-DIGITAL,SUB-DIGITAL-02,/subscriptions/00000012-0012-4012-8012-000000000012/resourceGroups/rg-nonprod-042/providers/microsoft.apimanagement/gateways/api-management-gateway-006,api-management-gateway-006,microsoft.apimanagement/gateways,rg-nonprod-042,westus2,Review-Utilization,Review utilization,Resource shows optimization opportunity based on current utilization,,,HIGH,MEDIUM,HEURISTIC,FULL,PARTIAL,"Metric1,Metric2",data-ai,payments,nonprod,CC1009,13307.91,GP_Gen5_4,4,20.0,,Aggressive,False,80,Mock_1vCPU_5GB,1,5.0,79.6,4684.07,0.0,High,RESOLVED
2026-09-10,run-20260910-official-001,FIS-DIGITAL,SUB-DIGITAL-03,/subscriptions/00000013-0013-4013-8013-000000000013/resourceGroups/rg-dev-043/providers/microsoft.apimanagement/gateways/api-management-gateway-007,api-management-gateway-007,microsoft.apimanagement/gateways,rg-dev-043,westeurope,Review-Utilization,Review utilization,Resource shows optimization opportunity based on current utilization,,,HIGH,MEDIUM,PRICED,FULL,PARTIAL,Metric1,integration,ledger,dev,CC1007,16401.76,P1v3,2,8.0,,Conservative,True,65,Mock_1vCPU_4GB,1,4.0,64.4,2268.16,2268.16,Low,RESOLVED
2026-09-10,run-20260910-official-001,FIS-DIGITAL,SUB-DIGITAL-03,/subscriptions/00000013-0013-4013-8013-000000000013/resourceGroups/rg-dev-043/providers/microsoft.apimanagement/gateways/api-management-gateway-007,api-management-gateway-007,microsoft.apimanagement/gateways,rg-dev-043,westeurope,Review-Utilization,Review utilization,Resource shows optimization opportunity based on current utilization,,,HIGH,MEDIUM,PRICED,FULL,PARTIAL,Metric1,integration,ledger,dev,CC1007,16401.76,P1v3,2,8.0,,Moderate,False,72,Mock_1vCPU_4GB,1,4.0,81.1,2786.6,0.0,Medium,RESOLVED
2026-09-10,run-20260910-official-001,FIS-DIGITAL,SUB-DIGITAL-03,/subscriptions/00000013-0013-4013-8013-000000000013/resourceGroups/rg-dev-043/providers/microsoft.apimanagement/gateways/api-management-gateway-007,api-management-gateway-007,microsoft.apimanagement/gateways,rg-dev-043,westeurope,Review-Utilization,Review utilization,Resource shows optimization opportunity based on current utilization,,,HIGH,MEDIUM,PRICED,FULL,PARTIAL,Metric1,integration,ledger,dev,CC1007,16401.76,P1v3,2,8.0,,Aggressive,False,80,Mock_1vCPU_2GB,1,2.0,79.9,3499.45,0.0,High,RESOLVED
2026-09-10,run-20260910-official-001,FIS-DIGITAL,SUB-DIGITAL-01,/subscriptions/00000011-0011-4011-8011-000000000011/resourceGroups/rg-prod-041/providers/microsoft.apimanagement/gateways/api-management-gateway-009,api-management-gateway-009,microsoft.apimanagement/gateways,rg-prod-041,eastus,Optimize-Tier,Optimize service tier,Move to a lower-cost tier aligned with observed demand,,,HIGH,MEDIUM,HEURISTIC,FULL,PARTIAL,Metric1,integration,risk,prod,CC1004,12237.05,Standard_D4s_v5,4,16.0,,Conservative,True,65,Mock_2vCPU_8GB,2,8.0,68.4,2445.88,2445.88,Low,RESOLVED
2026-09-10,run-20260910-official-001,FIS-DIGITAL,SUB-DIGITAL-01,/subscriptions/00000011-0011-4011-8011-000000000011/resourceGroups/rg-prod-041/providers/microsoft.apimanagement/gateways/api-management-gateway-009,api-management-gateway-009,microsoft.apimanagement/gateways,rg-prod-041,eastus,Optimize-Tier,Optimize service tier,Move to a lower-cost tier aligned with observed demand,,,HIGH,MEDIUM,HEURISTIC,FULL,PARTIAL,Metric1,integration,risk,prod,CC1004,12237.05,Standard_D4s_v5,4,16.0,,Moderate,False,72,Mock_2vCPU_8GB,2,8.0,65.9,3004.94,0.0,Medium,RESOLVED
2026-09-10,run-20260910-official-001,FIS-DIGITAL,SUB-DIGITAL-01,/subscriptions/00000011-0011-4011-8011-000000000011/resourceGroups/rg-prod-041/providers/microsoft.apimanagement/gateways/api-management-gateway-009,api-management-gateway-009,microsoft.apimanagement/gateways,rg-prod-041,eastus,Optimize-Tier,Optimize service tier,Move to a lower-cost tier aligned with observed demand,,,HIGH,MEDIUM,HEURISTIC,FULL,PARTIAL,Metric1,integration,risk,prod,CC1004,12237.05,Standard_D4s_v5,4,16.0,,Aggressive,False,80,Mock_1vCPU_4GB,1,4.0,76.9,3773.65,0.0,High,RESOLVED
2026-09-10,run-20260910-official-001,FIS-DIGITAL,SUB-DIGITAL-09,/subscriptions/00000019-0019-4019-8019-000000000019/resourceGroups/rg-prod-049/providers/microsoft.apimanagement/gateways/api-management-gateway-010,api-management-gateway-010,microsoft.apimanagement/gateways,rg-prod-049,centralus,Review-Utilization,Review utilization,Resource shows optimization opportunity based on current utilization,,,MEDIUM,MEDIUM,PRICED,FULL,PARTIAL,"Metric1,Metric2,Metric3,Metric4",cloud-platform,analytics,prod,CC1001,3568.92,GP_Gen5_4,4,20.0,,Conservative,True,65,Mock_2vCPU_10GB,2,10.0,59.2,595.31,595.31,Low,RESOLVED
2026-09-10,run-20260910-official-001,FIS-DIGITAL,SUB-DIGITAL-09,/subscriptions/00000019-0019-4019-8019-000000000019/resourceGroups/rg-prod-049/providers/microsoft.apimanagement/gateways/api-management-gateway-010,api-management-gateway-010,microsoft.apimanagement/gateways,rg-prod-049,centralus,Review-Utilization,Review utilization,Resource shows optimization opportunity based on current utilization,,,MEDIUM,MEDIUM,PRICED,FULL,PARTIAL,"Metric1,Metric2,Metric3,Metric4",cloud-platform,analytics,prod,CC1001,3568.92,GP_Gen5_4,4,20.0,,Moderate,False,72,Mock_2vCPU_10GB,2,10.0,79.8,731.39,0.0,Medium,RESOLVED
2026-09-10,run-20260910-official-001,FIS-DIGITAL,SUB-DIGITAL-09,/subscriptions/00000019-0019-4019-8019-000000000019/resourceGroups/rg-prod-049/providers/microsoft.apimanagement/gateways/api-management-gateway-010,api-management-gateway-010,microsoft.apimanagement/gateways,rg-prod-049,centralus,Review-Utilization,Review utilization,Resource shows optimization opportunity based on current utilization,,,MEDIUM,MEDIUM,PRICED,FULL,PARTIAL,"Metric1,Metric2,Metric3,Metric4",cloud-platform,analytics,prod,CC1001,3568.92,GP_Gen5_4,4,20.0,,Aggressive,False,80,Mock_1vCPU_5GB,1,5.0,74.0,918.49,0.0,High,RESOLVED
2026-09-10,run-20260910-official-001,FIS-DIGITAL,SUB-DIGITAL-07,/subscriptions/00000017-0017-4017-8017-000000000017/resourceGroups/rg-dev-047/providers/microsoft.apimanagement/gateways/api-management-gateway-011,api-management-gateway-011,microsoft.apimanagement/gateways,rg-dev-047,centralus,Review-Utilization,Review utilization,Resource shows optimization opportunity based on current utilization,,,LOW,HIGH,HEURISTIC,FULL,PARTIAL,Metric1,data-ai,risk,dev,CC1008,689.36,S3,4,7.0,,Conservative,True,65,Mock_2vCPU_3GB,2,3.5,62.5,104.04,104.04,Low,RESOLVED
2026-09-10,run-20260910-official-001,FIS-DIGITAL,SUB-DIGITAL-07,/subscriptions/00000017-0017-4017-8017-000000000017/resourceGroups/rg-dev-047/providers/microsoft.apimanagement/gateways/api-management-gateway-011,api-management-gateway-011,microsoft.apimanagement/gateways,rg-dev-047,centralus,Review-Utilization,Review utilization,Resource shows optimization opportunity based on current utilization,,,LOW,HIGH,HEURISTIC,FULL,PARTIAL,Metric1,data-ai,risk,dev,CC1008,689.36,S3,4,7.0,,Moderate,False,72,Mock_2vCPU_3GB,2,3.5,70.1,127.82,0.0,Medium,RESOLVED
2026-09-10,run-20260910-official-001,FIS-DIGITAL,SUB-DIGITAL-07,/subscriptions/00000017-0017-4017-8017-000000000017/resourceGroups/rg-dev-047/providers/microsoft.apimanagement/gateways/api-management-gateway-011,api-management-gateway-011,microsoft.apimanagement/gateways,rg-dev-047,centralus,Review-Utilization,Review utilization,Resource shows optimization opportunity based on current utilization,,,LOW,HIGH,HEURISTIC,FULL,PARTIAL,Metric1,data-ai,risk,dev,CC1008,689.36,S3,4,7.0,,Aggressive,False,80,Mock_1vCPU_1GB,1,1.8,89.1,160.52,0.0,High,RESOLVED
2026-09-10,run-20260910-official-001,FIS-DIGITAL,SUB-DIGITAL-05,/subscriptions/00000015-0015-4015-8015-000000000015/resourceGroups/rg-dev-015/providers/microsoft.apimanagement/gateways/api-management-gateway-014,api-management-gateway-014,microsoft.apimanagement/gateways,rg-dev-015,northeurope,Optimize-Tier,Optimize service tier,Move to a lower-cost tier aligned with observed demand,,,LOW,MEDIUM,PRICED,FULL,PARTIAL,Metric1,core-banking,payments,dev,CC1004,333.08,Standard_D2s_v5,2,8.0,,Conservative,True,65,Mock_1vCPU_4GB,1,4.0,68.2,105.82,105.82,Low,RESOLVED
2026-09-10,run-20260910-official-001,FIS-DIGITAL,SUB-DIGITAL-05,/subscriptions/00000015-0015-4015-8015-000000000015/resourceGroups/rg-dev-015/providers/microsoft.apimanagement/gateways/api-management-gateway-014,api-management-gateway-014,microsoft.apimanagement/gateways,rg-dev-015,northeurope,Optimize-Tier,Optimize service tier,Move to a lower-cost tier aligned with observed demand,,,LOW,MEDIUM,PRICED,FULL,PARTIAL,Metric1,core-banking,payments,dev,CC1004,333.08,Standard_D2s_v5,2,8.0,,Moderate,False,72,Mock_1vCPU_4GB,1,4.0,82.6,130.01,0.0,Medium,RESOLVED
2026-09-10,run-20260910-official-001,FIS-DIGITAL,SUB-DIGITAL-05,/subscriptions/00000015-0015-4015-8015-000000000015/resourceGroups/rg-dev-015/providers/microsoft.apimanagement/gateways/api-management-gateway-014,api-management-gateway-014,microsoft.apimanagement/gateways,rg-dev-015,northeurope,Optimize-Tier,Optimize service tier,Move to a lower-cost tier aligned with observed demand,,,LOW,MEDIUM,PRICED,FULL,PARTIAL,Metric1,core-banking,payments,dev,CC1004,333.08,Standard_D2s_v5,2,8.0,,Aggressive,False,80,Mock_1vCPU_2GB,1,2.0,79.5,163.26,0.0,High,RESOLVED
2026-09-10,run-20260910-official-001,FIS-DIGITAL,SUB-DIGITAL-08,/subscriptions/00000018-0018-4018-8018-000000000018/resourceGroups/rg-qa-048/providers/microsoft.apimanagement/gateways/api-management-gateway-016,api-management-gateway-016,microsoft.apimanagement/gateways,rg-qa-048,westus2,Review-Utilization,Review utilization,Resource shows optimization opportunity based on current utilization,,,HIGH,MEDIUM,PRICED,FULL,PARTIAL,"Metric1,Metric2,Metric3",cloud-platform,api-hub,qa,CC1006,9963.78,GP_Gen5_8,8,40.0,,Conservative,True,65,Mock_4vCPU_20GB,4,20.0,68.4,2133.49,2133.49,Low,RESOLVED
2026-09-10,run-20260910-official-001,FIS-DIGITAL,SUB-DIGITAL-08,/subscriptions/00000018-0018-4018-8018-000000000018/resourceGroups/rg-qa-048/providers/microsoft.apimanagement/gateways/api-management-gateway-016,api-management-gateway-016,microsoft.apimanagement/gateways,rg-qa-048,westus2,Review-Utilization,Review utilization,Resource shows optimization opportunity based on current utilization,,,HIGH,MEDIUM,PRICED,FULL,PARTIAL,"Metric1,Metric2,Metric3",cloud-platform,api-hub,qa,CC1006,9963.78,GP_Gen5_8,8,40.0,,Moderate,False,72,Mock_4vCPU_20GB,4,20.0,73.4,2621.15,0.0,Medium,RESOLVED
2026-09-10,run-20260910-official-001,FIS-DIGITAL,SUB-DIGITAL-08,/subscriptions/00000018-0018-4018-8018-000000000018/resourceGroups/rg-qa-048/providers/microsoft.apimanagement/gateways/api-management-gateway-016,api-management-gateway-016,microsoft.apimanagement/gateways,rg-qa-048,westus2,Review-Utilization,Review utilization,Resource shows optimization opportunity based on current utilization,,,HIGH,MEDIUM,PRICED,FULL,PARTIAL,"Metric1,Metric2,Metric3",cloud-platform,api-hub,qa,CC1006,9963.78,GP_Gen5_8,8,40.0,,Aggressive,False,80,Mock_2vCPU_10GB,2,10.0,88.1,3291.68,0.0,High,RESOLVED
2026-09-10,run-20260910-official-001,FIS-CORP,SUB-CORP-03,/subscriptions/00000003-0003-4003-8003-000000000003/resourceGroups/rg-dev-003/providers/microsoft.apimanagement/gateways/api-management-gateway-017,api-management-gateway-017,microsoft.apimanagement/gateways,rg-dev-003,westus2,Optimize-Tier,Optimize service tier,Move to a lower-cost tier aligned with observed demand,,,HIGH,MEDIUM,PRICED,FULL,PARTIAL,Metric1,cloud-platform,risk,dev,CC1006,15068.4,Standard_D4s_v5,4,16.0,,Conservative,True,65,Mock_2vCPU_8GB,2,8.0,58.2,2867.25,2867.25,Low,RESOLVED
2026-09-10,run-20260910-official-001,FIS-CORP,SUB-CORP-03,/subscriptions/00000003-0003-4003-8003-000000000003/resourceGroups/rg-dev-003/providers/microsoft.apimanagement/gateways/api-management-gateway-017,api-management-gateway-017,microsoft.apimanagement/gateways,rg-dev-003,westus2,Optimize-Tier,Optimize service tier,Move to a lower-cost tier aligned with observed demand,,,HIGH,MEDIUM,PRICED,FULL,PARTIAL,Metric1,cloud-platform,risk,dev,CC1006,15068.4,Standard_D4s_v5,4,16.0,,Moderate,False,72,Mock_2vCPU_8GB,2,8.0,76.5,3522.62,0.0,Medium,RESOLVED
2026-09-10,run-20260910-official-001,FIS-CORP,SUB-CORP-03,/subscriptions/00000003-0003-4003-8003-000000000003/resourceGroups/rg-dev-003/providers/microsoft.apimanagement/gateways/api-management-gateway-017,api-management-gateway-017,microsoft.apimanagement/gateways,rg-dev-003,westus2,Optimize-Tier,Optimize service tier,Move to a lower-cost tier aligned with observed demand,,,HIGH,MEDIUM,PRICED,FULL,PARTIAL,Metric1,cloud-platform,risk,dev,CC1006,15068.4,Standard_D4s_v5,4,16.0,,Aggressive,False,80,Mock_1vCPU_4GB,1,4.0,90.5,4423.76,0.0,High,RESOLVED
2026-09-10,run-20260910-official-001,FIS-DIGITAL,SUB-DIGITAL-04,/subscriptions/00000014-0014-4014-8014-000000000014/resourceGroups/rg-qa-044/providers/microsoft.apimanagement/gateways/api-management-gateway-018,api-management-gateway-018,microsoft.apimanagement/gateways,rg-qa-044,eastus,Review-Utilization,Review utilization,Resource shows optimization opportunity based on current utilization,,,MEDIUM,MEDIUM,HEURISTIC,FULL,PARTIAL,Metric1,core-banking,risk,qa,CC1003,13613.97,Standard_D4s_v5,4,16.0,,Conservative,True,65,Mock_2vCPU_8GB,2,8.0,65.4,1865.63,1865.63,Low,RESOLVED
2026-09-10,run-20260910-official-001,FIS-DIGITAL,SUB-DIGITAL-04,/subscriptions/00000014-0014-4014-8014-000000000014/resourceGroups/rg-qa-044/providers/microsoft.apimanagement/gateways/api-management-gateway-018,api-management-gateway-018,microsoft.apimanagement/gateways,rg-qa-044,eastus,Review-Utilization,Review utilization,Resource shows optimization opportunity based on current utilization,,,MEDIUM,MEDIUM,HEURISTIC,FULL,PARTIAL,Metric1,core-banking,risk,qa,CC1003,13613.97,Standard_D4s_v5,4,16.0,,Moderate,False,72,Mock_2vCPU_8GB,2,8.0,77.5,2292.06,0.0,Medium,RESOLVED
2026-09-10,run-20260910-official-001,FIS-DIGITAL,SUB-DIGITAL-04,/subscriptions/00000014-0014-4014-8014-000000000014/resourceGroups/rg-qa-044/providers/microsoft.apimanagement/gateways/api-management-gateway-018,api-management-gateway-018,microsoft.apimanagement/gateways,rg-qa-044,eastus,Review-Utilization,Review utilization,Resource shows optimization opportunity based on current utilization,,,MEDIUM,MEDIUM,HEURISTIC,FULL,PARTIAL,Metric1,core-banking,risk,qa,CC1003,13613.97,Standard_D4s_v5,4,16.0,,Aggressive,False,80,Mock_1vCPU_4GB,1,4.0,80.5,2878.41,0.0,High,RESOLVED
2026-09-10,run-20260910-official-001,FIS-INTERNATIONAL,SUB-INTERNATIONAL-01,/subscriptions/00000021-0021-4021-8021-000000000021/resourceGroups/rg-prod-021/providers/microsoft.apimanagement/gateways/api-management-gateway-023,api-management-gateway-023,microsoft.apimanagement/gateways,rg-prod-021,northeurope,Downsize,Downsize resource,Rightsize based on sustained utilization,,,MEDIUM,HIGH,PRICED,FULL,COMPLETE,,data-ai,payments,prod,CC1010,7003.41,Standard_D2s_v5,2,8.0,,Conservative,True,65,Mock_1vCPU_4GB,1,4.0,59.9,954.77,954.77,Low,RESOLVED
2026-09-10,run-20260910-official-001,FIS-INTERNATIONAL,SUB-INTERNATIONAL-01,/subscriptions/00000021-0021-4021-8021-000000000021/resourceGroups/rg-prod-021/providers/microsoft.apimanagement/gateways/api-management-gateway-023,api-management-gateway-023,microsoft.apimanagement/gateways,rg-prod-021,northeurope,Downsize,Downsize resource,Rightsize based on sustained utilization,,,MEDIUM,HIGH,PRICED,FULL,COMPLETE,,data-ai,payments,prod,CC1010,7003.41,Standard_D2s_v5,2,8.0,,Moderate,False,72,Mock_1vCPU_4GB,1,4.0,73.3,1173.01,0.0,Medium,RESOLVED
2026-09-10,run-20260910-official-001,FIS-INTERNATIONAL,SUB-INTERNATIONAL-01,/subscriptions/00000021-0021-4021-8021-000000000021/resourceGroups/rg-prod-021/providers/microsoft.apimanagement/gateways/api-management-gateway-023,api-management-gateway-023,microsoft.apimanagement/gateways,rg-prod-021,northeurope,Downsize,Downsize resource,Rightsize based on sustained utilization,,,MEDIUM,HIGH,PRICED,FULL,COMPLETE,,data-ai,payments,prod,CC1010,7003.41,Standard_D2s_v5,2,8.0,,Aggressive,False,80,Mock_1vCPU_2GB,1,2.0,88.6,1473.08,0.0,High,RESOLVED
2026-09-10,run-20260910-official-001,FIS-DIGITAL,SUB-DIGITAL-09,/subscriptions/00000019-0019-4019-8019-000000000019/resourceGroups/rg-dev-019/providers/microsoft.apimanagement/gateways/api-management-gateway-026,api-management-gateway-026,microsoft.apimanagement/gateways,rg-dev-019,brazilsouth,Optimize-Tier,Optimize service tier,Move to a lower-cost tier aligned with observed demand,,,MEDIUM,HIGH,PRICED,FULL,PARTIAL,"Metric1,Metric2",cloud-platform,identity,dev,CC1012,8429.03,GP_Gen5_8,8,40.0,,Conservative,True,65,Mock_4vCPU_20GB,4,20.0,59.7,1185.37,1185.37,Low,RESOLVED
2026-09-10,run-20260910-official-001,FIS-DIGITAL,SUB-DIGITAL-09,/subscriptions/00000019-0019-4019-8019-000000000019/resourceGroups/rg-dev-019/providers/microsoft.apimanagement/gateways/api-management-gateway-026,api-management-gateway-026,microsoft.apimanagement/gateways,rg-dev-019,brazilsouth,Optimize-Tier,Optimize service tier,Move to a lower-cost tier aligned with observed demand,,,MEDIUM,HIGH,PRICED,FULL,PARTIAL,"Metric1,Metric2",cloud-platform,identity,dev,CC1012,8429.03,GP_Gen5_8,8,40.0,,Moderate,False,72,Mock_4vCPU_20GB,4,20.0,74.1,1456.32,0.0,Medium,RESOLVED
2026-09-10,run-20260910-official-001,FIS-DIGITAL,SUB-DIGITAL-09,/subscriptions/00000019-0019-4019-8019-000000000019/resourceGroups/rg-dev-019/providers/microsoft.apimanagement/gateways/api-management-gateway-026,api-management-gateway-026,microsoft.apimanagement/gateways,rg-dev-019,brazilsouth,Optimize-Tier,Optimize service tier,Move to a lower-cost tier aligned with observed demand,,,MEDIUM,HIGH,PRICED,FULL,PARTIAL,"Metric1,Metric2",cloud-platform,identity,dev,CC1012,8429.03,GP_Gen5_8,8,40.0,,Aggressive,False,80,Mock_2vCPU_10GB,2,10.0,80.8,1828.86,0.0,High,RESOLVED
2026-09-10,run-20260910-official-001,FIS-CORP,SUB-CORP-04,/subscriptions/00000004-0004-4004-8004-000000000004/resourceGroups/rg-nonprod-034/providers/microsoft.apimanagement/gateways/api-management-gateway-028,api-management-gateway-028,microsoft.apimanagement/gateways,rg-nonprod-034,centralus,Optimize-Tier,Optimize service tier,Move to a lower-cost tier aligned with observed demand,,,HIGH,MEDIUM,PRICED,FULL,PARTIAL,Metric1,security,risk,nonprod,CC1010,12216.39,Standard_D8s_v5,8,32.0,,Conservative,True,65,Mock_4vCPU_16GB,4,16.0,60.5,2835.58,2835.58,Low,RESOLVED
2026-09-10,run-20260910-official-001,FIS-CORP,SUB-CORP-04,/subscriptions/00000004-0004-4004-8004-000000000004/resourceGroups/rg-nonprod-034/providers/microsoft.apimanagement/gateways/api-management-gateway-028,api-management-gateway-028,microsoft.apimanagement/gateways,rg-nonprod-034,centralus,Optimize-Tier,Optimize service tier,Move to a lower-cost tier aligned with observed demand,,,HIGH,MEDIUM,PRICED,FULL,PARTIAL,Metric1,security,risk,nonprod,CC1010,12216.39,Standard_D8s_v5,8,32.0,,Moderate,False,72,Mock_4vCPU_16GB,4,16.0,77.8,3483.71,0.0,Medium,RESOLVED
2026-09-10,run-20260910-official-001,FIS-CORP,SUB-CORP-04,/subscriptions/00000004-0004-4004-8004-000000000004/resourceGroups/rg-nonprod-034/providers/microsoft.apimanagement/gateways/api-management-gateway-028,api-management-gateway-028,microsoft.apimanagement/gateways,rg-nonprod-034,centralus,Optimize-Tier,Optimize service tier,Move to a lower-cost tier aligned with observed demand,,,HIGH,MEDIUM,PRICED,FULL,PARTIAL,Metric1,security,risk,nonprod,CC1010,12216.39,Standard_D8s_v5,8,32.0,,Aggressive,False,80,Mock_2vCPU_8GB,2,8.0,76.3,4374.9,0.0,High,RESOLVED
2026-09-10,run-20260910-official-001,FIS-DIGITAL,SUB-DIGITAL-02,/subscriptions/00000012-0012-4012-8012-000000000012/resourceGroups/rg-qa-012/providers/microsoft.logic/workflows/logic-apps-005,logic-apps-005,microsoft.logic/workflows,rg-qa-012,eastus,Downsize,Downsize resource,Rightsize based on sustained utilization,,,MEDIUM,HIGH,PRICED,FULL,PARTIAL,Metric1,core-banking,payments,qa,CC1002,3052.32,P1v3,2,8.0,,Conservative,True,65,Mock_1vCPU_4GB,1,4.0,67.9,719.27,719.27,Low,RESOLVED
2026-09-10,run-20260910-official-001,FIS-DIGITAL,SUB-DIGITAL-02,/subscriptions/00000012-0012-4012-8012-000000000012/resourceGroups/rg-qa-012/providers/microsoft.logic/workflows/logic-apps-005,logic-apps-005,microsoft.logic/workflows,rg-qa-012,eastus,Downsize,Downsize resource,Rightsize based on sustained utilization,,,MEDIUM,HIGH,PRICED,FULL,PARTIAL,Metric1,core-banking,payments,qa,CC1002,3052.32,P1v3,2,8.0,,Moderate,False,72,Mock_1vCPU_4GB,1,4.0,82.2,883.68,0.0,Medium,RESOLVED
2026-09-10,run-20260910-official-001,FIS-DIGITAL,SUB-DIGITAL-02,/subscriptions/00000012-0012-4012-8012-000000000012/resourceGroups/rg-qa-012/providers/microsoft.logic/workflows/logic-apps-005,logic-apps-005,microsoft.logic/workflows,rg-qa-012,eastus,Downsize,Downsize resource,Rightsize based on sustained utilization,,,MEDIUM,HIGH,PRICED,FULL,PARTIAL,Metric1,core-banking,payments,qa,CC1002,3052.32,P1v3,2,8.0,,Aggressive,False,80,Mock_1vCPU_2GB,1,2.0,83.8,1109.73,0.0,High,RESOLVED
2026-09-10,run-20260910-official-001,FIS-CORP,SUB-CORP-05,/subscriptions/00000005-0005-4005-8005-000000000005/resourceGroups/rg-dev-035/providers/microsoft.logic/workflows/logic-apps-006,logic-apps-006,microsoft.logic/workflows,rg-dev-035,northeurope,Review-Utilization,Review utilization,Resource shows optimization opportunity based on current utilization,,,MEDIUM,MEDIUM,HEURISTIC,FULL,PARTIAL,Metric1,cloud-platform,customer360,dev,CC1012,3534.47,S3,4,7.0,,Conservative,True,65,Mock_2vCPU_3GB,2,3.5,72.3,1094.76,1094.76,Low,RESOLVED
2026-09-10,run-20260910-official-001,FIS-CORP,SUB-CORP-05,/subscriptions/00000005-0005-4005-8005-000000000005/resourceGroups/rg-dev-035/providers/microsoft.logic/workflows/logic-apps-006,logic-apps-006,microsoft.logic/workflows,rg-dev-035,northeurope,Review-Utilization,Review utilization,Resource shows optimization opportunity based on current utilization,,,MEDIUM,MEDIUM,HEURISTIC,FULL,PARTIAL,Metric1,cloud-platform,customer360,dev,CC1012,3534.47,S3,4,7.0,,Moderate,False,72,Mock_2vCPU_3GB,2,3.5,77.8,1345.0,0.0,Medium,RESOLVED
2026-09-10,run-20260910-official-001,FIS-CORP,SUB-CORP-05,/subscriptions/00000005-0005-4005-8005-000000000005/resourceGroups/rg-dev-035/providers/microsoft.logic/workflows/logic-apps-006,logic-apps-006,microsoft.logic/workflows,rg-dev-035,northeurope,Review-Utilization,Review utilization,Resource shows optimization opportunity based on current utilization,,,MEDIUM,MEDIUM,HEURISTIC,FULL,PARTIAL,Metric1,cloud-platform,customer360,dev,CC1012,3534.47,S3,4,7.0,,Aggressive,False,80,Mock_1vCPU_1GB,1,1.8,77.0,1689.07,0.0,High,RESOLVED
2026-09-10,run-20260910-official-001,FIS-DIGITAL,SUB-DIGITAL-03,/subscriptions/00000013-0013-4013-8013-000000000013/resourceGroups/rg-dev-043/providers/microsoft.logic/workflows/logic-apps-007,logic-apps-007,microsoft.logic/workflows,rg-dev-043,eastus,Review-Utilization,Review utilization,Resource shows optimization opportunity based on current utilization,,,LOW,HIGH,PRICED,FULL,PARTIAL,Metric1,payments,ledger,dev,CC1004,506.33,GP_Gen5_8,8,40.0,,Conservative,True,65,Mock_4vCPU_20GB,4,20.0,61.4,30.65,30.65,Low,RESOLVED
2026-09-10,run-20260910-official-001,FIS-DIGITAL,SUB-DIGITAL-03,/subscriptions/00000013-0013-4013-8013-000000000013/resourceGroups/rg-dev-043/providers/microsoft.logic/workflows/logic-apps-007,logic-apps-007,microsoft.logic/workflows,rg-dev-043,eastus,Review-Utilization,Review utilization,Resource shows optimization opportunity based on current utilization,,,LOW,HIGH,PRICED,FULL,PARTIAL,Metric1,payments,ledger,dev,CC1004,506.33,GP_Gen5_8,8,40.0,,Moderate,False,72,Mock_4vCPU_20GB,4,20.0,73.4,37.66,0.0,Medium,RESOLVED
2026-09-10,run-20260910-official-001,FIS-DIGITAL,SUB-DIGITAL-03,/subscriptions/00000013-0013-4013-8013-000000000013/resourceGroups/rg-dev-043/providers/microsoft.logic/workflows/logic-apps-007,logic-apps-007,microsoft.logic/workflows,rg-dev-043,eastus,Review-Utilization,Review utilization,Resource shows optimization opportunity based on current utilization,,,LOW,HIGH,PRICED,FULL,PARTIAL,Metric1,payments,ledger,dev,CC1004,506.33,GP_Gen5_8,8,40.0,,Aggressive,False,80,Mock_2vCPU_10GB,2,10.0,85.0,47.29,0.0,High,RESOLVED
2026-09-10,run-20260910-official-001,FIS-DIGITAL,SUB-DIGITAL-06,/subscriptions/00000016-0016-4016-8016-000000000016/resourceGroups/rg-qa-016/providers/microsoft.logic/workflows/logic-apps-008,logic-apps-008,microsoft.logic/workflows,rg-qa-016,eastus2,Optimize-Tier,Optimize service tier,Move to a lower-cost tier aligned with observed demand,,,LOW,HIGH,PRICED,FULL,PARTIAL,Metric1,core-banking,ledger,qa,CC1008,393.49,S3,4,7.0,,Conservative,True,65,Mock_2vCPU_3GB,2,3.5,64.8,86.99,86.99,Low,RESOLVED
2026-09-10,run-20260910-official-001,FIS-DIGITAL,SUB-DIGITAL-06,/subscriptions/00000016-0016-4016-8016-000000000016/resourceGroups/rg-qa-016/providers/microsoft.logic/workflows/logic-apps-008,logic-apps-008,microsoft.logic/workflows,rg-qa-016,eastus2,Optimize-Tier,Optimize service tier,Move to a lower-cost tier aligned with observed demand,,,LOW,HIGH,PRICED,FULL,PARTIAL,Metric1,core-banking,ledger,qa,CC1008,393.49,S3,4,7.0,,Moderate,False,72,Mock_2vCPU_3GB,2,3.5,78.4,106.87,0.0,Medium,RESOLVED
2026-09-10,run-20260910-official-001,FIS-DIGITAL,SUB-DIGITAL-06,/subscriptions/00000016-0016-4016-8016-000000000016/resourceGroups/rg-qa-016/providers/microsoft.logic/workflows/logic-apps-008,logic-apps-008,microsoft.logic/workflows,rg-qa-016,eastus2,Optimize-Tier,Optimize service tier,Move to a lower-cost tier aligned with observed demand,,,LOW,HIGH,PRICED,FULL,PARTIAL,Metric1,core-banking,ledger,qa,CC1008,393.49,S3,4,7.0,,Aggressive,False,80,Mock_1vCPU_1GB,1,1.8,80.6,134.21,0.0,High,RESOLVED
2026-09-10,run-20260910-official-001,FIS-DIGITAL,SUB-DIGITAL-07,/subscriptions/00000017-0017-4017-8017-000000000017/resourceGroups/rg-dev-047/providers/microsoft.logic/workflows/logic-apps-011,logic-apps-011,microsoft.logic/workflows,rg-dev-047,brazilsouth,Optimize-Tier,Optimize service tier,Move to a lower-cost tier aligned with observed demand,,,LOW,HIGH,HEURISTIC,FULL,PARTIAL,Metric1,cloud-platform,reporting,dev,CC1007,1075.08,GP_Gen5_8,8,40.0,,Conservative,True,65,Mock_4vCPU_20GB,4,20.0,65.9,185.21,185.21,Low,RESOLVED
2026-09-10,run-20260910-official-001,FIS-DIGITAL,SUB-DIGITAL-07,/subscriptions/00000017-0017-4017-8017-000000000017/resourceGroups/rg-dev-047/providers/microsoft.logic/workflows/logic-apps-011,logic-apps-011,microsoft.logic/workflows,rg-dev-047,brazilsouth,Optimize-Tier,Optimize service tier,Move to a lower-cost tier aligned with observed demand,,,LOW,HIGH,HEURISTIC,FULL,PARTIAL,Metric1,cloud-platform,reporting,dev,CC1007,1075.08,GP_Gen5_8,8,40.0,,Moderate,False,72,Mock_4vCPU_20GB,4,20.0,83.7,227.54,0.0,Medium,RESOLVED
2026-09-10,run-20260910-official-001,FIS-DIGITAL,SUB-DIGITAL-07,/subscriptions/00000017-0017-4017-8017-000000000017/resourceGroups/rg-dev-047/providers/microsoft.logic/workflows/logic-apps-011,logic-apps-011,microsoft.logic/workflows,rg-dev-047,brazilsouth,Optimize-Tier,Optimize service tier,Move to a lower-cost tier aligned with observed demand,,,LOW,HIGH,HEURISTIC,FULL,PARTIAL,Metric1,cloud-platform,reporting,dev,CC1007,1075.08,GP_Gen5_8,8,40.0,,Aggressive,False,80,Mock_2vCPU_10GB,2,10.0,88.8,285.75,0.0,High,RESOLVED
2026-09-10,run-20260910-official-001,FIS-CORP,SUB-CORP-04,/subscriptions/00000004-0004-4004-8004-000000000004/resourceGroups/rg-nonprod-034/providers/microsoft.logic/workflows/logic-apps-012,logic-apps-012,microsoft.logic/workflows,rg-nonprod-034,centralus,Downsize,Downsize resource,Rightsize based on sustained utilization,,,LOW,HIGH,UNPRICED,FULL,PARTIAL,"Metric1,Metric2,Metric3",digital-channels,api-hub,nonprod,CC1004,3454.36,Standard_D2s_v5,2,8.0,,Conservative,True,65,Mock_1vCPU_4GB,1,4.0,70.2,362.71,362.71,Low,RESOLVED
2026-09-10,run-20260910-official-001,FIS-CORP,SUB-CORP-04,/subscriptions/00000004-0004-4004-8004-000000000004/resourceGroups/rg-nonprod-034/providers/microsoft.logic/workflows/logic-apps-012,logic-apps-012,microsoft.logic/workflows,rg-nonprod-034,centralus,Downsize,Downsize resource,Rightsize based on sustained utilization,,,LOW,HIGH,UNPRICED,FULL,PARTIAL,"Metric1,Metric2,Metric3",digital-channels,api-hub,nonprod,CC1004,3454.36,Standard_D2s_v5,2,8.0,,Moderate,False,72,Mock_1vCPU_4GB,1,4.0,65.8,445.61,0.0,Medium,RESOLVED
2026-09-10,run-20260910-official-001,FIS-CORP,SUB-CORP-04,/subscriptions/00000004-0004-4004-8004-000000000004/resourceGroups/rg-nonprod-034/providers/microsoft.logic/workflows/logic-apps-012,logic-apps-012,microsoft.logic/workflows,rg-nonprod-034,centralus,Downsize,Downsize resource,Rightsize based on sustained utilization,,,LOW,HIGH,UNPRICED,FULL,PARTIAL,"Metric1,Metric2,Metric3",digital-channels,api-hub,nonprod,CC1004,3454.36,Standard_D2s_v5,2,8.0,,Aggressive,False,80,Mock_1vCPU_2GB,1,2.0,82.9,559.61,0.0,High,RESOLVED
2026-09-10,run-20260910-official-001,FIS-DIGITAL,SUB-DIGITAL-05,/subscriptions/00000015-0015-4015-8015-000000000015/resourceGroups/rg-prod-045/providers/microsoft.logic/workflows/logic-apps-013,logic-apps-013,microsoft.logic/workflows,rg-prod-045,eastus2,Optimize-Tier,Optimize service tier,Move to a lower-cost tier aligned with observed demand,,,LOW,HIGH,HEURISTIC,FULL,COMPLETE,,core-banking,risk,prod,CC1008,953.0,P1v3,2,8.0,,Conservative,True,65,Mock_1vCPU_4GB,1,4.0,59.0,202.29,202.29,Low,RESOLVED
2026-09-10,run-20260910-official-001,FIS-DIGITAL,SUB-DIGITAL-05,/subscriptions/00000015-0015-4015-8015-000000000015/resourceGroups/rg-prod-045/providers/microsoft.logic/workflows/logic-apps-013,logic-apps-013,microsoft.logic/workflows,rg-prod-045,eastus2,Optimize-Tier,Optimize service tier,Move to a lower-cost tier aligned with observed demand,,,LOW,HIGH,HEURISTIC,FULL,COMPLETE,,core-banking,risk,prod,CC1008,953.0,P1v3,2,8.0,,Moderate,False,72,Mock_1vCPU_4GB,1,4.0,81.4,248.52,0.0,Medium,RESOLVED
2026-09-10,run-20260910-official-001,FIS-DIGITAL,SUB-DIGITAL-05,/subscriptions/00000015-0015-4015-8015-000000000015/resourceGroups/rg-prod-045/providers/microsoft.logic/workflows/logic-apps-013,logic-apps-013,microsoft.logic/workflows,rg-prod-045,eastus2,Optimize-Tier,Optimize service tier,Move to a lower-cost tier aligned with observed demand,,,LOW,HIGH,HEURISTIC,FULL,COMPLETE,,core-banking,risk,prod,CC1008,953.0,P1v3,2,8.0,,Aggressive,False,80,Mock_1vCPU_2GB,1,2.0,86.9,312.1,0.0,High,RESOLVED
2026-09-10,run-20260910-official-001,FIS-CORP,SUB-CORP-10,/subscriptions/00000010-0010-4010-8010-000000000010/resourceGroups/rg-nonprod-010/providers/microsoft.logic/workflows/logic-apps-014,logic-apps-014,microsoft.logic/workflows,rg-nonprod-010,eastus,Downsize,Downsize resource,Rightsize based on sustained utilization,,,LOW,MEDIUM,PRICED,FULL,PARTIAL,"Metric1,Metric2",cloud-platform,analytics,nonprod,CC1004,236.01,GP_Gen5_4,4,20.0,,Conservative,True,65,Mock_2vCPU_10GB,2,10.0,70.4,42.08,42.08,Low,RESOLVED
2026-09-10,run-20260910-official-001,FIS-CORP,SUB-CORP-10,/subscriptions/00000010-0010-4010-8010-000000000010/resourceGroups/rg-nonprod-010/providers/microsoft.logic/workflows/logic-apps-014,logic-apps-014,microsoft.logic/workflows,rg-nonprod-010,eastus,Downsize,Downsize resource,Rightsize based on sustained utilization,,,LOW,MEDIUM,PRICED,FULL,PARTIAL,"Metric1,Metric2",cloud-platform,analytics,nonprod,CC1004,236.01,GP_Gen5_4,4,20.0,,Moderate,False,72,Mock_2vCPU_10GB,2,10.0,70.8,51.7,0.0,Medium,RESOLVED
2026-09-10,run-20260910-official-001,FIS-CORP,SUB-CORP-10,/subscriptions/00000010-0010-4010-8010-000000000010/resourceGroups/rg-nonprod-010/providers/microsoft.logic/workflows/logic-apps-014,logic-apps-014,microsoft.logic/workflows,rg-nonprod-010,eastus,Downsize,Downsize resource,Rightsize based on sustained utilization,,,LOW,MEDIUM,PRICED,FULL,PARTIAL,"Metric1,Metric2",cloud-platform,analytics,nonprod,CC1004,236.01,GP_Gen5_4,4,20.0,,Aggressive,False,80,Mock_1vCPU_5GB,1,5.0,84.2,64.93,0.0,High,RESOLVED
2026-09-10,run-20260910-official-001,FIS-INTERNATIONAL,SUB-INTERNATIONAL-01,/subscriptions/00000021-0021-4021-8021-000000000021/resourceGroups/rg-prod-021/providers/microsoft.logic/workflows/logic-apps-015,logic-apps-015,microsoft.logic/workflows,rg-prod-021,centralus,Downsize,Downsize resource,Rightsize based on sustained utilization,,,LOW,LOW,HEURISTIC,FULL,PARTIAL,"Metric1,Metric2,Metric3,Metric4",core-banking,customer360,prod,CC1008,1465.77,GP_Gen5_4,4,20.0,,Conservative,True,65,Mock_2vCPU_10GB,2,10.0,70.2,304.79,304.79,Low,RESOLVED
2026-09-10,run-20260910-official-001,FIS-INTERNATIONAL,SUB-INTERNATIONAL-01,/subscriptions/00000021-0021-4021-8021-000000000021/resourceGroups/rg-prod-021/providers/microsoft.logic/workflows/logic-apps-015,logic-apps-015,microsoft.logic/workflows,rg-prod-021,centralus,Downsize,Downsize resource,Rightsize based on sustained utilization,,,LOW,LOW,HEURISTIC,FULL,PARTIAL,"Metric1,Metric2,Metric3,Metric4",core-banking,customer360,prod,CC1008,1465.77,GP_Gen5_4,4,20.0,,Moderate,False,72,Mock_2vCPU_10GB,2,10.0,66.4,374.45,0.0,Medium,RESOLVED
2026-09-10,run-20260910-official-001,FIS-INTERNATIONAL,SUB-INTERNATIONAL-01,/subscriptions/00000021-0021-4021-8021-000000000021/resourceGroups/rg-prod-021/providers/microsoft.logic/workflows/logic-apps-015,logic-apps-015,microsoft.logic/workflows,rg-prod-021,centralus,Downsize,Downsize resource,Rightsize based on sustained utilization,,,LOW,LOW,HEURISTIC,FULL,PARTIAL,"Metric1,Metric2,Metric3,Metric4",core-banking,customer360,prod,CC1008,1465.77,GP_Gen5_4,4,20.0,,Aggressive,False,80,Mock_1vCPU_5GB,1,5.0,78.9,470.24,0.0,High,RESOLVED
2026-09-10,run-20260910-official-001,FIS-CORP,SUB-CORP-03,/subscriptions/00000003-0003-4003-8003-000000000003/resourceGroups/rg-prod-033/providers/microsoft.logic/workflows/logic-apps-019,logic-apps-019,microsoft.logic/workflows,rg-prod-033,eastus,Downsize,Downsize resource,Rightsize based on sustained utilization,,,LOW,MEDIUM,HEURISTIC,FULL,COMPLETE,,payments,payments,prod,CC1006,1656.06,GP_Gen5_4,4,20.0,,Conservative,True,65,Mock_2vCPU_10GB,2,10.0,61.8,364.4,364.4,Low,RESOLVED
2026-09-10,run-20260910-official-001,FIS-CORP,SUB-CORP-03,/subscriptions/00000003-0003-4003-8003-000000000003/resourceGroups/rg-prod-033/providers/microsoft.logic/workflows/logic-apps-019,logic-apps-019,microsoft.logic/workflows,rg-prod-033,eastus,Downsize,Downsize resource,Rightsize based on sustained utilization,,,LOW,MEDIUM,HEURISTIC,FULL,COMPLETE,,payments,payments,prod,CC1006,1656.06,GP_Gen5_4,4,20.0,,Moderate,False,72,Mock_2vCPU_10GB,2,10.0,77.2,447.69,0.0,Medium,RESOLVED
2026-09-10,run-20260910-official-001,FIS-CORP,SUB-CORP-03,/subscriptions/00000003-0003-4003-8003-000000000003/resourceGroups/rg-prod-033/providers/microsoft.logic/workflows/logic-apps-019,logic-apps-019,microsoft.logic/workflows,rg-prod-033,eastus,Downsize,Downsize resource,Rightsize based on sustained utilization,,,LOW,MEDIUM,HEURISTIC,FULL,COMPLETE,,payments,payments,prod,CC1006,1656.06,GP_Gen5_4,4,20.0,,Aggressive,False,80,Mock_1vCPU_5GB,1,5.0,87.3,562.22,0.0,High,RESOLVED
2026-09-10,run-20260910-official-001,FIS-INTERNATIONAL,SUB-INTERNATIONAL-04,/subscriptions/00000024-0024-4024-8024-000000000024/resourceGroups/rg-qa-024/providers/microsoft.logic/workflows/logic-apps-021,logic-apps-021,microsoft.logic/workflows,rg-qa-024,westeurope,Review-Utilization,Review utilization,Resource shows optimization opportunity based on current utilization,,,LOW,HIGH,HEURISTIC,FULL,COMPLETE,,cloud-platform,payments,qa,CC1004,3265.51,Standard_D4s_v5,4,16.0,,Conservative,True,65,Mock_2vCPU_8GB,2,8.0,61.1,305.98,305.98,Low,RESOLVED
2026-09-10,run-20260910-official-001,FIS-INTERNATIONAL,SUB-INTERNATIONAL-04,/subscriptions/00000024-0024-4024-8024-000000000024/resourceGroups/rg-qa-024/providers/microsoft.logic/workflows/logic-apps-021,logic-apps-021,microsoft.logic/workflows,rg-qa-024,westeurope,Review-Utilization,Review utilization,Resource shows optimization opportunity based on current utilization,,,LOW,HIGH,HEURISTIC,FULL,COMPLETE,,cloud-platform,payments,qa,CC1004,3265.51,Standard_D4s_v5,4,16.0,,Moderate,False,72,Mock_2vCPU_8GB,2,8.0,81.5,375.91,0.0,Medium,RESOLVED
2026-09-10,run-20260910-official-001,FIS-INTERNATIONAL,SUB-INTERNATIONAL-04,/subscriptions/00000024-0024-4024-8024-000000000024/resourceGroups/rg-qa-024/providers/microsoft.logic/workflows/logic-apps-021,logic-apps-021,microsoft.logic/workflows,rg-qa-024,westeurope,Review-Utilization,Review utilization,Resource shows optimization opportunity based on current utilization,,,LOW,HIGH,HEURISTIC,FULL,COMPLETE,,cloud-platform,payments,qa,CC1004,3265.51,Standard_D4s_v5,4,16.0,,Aggressive,False,80,Mock_1vCPU_4GB,1,4.0,85.3,472.08,0.0,High,RESOLVED
2026-09-10,run-20260910-official-001,FIS-CORP,SUB-CORP-03,/subscriptions/00000003-0003-4003-8003-000000000003/resourceGroups/rg-prod-033/providers/microsoft.logic/workflows/logic-apps-022,logic-apps-022,microsoft.logic/workflows,rg-prod-033,eastus,Downsize,Downsize resource,Rightsize based on sustained utilization,,,LOW,MEDIUM,HEURISTIC,FULL,PARTIAL,Metric1,cloud-platform,api-hub,prod,CC1004,3859.78,Standard_D4s_v5,4,16.0,,Conservative,True,65,Mock_2vCPU_8GB,2,8.0,76.5,524.58,524.58,Low,RESOLVED
2026-09-10,run-20260910-official-001,FIS-CORP,SUB-CORP-03,/subscriptions/00000003-0003-4003-8003-000000000003/resourceGroups/rg-prod-033/providers/microsoft.logic/workflows/logic-apps-022,logic-apps-022,microsoft.logic/workflows,rg-prod-033,eastus,Downsize,Downsize resource,Rightsize based on sustained utilization,,,LOW,MEDIUM,HEURISTIC,FULL,PARTIAL,Metric1,cloud-platform,api-hub,prod,CC1004,3859.78,Standard_D4s_v5,4,16.0,,Moderate,False,72,Mock_2vCPU_8GB,2,8.0,71.6,644.48,0.0,Medium,RESOLVED
2026-09-10,run-20260910-official-001,FIS-CORP,SUB-CORP-03,/subscriptions/00000003-0003-4003-8003-000000000003/resourceGroups/rg-prod-033/providers/microsoft.logic/workflows/logic-apps-022,logic-apps-022,microsoft.logic/workflows,rg-prod-033,eastus,Downsize,Downsize resource,Rightsize based on sustained utilization,,,LOW,MEDIUM,HEURISTIC,FULL,PARTIAL,Metric1,cloud-platform,api-hub,prod,CC1004,3859.78,Standard_D4s_v5,4,16.0,,Aggressive,False,80,Mock_1vCPU_4GB,1,4.0,79.1,809.35,0.0,High,RESOLVED
2026-09-10,run-20260910-official-001,FIS-INTERNATIONAL,SUB-INTERNATIONAL-03,/subscriptions/00000023-0023-4023-8023-000000000023/resourceGroups/rg-dev-023/providers/microsoft.logic/workflows/logic-apps-023,logic-apps-023,microsoft.logic/workflows,rg-dev-023,eastus2,Optimize-Tier,Optimize service tier,Move to a lower-cost tier aligned with observed demand,,,LOW,HIGH,PRICED,FULL,COMPLETE,,cloud-platform,identity,dev,CC1007,1862.49,Standard_D4s_v5,4,16.0,,Conservative,True,65,Mock_2vCPU_8GB,2,8.0,63.6,345.25,345.25,Low,RESOLVED
2026-09-10,run-20260910-official-001,FIS-INTERNATIONAL,SUB-INTERNATIONAL-03,/subscriptions/00000023-0023-4023-8023-000000000023/resourceGroups/rg-dev-023/providers/microsoft.logic/workflows/logic-apps-023,logic-apps-023,microsoft.logic/workflows,rg-dev-023,eastus2,Optimize-Tier,Optimize service tier,Move to a lower-cost tier aligned with observed demand,,,LOW,HIGH,PRICED,FULL,COMPLETE,,cloud-platform,identity,dev,CC1007,1862.49,Standard_D4s_v5,4,16.0,,Moderate,False,72,Mock_2vCPU_8GB,2,8.0,74.1,424.17,0.0,Medium,RESOLVED
2026-09-10,run-20260910-official-001,FIS-INTERNATIONAL,SUB-INTERNATIONAL-03,/subscriptions/00000023-0023-4023-8023-000000000023/resourceGroups/rg-dev-023/providers/microsoft.logic/workflows/logic-apps-023,logic-apps-023,microsoft.logic/workflows,rg-dev-023,eastus2,Optimize-Tier,Optimize service tier,Move to a lower-cost tier aligned with observed demand,,,LOW,HIGH,PRICED,FULL,COMPLETE,,cloud-platform,identity,dev,CC1007,1862.49,Standard_D4s_v5,4,16.0,,Aggressive,False,80,Mock_1vCPU_4GB,1,4.0,89.7,532.68,0.0,High,RESOLVED
2026-09-10,run-20260910-official-001,FIS-DIGITAL,SUB-DIGITAL-03,/subscriptions/00000013-0013-4013-8013-000000000013/resourceGroups/rg-prod-013/providers/microsoft.logic/workflows/logic-apps-025,logic-apps-025,microsoft.logic/workflows,rg-prod-013,northeurope,Optimize-Tier,Optimize service tier,Move to a lower-cost tier aligned with observed demand,,,LOW,HIGH,PRICED,FULL,COMPLETE,,data-ai,customer360,prod,CC1011,3468.88,GP_Gen5_8,8,40.0,,Conservative,True,65,Mock_4vCPU_20GB,4,20.0,58.9,421.49,421.49,Low,RESOLVED
2026-09-10,run-20260910-official-001,FIS-DIGITAL,SUB-DIGITAL-03,/subscriptions/00000013-0013-4013-8013-000000000013/resourceGroups/rg-prod-013/providers/microsoft.logic/workflows/logic-apps-025,logic-apps-025,microsoft.logic/workflows,rg-prod-013,northeurope,Optimize-Tier,Optimize service tier,Move to a lower-cost tier aligned with observed demand,,,LOW,HIGH,PRICED,FULL,COMPLETE,,data-ai,customer360,prod,CC1011,3468.88,GP_Gen5_8,8,40.0,,Moderate,False,72,Mock_4vCPU_20GB,4,20.0,81.8,517.83,0.0,Medium,RESOLVED
2026-09-10,run-20260910-official-001,FIS-DIGITAL,SUB-DIGITAL-03,/subscriptions/00000013-0013-4013-8013-000000000013/resourceGroups/rg-prod-013/providers/microsoft.logic/workflows/logic-apps-025,logic-apps-025,microsoft.logic/workflows,rg-prod-013,northeurope,Optimize-Tier,Optimize service tier,Move to a lower-cost tier aligned with observed demand,,,LOW,HIGH,PRICED,FULL,COMPLETE,,data-ai,customer360,prod,CC1011,3468.88,GP_Gen5_8,8,40.0,,Aggressive,False,80,Mock_2vCPU_10GB,2,10.0,78.7,650.3,0.0,High,RESOLVED
2026-09-10,run-20260910-official-001,FIS-INTERNATIONAL,SUB-INTERNATIONAL-01,/subscriptions/00000021-0021-4021-8021-000000000021/resourceGroups/rg-prod-021/providers/microsoft.logic/workflows/logic-apps-028,logic-apps-028,microsoft.logic/workflows,rg-prod-021,brazilsouth,Downsize,Downsize resource,Rightsize based on sustained utilization,,,LOW,LOW,PRICED,FULL,COMPLETE,,payments,identity,prod,CC1008,763.72,P1v3,2,8.0,,Conservative,True,65,Mock_1vCPU_4GB,1,4.0,69.9,95.35,95.35,Low,RESOLVED
2026-09-10,run-20260910-official-001,FIS-INTERNATIONAL,SUB-INTERNATIONAL-01,/subscriptions/00000021-0021-4021-8021-000000000021/resourceGroups/rg-prod-021/providers/microsoft.logic/workflows/logic-apps-028,logic-apps-028,microsoft.logic/workflows,rg-prod-021,brazilsouth,Downsize,Downsize resource,Rightsize based on sustained utilization,,,LOW,LOW,PRICED,FULL,COMPLETE,,payments,identity,prod,CC1008,763.72,P1v3,2,8.0,,Moderate,False,72,Mock_1vCPU_4GB,1,4.0,71.6,117.14,0.0,Medium,RESOLVED
2026-09-10,run-20260910-official-001,FIS-INTERNATIONAL,SUB-INTERNATIONAL-01,/subscriptions/00000021-0021-4021-8021-000000000021/resourceGroups/rg-prod-021/providers/microsoft.logic/workflows/logic-apps-028,logic-apps-028,microsoft.logic/workflows,rg-prod-021,brazilsouth,Downsize,Downsize resource,Rightsize based on sustained utilization,,,LOW,LOW,PRICED,FULL,COMPLETE,,payments,identity,prod,CC1008,763.72,P1v3,2,8.0,,Aggressive,False,80,Mock_1vCPU_2GB,1,2.0,77.8,147.11,0.0,High,RESOLVED
2026-09-10,run-20260910-official-001,FIS-DIGITAL,SUB-DIGITAL-08,/subscriptions/00000018-0018-4018-8018-000000000018/resourceGroups/rg-qa-048/providers/microsoft.servicebus/namespaces/service-bus-003,service-bus-003,microsoft.servicebus/namespaces,rg-qa-048,westus2,Optimize-Tier,Optimize service tier,Move to a lower-cost tier aligned with observed demand,,,MEDIUM,HIGH,PRICED,FULL,PARTIAL,"Metric1,Metric2,Metric3",integration,reporting,qa,CC1005,5999.31,P1v3,2,8.0,,Conservative,True,65,Mock_1vCPU_4GB,1,4.0,66.5,1376.72,1376.72,Low,RESOLVED
2026-09-10,run-20260910-official-001,FIS-DIGITAL,SUB-DIGITAL-08,/subscriptions/00000018-0018-4018-8018-000000000018/resourceGroups/rg-qa-048/providers/microsoft.servicebus/namespaces/service-bus-003,service-bus-003,microsoft.servicebus/namespaces,rg-qa-048,westus2,Optimize-Tier,Optimize service tier,Move to a lower-cost tier aligned with observed demand,,,MEDIUM,HIGH,PRICED,FULL,PARTIAL,"Metric1,Metric2,Metric3",integration,reporting,qa,CC1005,5999.31,P1v3,2,8.0,,Moderate,False,72,Mock_1vCPU_4GB,1,4.0,81.6,1691.4,0.0,Medium,RESOLVED
2026-09-10,run-20260910-official-001,FIS-DIGITAL,SUB-DIGITAL-08,/subscriptions/00000018-0018-4018-8018-000000000018/resourceGroups/rg-qa-048/providers/microsoft.servicebus/namespaces/service-bus-003,service-bus-003,microsoft.servicebus/namespaces,rg-qa-048,westus2,Optimize-Tier,Optimize service tier,Move to a lower-cost tier aligned with observed demand,,,MEDIUM,HIGH,PRICED,FULL,PARTIAL,"Metric1,Metric2,Metric3",integration,reporting,qa,CC1005,5999.31,P1v3,2,8.0,,Aggressive,False,80,Mock_1vCPU_2GB,1,2.0,86.2,2124.08,0.0,High,RESOLVED
2026-09-10,run-20260910-official-001,FIS-CORP,SUB-CORP-06,/subscriptions/00000006-0006-4006-8006-000000000006/resourceGroups/rg-qa-036/providers/microsoft.servicebus/namespaces/service-bus-004,service-bus-004,microsoft.servicebus/namespaces,rg-qa-036,westus2,Review-Utilization,Review utilization,Resource shows optimization opportunity based on current utilization,,,MEDIUM,MEDIUM,HEURISTIC,FULL,PARTIAL,"Metric1,Metric2",data-ai,identity,qa,CC1004,11196.51,Standard_D4s_v5,4,16.0,,Conservative,True,65,Mock_2vCPU_8GB,2,8.0,63.7,1100.1,1100.1,Low,RESOLVED
2026-09-10,run-20260910-official-001,FIS-CORP,SUB-CORP-06,/subscriptions/00000006-0006-4006-8006-000000000006/resourceGroups/rg-qa-036/providers/microsoft.servicebus/namespaces/service-bus-004,service-bus-004,microsoft.servicebus/namespaces,rg-qa-036,westus2,Review-Utilization,Review utilization,Resource shows optimization opportunity based on current utilization,,,MEDIUM,MEDIUM,HEURISTIC,FULL,PARTIAL,"Metric1,Metric2",data-ai,identity,qa,CC1004,11196.51,Standard_D4s_v5,4,16.0,,Moderate,False,72,Mock_2vCPU_8GB,2,8.0,67.9,1351.55,0.0,Medium,RESOLVED
2026-09-10,run-20260910-official-001,FIS-CORP,SUB-CORP-06,/subscriptions/00000006-0006-4006-8006-000000000006/resourceGroups/rg-qa-036/providers/microsoft.servicebus/namespaces/service-bus-004,service-bus-004,microsoft.servicebus/namespaces,rg-qa-036,westus2,Review-Utilization,Review utilization,Resource shows optimization opportunity based on current utilization,,,MEDIUM,MEDIUM,HEURISTIC,FULL,PARTIAL,"Metric1,Metric2",data-ai,identity,qa,CC1004,11196.51,Standard_D4s_v5,4,16.0,,Aggressive,False,80,Mock_1vCPU_4GB,1,4.0,80.0,1697.3,0.0,High,RESOLVED
2026-09-10,run-20260910-official-001,FIS-INTERNATIONAL,SUB-INTERNATIONAL-03,/subscriptions/00000023-0023-4023-8023-000000000023/resourceGroups/rg-dev-023/providers/microsoft.servicebus/namespaces/service-bus-005,service-bus-005,microsoft.servicebus/namespaces,rg-dev-023,westus2,Review-Utilization,Review utilization,Resource shows optimization opportunity based on current utilization,,,HIGH,HIGH,HEURISTIC,FULL,PARTIAL,"Metric1,Metric2,Metric3",digital-channels,customer360,dev,CC1006,14473.18,Standard_D4s_v5,4,16.0,,Conservative,True,65,Mock_2vCPU_8GB,2,8.0,68.4,3879.78,3879.78,Low,RESOLVED
2026-09-10,run-20260910-official-001,FIS-INTERNATIONAL,SUB-INTERNATIONAL-03,/subscriptions/00000023-0023-4023-8023-000000000023/resourceGroups/rg-dev-023/providers/microsoft.servicebus/namespaces/service-bus-005,service-bus-005,microsoft.servicebus/namespaces,rg-dev-023,westus2,Review-Utilization,Review utilization,Resource shows optimization opportunity based on current utilization,,,HIGH,HIGH,HEURISTIC,FULL,PARTIAL,"Metric1,Metric2,Metric3",digital-channels,customer360,dev,CC1006,14473.18,Standard_D4s_v5,4,16.0,,Moderate,False,72,Mock_2vCPU_8GB,2,8.0,72.5,4766.58,0.0,Medium,RESOLVED
2026-09-10,run-20260910-official-001,FIS-INTERNATIONAL,SUB-INTERNATIONAL-03,/subscriptions/00000023-0023-4023-8023-000000000023/resourceGroups/rg-dev-023/providers/microsoft.servicebus/namespaces/service-bus-005,service-bus-005,microsoft.servicebus/namespaces,rg-dev-023,westus2,Review-Utilization,Review utilization,Resource shows optimization opportunity based on current utilization,,,HIGH,HIGH,HEURISTIC,FULL,PARTIAL,"Metric1,Metric2,Metric3",digital-channels,customer360,dev,CC1006,14473.18,Standard_D4s_v5,4,16.0,,Aggressive,False,80,Mock_1vCPU_4GB,1,4.0,80.0,5985.94,0.0,High,RESOLVED
2026-09-10,run-20260910-official-001,FIS-CORP,SUB-CORP-08,/subscriptions/00000008-0008-4008-8008-000000000008/resourceGroups/rg-nonprod-038/providers/microsoft.servicebus/namespaces/service-bus-006,service-bus-006,microsoft.servicebus/namespaces,rg-nonprod-038,westus2,Review-Utilization,Review utilization,Resource shows optimization opportunity based on current utilization,,,MEDIUM,MEDIUM,PRICED,FULL,PARTIAL,"Metric1,Metric2",core-banking,reporting,nonprod,CC1011,14526.85,Standard_D4s_v5,4,16.0,,Conservative,True,65,Mock_2vCPU_8GB,2,8.0,62.4,1382.65,1382.65,Low,RESOLVED
2026-09-10,run-20260910-official-001,FIS-CORP,SUB-CORP-08,/subscriptions/00000008-0008-4008-8008-000000000008/resourceGroups/rg-nonprod-038/providers/microsoft.servicebus/namespaces/service-bus-006,service-bus-006,microsoft.servicebus/namespaces,rg-nonprod-038,westus2,Review-Utilization,Review utilization,Resource shows optimization opportunity based on current utilization,,,MEDIUM,MEDIUM,PRICED,FULL,PARTIAL,"Metric1,Metric2",core-banking,reporting,nonprod,CC1011,14526.85,Standard_D4s_v5,4,16.0,,Moderate,False,72,Mock_2vCPU_8GB,2,8.0,84.0,1698.69,0.0,Medium,RESOLVED
2026-09-10,run-20260910-official-001,FIS-CORP,SUB-CORP-08,/subscriptions/00000008-0008-4008-8008-000000000008/resourceGroups/rg-nonprod-038/providers/microsoft.servicebus/namespaces/service-bus-006,service-bus-006,microsoft.servicebus/namespaces,rg-nonprod-038,westus2,Review-Utilization,Review utilization,Resource shows optimization opportunity based on current utilization,,,MEDIUM,MEDIUM,PRICED,FULL,PARTIAL,"Metric1,Metric2",core-banking,reporting,nonprod,CC1011,14526.85,Standard_D4s_v5,4,16.0,,Aggressive,False,80,Mock_1vCPU_4GB,1,4.0,80.8,2133.24,0.0,High,RESOLVED
2026-09-10,run-20260910-official-001,FIS-CORP,SUB-CORP-07,/subscriptions/00000007-0007-4007-8007-000000000007/resourceGroups/rg-dev-007/providers/microsoft.servicebus/namespaces/service-bus-007,service-bus-007,microsoft.servicebus/namespaces,rg-dev-007,eastus,Downsize,Downsize resource,Rightsize based on sustained utilization,,,LOW,HIGH,PRICED,FULL,PARTIAL,Metric1,cloud-platform,customer360,dev,CC1002,3215.25,Standard_D4s_v5,4,16.0,,Conservative,True,65,Mock_2vCPU_8GB,2,8.0,61.8,211.6,211.6,Low,RESOLVED
2026-09-10,run-20260910-official-001,FIS-CORP,SUB-CORP-07,/subscriptions/00000007-0007-4007-8007-000000000007/resourceGroups/rg-dev-007/providers/microsoft.servicebus/namespaces/service-bus-007,service-bus-007,microsoft.servicebus/namespaces,rg-dev-007,eastus,Downsize,Downsize resource,Rightsize based on sustained utilization,,,LOW,HIGH,PRICED,FULL,PARTIAL,Metric1,cloud-platform,customer360,dev,CC1002,3215.25,Standard_D4s_v5,4,16.0,,Moderate,False,72,Mock_2vCPU_8GB,2,8.0,82.2,259.97,0.0,Medium,RESOLVED
2026-09-10,run-20260910-official-001,FIS-CORP,SUB-CORP-07,/subscriptions/00000007-0007-4007-8007-000000000007/resourceGroups/rg-dev-007/providers/microsoft.servicebus/namespaces/service-bus-007,service-bus-007,microsoft.servicebus/namespaces,rg-dev-007,eastus,Downsize,Downsize resource,Rightsize based on sustained utilization,,,LOW,HIGH,PRICED,FULL,PARTIAL,Metric1,cloud-platform,customer360,dev,CC1002,3215.25,Standard_D4s_v5,4,16.0,,Aggressive,False,80,Mock_1vCPU_4GB,1,4.0,74.0,326.47,0.0,High,RESOLVED
2026-09-10,run-20260910-official-001,FIS-CORP,SUB-CORP-01,/subscriptions/00000001-0001-4001-8001-000000000001/resourceGroups/rg-prod-001/providers/microsoft.servicebus/namespaces/service-bus-008,service-bus-008,microsoft.servicebus/namespaces,rg-prod-001,eastus2,Downsize,Downsize resource,Rightsize based on sustained utilization,,,MEDIUM,HIGH,PRICED,FULL,PARTIAL,"Metric1,Metric2,Metric3",payments,reporting,prod,CC1004,5449.3,Standard_D2s_v5,2,8.0,,Conservative,True,65,Mock_1vCPU_4GB,1,4.0,73.8,1113.03,1113.03,Low,RESOLVED
2026-09-10,run-20260910-official-001,FIS-CORP,SUB-CORP-01,/subscriptions/00000001-0001-4001-8001-000000000001/resourceGroups/rg-prod-001/providers/microsoft.servicebus/namespaces/service-bus-008,service-bus-008,microsoft.servicebus/namespaces,rg-prod-001,eastus2,Downsize,Downsize resource,Rightsize based on sustained utilization,,,MEDIUM,HIGH,PRICED,FULL,PARTIAL,"Metric1,Metric2,Metric3",payments,reporting,prod,CC1004,5449.3,Standard_D2s_v5,2,8.0,,Moderate,False,72,Mock_1vCPU_4GB,1,4.0,66.9,1367.44,0.0,Medium,RESOLVED
2026-09-10,run-20260910-official-001,FIS-CORP,SUB-CORP-01,/subscriptions/00000001-0001-4001-8001-000000000001/resourceGroups/rg-prod-001/providers/microsoft.servicebus/namespaces/service-bus-008,service-bus-008,microsoft.servicebus/namespaces,rg-prod-001,eastus2,Downsize,Downsize resource,Rightsize based on sustained utilization,,,MEDIUM,HIGH,PRICED,FULL,PARTIAL,"Metric1,Metric2,Metric3",payments,reporting,prod,CC1004,5449.3,Standard_D2s_v5,2,8.0,,Aggressive,False,80,Mock_1vCPU_2GB,1,2.0,90.4,1717.25,0.0,High,RESOLVED
2026-09-10,run-20260910-official-001,FIS-DIGITAL,SUB-DIGITAL-03,/subscriptions/00000013-0013-4013-8013-000000000013/resourceGroups/rg-prod-013/providers/microsoft.servicebus/namespaces/service-bus-009,service-bus-009,microsoft.servicebus/namespaces,rg-prod-013,eastus2,Downsize,Downsize resource,Rightsize based on sustained utilization,,,MEDIUM,HIGH,HEURISTIC,FULL,COMPLETE,,data-ai,risk,prod,CC1005,5705.54,S3,4,7.0,,Conservative,True,65,Mock_2vCPU_3GB,2,3.5,75.0,1563.8,1563.8,Low,RESOLVED
2026-09-10,run-20260910-official-001,FIS-DIGITAL,SUB-DIGITAL-03,/subscriptions/00000013-0013-4013-8013-000000000013/resourceGroups/rg-prod-013/providers/microsoft.servicebus/namespaces/service-bus-009,service-bus-009,microsoft.servicebus/namespaces,rg-prod-013,eastus2,Downsize,Downsize resource,Rightsize based on sustained utilization,,,MEDIUM,HIGH,HEURISTIC,FULL,COMPLETE,,data-ai,risk,prod,CC1005,5705.54,S3,4,7.0,,Moderate,False,72,Mock_2vCPU_3GB,2,3.5,68.5,1921.24,0.0,Medium,RESOLVED
2026-09-10,run-20260910-official-001,FIS-DIGITAL,SUB-DIGITAL-03,/subscriptions/00000013-0013-4013-8013-000000000013/resourceGroups/rg-prod-013/providers/microsoft.servicebus/namespaces/service-bus-009,service-bus-009,microsoft.servicebus/namespaces,rg-prod-013,eastus2,Downsize,Downsize resource,Rightsize based on sustained utilization,,,MEDIUM,HIGH,HEURISTIC,FULL,COMPLETE,,data-ai,risk,prod,CC1005,5705.54,S3,4,7.0,,Aggressive,False,80,Mock_1vCPU_1GB,1,1.8,75.0,2412.72,0.0,High,RESOLVED
2026-09-10,run-20260910-official-001,FIS-CORP,SUB-CORP-08,/subscriptions/00000008-0008-4008-8008-000000000008/resourceGroups/rg-nonprod-038/providers/microsoft.servicebus/namespaces/service-bus-010,service-bus-010,microsoft.servicebus/namespaces,rg-nonprod-038,northeurope,Review-Utilization,Review utilization,Resource shows optimization opportunity based on current utilization,,,MEDIUM,MEDIUM,HEURISTIC,FULL,COMPLETE,,data-ai,risk,nonprod,CC1001,10676.37,Standard_D4s_v5,4,16.0,,Conservative,True,65,Mock_2vCPU_8GB,2,8.0,66.5,1202.14,1202.14,Low,RESOLVED
2026-09-10,run-20260910-official-001,FIS-CORP,SUB-CORP-08,/subscriptions/00000008-0008-4008-8008-000000000008/resourceGroups/rg-nonprod-038/providers/microsoft.servicebus/namespaces/service-bus-010,service-bus-010,microsoft.servicebus/namespaces,rg-nonprod-038,northeurope,Review-Utilization,Review utilization,Resource shows optimization opportunity based on current utilization,,,MEDIUM,MEDIUM,HEURISTIC,FULL,COMPLETE,,data-ai,risk,nonprod,CC1001,10676.37,Standard_D4s_v5,4,16.0,,Moderate,False,72,Mock_2vCPU_8GB,2,8.0,75.6,1476.91,0.0,Medium,RESOLVED
2026-09-10,run-20260910-official-001,FIS-CORP,SUB-CORP-08,/subscriptions/00000008-0008-4008-8008-000000000008/resourceGroups/rg-nonprod-038/providers/microsoft.servicebus/namespaces/service-bus-010,service-bus-010,microsoft.servicebus/namespaces,rg-nonprod-038,northeurope,Review-Utilization,Review utilization,Resource shows optimization opportunity based on current utilization,,,MEDIUM,MEDIUM,HEURISTIC,FULL,COMPLETE,,data-ai,risk,nonprod,CC1001,10676.37,Standard_D4s_v5,4,16.0,,Aggressive,False,80,Mock_1vCPU_4GB,1,4.0,81.3,1854.73,0.0,High,RESOLVED
2026-09-10,run-20260910-official-001,FIS-CORP,SUB-CORP-06,/subscriptions/00000006-0006-4006-8006-000000000006/resourceGroups/rg-qa-036/providers/microsoft.servicebus/namespaces/service-bus-012,service-bus-012,microsoft.servicebus/namespaces,rg-qa-036,eastus2,Review-Utilization,Review utilization,Resource shows optimization opportunity based on current utilization,,,MEDIUM,HIGH,PRICED,FULL,COMPLETE,,data-ai,api-hub,qa,CC1008,4213.26,Standard_D2s_v5,2,8.0,,Conservative,True,65,Mock_1vCPU_4GB,1,4.0,60.7,909.38,909.38,Low,RESOLVED
2026-09-10,run-20260910-official-001,FIS-CORP,SUB-CORP-06,/subscriptions/00000006-0006-4006-8006-000000000006/resourceGroups/rg-qa-036/providers/microsoft.servicebus/namespaces/service-bus-012,service-bus-012,microsoft.servicebus/namespaces,rg-qa-036,eastus2,Review-Utilization,Review utilization,Resource shows optimization opportunity based on current utilization,,,MEDIUM,HIGH,PRICED,FULL,COMPLETE,,data-ai,api-hub,qa,CC1008,4213.26,Standard_D2s_v5,2,8.0,,Moderate,False,72,Mock_1vCPU_4GB,1,4.0,70.1,1117.23,0.0,Medium,RESOLVED
2026-09-10,run-20260910-official-001,FIS-CORP,SUB-CORP-06,/subscriptions/00000006-0006-4006-8006-000000000006/resourceGroups/rg-qa-036/providers/microsoft.servicebus/namespaces/service-bus-012,service-bus-012,microsoft.servicebus/namespaces,rg-qa-036,eastus2,Review-Utilization,Review utilization,Resource shows optimization opportunity based on current utilization,,,MEDIUM,HIGH,PRICED,FULL,COMPLETE,,data-ai,api-hub,qa,CC1008,4213.26,Standard_D2s_v5,2,8.0,,Aggressive,False,80,Mock_1vCPU_2GB,1,2.0,89.9,1403.04,0.0,High,RESOLVED
2026-09-10,run-20260910-official-001,FIS-CORP,SUB-CORP-10,/subscriptions/00000010-0010-4010-8010-000000000010/resourceGroups/rg-nonprod-010/providers/microsoft.servicebus/namespaces/service-bus-014,service-bus-014,microsoft.servicebus/namespaces,rg-nonprod-010,eastus,Optimize-Tier,Optimize service tier,Move to a lower-cost tier aligned with observed demand,,,LOW,MEDIUM,PRICED,FULL,PARTIAL,"Metric1,Metric2,Metric3,Metric4,Metric5",cloud-platform,payments,nonprod,CC1011,4155.45,S3,4,7.0,,Conservative,True,65,Mock_2vCPU_3GB,2,3.5,63.4,386.19,386.19,Low,RESOLVED
2026-09-10,run-20260910-official-001,FIS-CORP,SUB-CORP-10,/subscriptions/00000010-0010-4010-8010-000000000010/resourceGroups/rg-nonprod-010/providers/microsoft.servicebus/namespaces/service-bus-014,service-bus-014,microsoft.servicebus/namespaces,rg-nonprod-010,eastus,Optimize-Tier,Optimize service tier,Move to a lower-cost tier aligned with observed demand,,,LOW,MEDIUM,PRICED,FULL,PARTIAL,"Metric1,Metric2,Metric3,Metric4,Metric5",cloud-platform,payments,nonprod,CC1011,4155.45,S3,4,7.0,,Moderate,False,72,Mock_2vCPU_3GB,2,3.5,73.9,474.46,0.0,Medium,RESOLVED
2026-09-10,run-20260910-official-001,FIS-CORP,SUB-CORP-10,/subscriptions/00000010-0010-4010-8010-000000000010/resourceGroups/rg-nonprod-010/providers/microsoft.servicebus/namespaces/service-bus-014,service-bus-014,microsoft.servicebus/namespaces,rg-nonprod-010,eastus,Optimize-Tier,Optimize service tier,Move to a lower-cost tier aligned with observed demand,,,LOW,MEDIUM,PRICED,FULL,PARTIAL,"Metric1,Metric2,Metric3,Metric4,Metric5",cloud-platform,payments,nonprod,CC1011,4155.45,S3,4,7.0,,Aggressive,False,80,Mock_1vCPU_1GB,1,1.8,86.0,595.84,0.0,High,RESOLVED
2026-09-10,run-20260910-official-001,FIS-CORP,SUB-CORP-10,/subscriptions/00000010-0010-4010-8010-000000000010/resourceGroups/rg-qa-040/providers/microsoft.servicebus/namespaces/service-bus-015,service-bus-015,microsoft.servicebus/namespaces,rg-qa-040,westus2,Downsize,Downsize resource,Rightsize based on sustained utilization,,,MEDIUM,LOW,HEURISTIC,FULL,PARTIAL,"Metric1,Metric2,Metric3,Metric4,Metric5",payments,risk,qa,CC1004,4532.27,Standard_D4s_v5,4,16.0,,Conservative,True,65,Mock_2vCPU_8GB,2,8.0,76.7,1208.05,1208.05,Low,RESOLVED
2026-09-10,run-20260910-official-001,FIS-CORP,SUB-CORP-10,/subscriptions/00000010-0010-4010-8010-000000000010/resourceGroups/rg-qa-040/providers/microsoft.servicebus/namespaces/service-bus-015,service-bus-015,microsoft.servicebus/namespaces,rg-qa-040,westus2,Downsize,Downsize resource,Rightsize based on sustained utilization,,,MEDIUM,LOW,HEURISTIC,FULL,PARTIAL,"Metric1,Metric2,Metric3,Metric4,Metric5",payments,risk,qa,CC1004,4532.27,Standard_D4s_v5,4,16.0,,Moderate,False,72,Mock_2vCPU_8GB,2,8.0,74.3,1484.17,0.0,Medium,RESOLVED
2026-09-10,run-20260910-official-001,FIS-CORP,SUB-CORP-10,/subscriptions/00000010-0010-4010-8010-000000000010/resourceGroups/rg-qa-040/providers/microsoft.servicebus/namespaces/service-bus-015,service-bus-015,microsoft.servicebus/namespaces,rg-qa-040,westus2,Downsize,Downsize resource,Rightsize based on sustained utilization,,,MEDIUM,LOW,HEURISTIC,FULL,PARTIAL,"Metric1,Metric2,Metric3,Metric4,Metric5",payments,risk,qa,CC1004,4532.27,Standard_D4s_v5,4,16.0,,Aggressive,False,80,Mock_1vCPU_4GB,1,4.0,89.1,1863.84,0.0,High,RESOLVED
2026-09-10,run-20260910-official-001,FIS-CORP,SUB-CORP-07,/subscriptions/00000007-0007-4007-8007-000000000007/resourceGroups/rg-dev-007/providers/microsoft.servicebus/namespaces/service-bus-017,service-bus-017,microsoft.servicebus/namespaces,rg-dev-007,westeurope,Optimize-Tier,Optimize service tier,Move to a lower-cost tier aligned with observed demand,,,HIGH,MEDIUM,PRICED,FULL,PARTIAL,"Metric1,Metric2",data-ai,ledger,dev,CC1001,17050.06,GP_Gen5_8,8,40.0,,Conservative,True,65,Mock_4vCPU_20GB,4,20.0,62.9,4061.25,4061.25,Low,RESOLVED
2026-09-10,run-20260910-official-001,FIS-CORP,SUB-CORP-07,/subscriptions/00000007-0007-4007-8007-000000000007/resourceGroups/rg-dev-007/providers/microsoft.servicebus/namespaces/service-bus-017,service-bus-017,microsoft.servicebus/namespaces,rg-dev-007,westeurope,Optimize-Tier,Optimize service tier,Move to a lower-cost tier aligned with observed demand,,,HIGH,MEDIUM,PRICED,FULL,PARTIAL,"Metric1,Metric2",data-ai,ledger,dev,CC1001,17050.06,GP_Gen5_8,8,40.0,,Moderate,False,72,Mock_4vCPU_20GB,4,20.0,65.6,4989.53,0.0,Medium,RESOLVED
2026-09-10,run-20260910-official-001,FIS-CORP,SUB-CORP-07,/subscriptions/00000007-0007-4007-8007-000000000007/resourceGroups/rg-dev-007/providers/microsoft.servicebus/namespaces/service-bus-017,service-bus-017,microsoft.servicebus/namespaces,rg-dev-007,westeurope,Optimize-Tier,Optimize service tier,Move to a lower-cost tier aligned with observed demand,,,HIGH,MEDIUM,PRICED,FULL,PARTIAL,"Metric1,Metric2",data-ai,ledger,dev,CC1001,17050.06,GP_Gen5_8,8,40.0,,Aggressive,False,80,Mock_2vCPU_10GB,2,10.0,82.1,6265.92,0.0,High,RESOLVED
2026-09-10,run-20260910-official-001,FIS-CORP,SUB-CORP-01,/subscriptions/00000001-0001-4001-8001-000000000001/resourceGroups/rg-prod-001/providers/microsoft.servicebus/namespaces/service-bus-018,service-bus-018,microsoft.servicebus/namespaces,rg-prod-001,eastus,Optimize-Tier,Optimize service tier,Move to a lower-cost tier aligned with observed demand,,,MEDIUM,MEDIUM,PRICED,FULL,COMPLETE,,security,customer360,prod,CC1003,2254.02,GP_Gen5_8,8,40.0,,Conservative,True,65,Mock_4vCPU_20GB,4,20.0,64.4,714.57,714.57,Low,RESOLVED
2026-09-10,run-20260910-official-001,FIS-CORP,SUB-CORP-01,/subscriptions/00000001-0001-4001-8001-000000000001/resourceGroups/rg-prod-001/providers/microsoft.servicebus/namespaces/service-bus-018,service-bus-018,microsoft.servicebus/namespaces,rg-prod-001,eastus,Optimize-Tier,Optimize service tier,Move to a lower-cost tier aligned with observed demand,,,MEDIUM,MEDIUM,PRICED,FULL,COMPLETE,,security,customer360,prod,CC1003,2254.02,GP_Gen5_8,8,40.0,,Moderate,False,72,Mock_4vCPU_20GB,4,20.0,80.5,877.91,0.0,Medium,RESOLVED
2026-09-10,run-20260910-official-001,FIS-CORP,SUB-CORP-01,/subscriptions/00000001-0001-4001-8001-000000000001/resourceGroups/rg-prod-001/providers/microsoft.servicebus/namespaces/service-bus-018,service-bus-018,microsoft.servicebus/namespaces,rg-prod-001,eastus,Optimize-Tier,Optimize service tier,Move to a lower-cost tier aligned with observed demand,,,MEDIUM,MEDIUM,PRICED,FULL,COMPLETE,,security,customer360,prod,CC1003,2254.02,GP_Gen5_8,8,40.0,,Aggressive,False,80,Mock_2vCPU_10GB,2,10.0,87.1,1102.49,0.0,High,RESOLVED
2026-09-10,run-20260910-official-001,FIS-DIGITAL,SUB-DIGITAL-10,/subscriptions/00000020-0020-4020-8020-000000000020/resourceGroups/rg-qa-020/providers/microsoft.servicebus/namespaces/service-bus-019,service-bus-019,microsoft.servicebus/namespaces,rg-qa-020,eastus,Review-Utilization,Review utilization,Resource shows optimization opportunity based on current utilization,,,HIGH,MEDIUM,PRICED,FULL,PARTIAL,Metric1,security,ledger,qa,CC1008,14289.38,GP_Gen5_8,8,40.0,,Conservative,True,65,Mock_4vCPU_20GB,4,20.0,67.9,3190.66,3190.66,Low,RESOLVED
2026-09-10,run-20260910-official-001,FIS-DIGITAL,SUB-DIGITAL-10,/subscriptions/00000020-0020-4020-8020-000000000020/resourceGroups/rg-qa-020/providers/microsoft.servicebus/namespaces/service-bus-019,service-bus-019,microsoft.servicebus/namespaces,rg-qa-020,eastus,Review-Utilization,Review utilization,Resource shows optimization opportunity based on current utilization,,,HIGH,MEDIUM,PRICED,FULL,PARTIAL,Metric1,security,ledger,qa,CC1008,14289.38,GP_Gen5_8,8,40.0,,Moderate,False,72,Mock_4vCPU_20GB,4,20.0,68.1,3919.95,0.0,Medium,RESOLVED
2026-09-10,run-20260910-official-001,FIS-DIGITAL,SUB-DIGITAL-10,/subscriptions/00000020-0020-4020-8020-000000000020/resourceGroups/rg-qa-020/providers/microsoft.servicebus/namespaces/service-bus-019,service-bus-019,microsoft.servicebus/namespaces,rg-qa-020,eastus,Review-Utilization,Review utilization,Resource shows optimization opportunity based on current utilization,,,HIGH,MEDIUM,PRICED,FULL,PARTIAL,Metric1,security,ledger,qa,CC1008,14289.38,GP_Gen5_8,8,40.0,,Aggressive,False,80,Mock_2vCPU_10GB,2,10.0,91.1,4922.73,0.0,High,RESOLVED
2026-09-10,run-20260910-official-001,FIS-CORP,SUB-CORP-08,/subscriptions/00000008-0008-4008-8008-000000000008/resourceGroups/rg-qa-008/providers/microsoft.servicebus/namespaces/service-bus-020,service-bus-020,microsoft.servicebus/namespaces,rg-qa-008,centralus,Review-Utilization,Review utilization,Resource shows optimization opportunity based on current utilization,,,HIGH,HIGH,HEURISTIC,FULL,PARTIAL,Metric1,security,identity,qa,CC1008,16473.28,Standard_D2s_v5,2,8.0,,Conservative,True,65,Mock_1vCPU_4GB,1,4.0,66.6,3866.42,3866.42,Low,RESOLVED
2026-09-10,run-20260910-official-001,FIS-CORP,SUB-CORP-08,/subscriptions/00000008-0008-4008-8008-000000000008/resourceGroups/rg-qa-008/providers/microsoft.servicebus/namespaces/service-bus-020,service-bus-020,microsoft.servicebus/namespaces,rg-qa-008,centralus,Review-Utilization,Review utilization,Resource shows optimization opportunity based on current utilization,,,HIGH,HIGH,HEURISTIC,FULL,PARTIAL,Metric1,security,identity,qa,CC1008,16473.28,Standard_D2s_v5,2,8.0,,Moderate,False,72,Mock_1vCPU_4GB,1,4.0,71.4,4750.18,0.0,Medium,RESOLVED
2026-09-10,run-20260910-official-001,FIS-CORP,SUB-CORP-08,/subscriptions/00000008-0008-4008-8008-000000000008/resourceGroups/rg-qa-008/providers/microsoft.servicebus/namespaces/service-bus-020,service-bus-020,microsoft.servicebus/namespaces,rg-qa-008,centralus,Review-Utilization,Review utilization,Resource shows optimization opportunity based on current utilization,,,HIGH,HIGH,HEURISTIC,FULL,PARTIAL,Metric1,security,identity,qa,CC1008,16473.28,Standard_D2s_v5,2,8.0,,Aggressive,False,80,Mock_1vCPU_2GB,1,2.0,90.8,5965.34,0.0,High,RESOLVED
2026-09-10,run-20260910-official-001,FIS-CORP,SUB-CORP-03,/subscriptions/00000003-0003-4003-8003-000000000003/resourceGroups/rg-dev-003/providers/microsoft.botservice/botservices/azure-bot-service-001,azure-bot-service-001,microsoft.botservice/botservices,rg-dev-003,centralus,Downsize,Downsize resource,Rightsize based on sustained utilization,,,MEDIUM,HIGH,PRICED,FULL,PARTIAL,"Metric1,Metric2,Metric3",digital-channels,ledger,dev,CC1006,4083.43,GP_Gen5_8,8,40.0,,Conservative,True,65,Mock_4vCPU_20GB,4,20.0,60.5,969.16,969.16,Low,RESOLVED
2026-09-10,run-20260910-official-001,FIS-CORP,SUB-CORP-03,/subscriptions/00000003-0003-4003-8003-000000000003/resourceGroups/rg-dev-003/providers/microsoft.botservice/botservices/azure-bot-service-001,azure-bot-service-001,microsoft.botservice/botservices,rg-dev-003,centralus,Downsize,Downsize resource,Rightsize based on sustained utilization,,,MEDIUM,HIGH,PRICED,FULL,PARTIAL,"Metric1,Metric2,Metric3",digital-channels,ledger,dev,CC1006,4083.43,GP_Gen5_8,8,40.0,,Moderate,False,72,Mock_4vCPU_20GB,4,20.0,75.8,1190.68,0.0,Medium,RESOLVED
2026-09-10,run-20260910-official-001,FIS-CORP,SUB-CORP-03,/subscriptions/00000003-0003-4003-8003-000000000003/resourceGroups/rg-dev-003/providers/microsoft.botservice/botservices/azure-bot-service-001,azure-bot-service-001,microsoft.botservice/botservices,rg-dev-003,centralus,Downsize,Downsize resource,Rightsize based on sustained utilization,,,MEDIUM,HIGH,PRICED,FULL,PARTIAL,"Metric1,Metric2,Metric3",digital-channels,ledger,dev,CC1006,4083.43,GP_Gen5_8,8,40.0,,Aggressive,False,80,Mock_2vCPU_10GB,2,10.0,79.2,1495.27,0.0,High,RESOLVED
2026-09-10,run-20260910-official-001,FIS-DIGITAL,SUB-DIGITAL-10,/subscriptions/00000020-0020-4020-8020-000000000020/resourceGroups/rg-qa-020/providers/microsoft.botservice/botservices/azure-bot-service-002,azure-bot-service-002,microsoft.botservice/botservices,rg-qa-020,eastus,Optimize-Tier,Optimize service tier,Move to a lower-cost tier aligned with observed demand,,,HIGH,MEDIUM,PRICED,FULL,PARTIAL,Metric1,data-ai,risk,qa,CC1009,11563.06,GP_Gen5_4,4,20.0,,Conservative,True,65,Mock_2vCPU_10GB,2,10.0,75.3,3630.46,3630.46,Low,RESOLVED
2026-09-10,run-20260910-official-001,FIS-DIGITAL,SUB-DIGITAL-10,/subscriptions/00000020-0020-4020-8020-000000000020/resourceGroups/rg-qa-020/providers/microsoft.botservice/botservices/azure-bot-service-002,azure-bot-service-002,microsoft.botservice/botservices,rg-qa-020,eastus,Optimize-Tier,Optimize service tier,Move to a lower-cost tier aligned with observed demand,,,HIGH,MEDIUM,PRICED,FULL,PARTIAL,Metric1,data-ai,risk,qa,CC1009,11563.06,GP_Gen5_4,4,20.0,,Moderate,False,72,Mock_2vCPU_10GB,2,10.0,69.7,4460.28,0.0,Medium,RESOLVED
2026-09-10,run-20260910-official-001,FIS-DIGITAL,SUB-DIGITAL-10,/subscriptions/00000020-0020-4020-8020-000000000020/resourceGroups/rg-qa-020/providers/microsoft.botservice/botservices/azure-bot-service-002,azure-bot-service-002,microsoft.botservice/botservices,rg-qa-020,eastus,Optimize-Tier,Optimize service tier,Move to a lower-cost tier aligned with observed demand,,,HIGH,MEDIUM,PRICED,FULL,PARTIAL,Metric1,data-ai,risk,qa,CC1009,11563.06,GP_Gen5_4,4,20.0,,Aggressive,False,80,Mock_1vCPU_5GB,1,5.0,84.3,5601.28,0.0,High,RESOLVED
2026-09-10,run-20260910-official-001,FIS-CORP,SUB-CORP-07,/subscriptions/00000007-0007-4007-8007-000000000007/resourceGroups/rg-prod-037/providers/microsoft.botservice/botservices/azure-bot-service-003,azure-bot-service-003,microsoft.botservice/botservices,rg-prod-037,eastus2,Review-Utilization,Review utilization,Resource shows optimization opportunity based on current utilization,,,MEDIUM,LOW,HEURISTIC,FULL,COMPLETE,,payments,reporting,prod,CC1003,5790.42,Standard_D2s_v5,2,8.0,,Conservative,True,65,Mock_1vCPU_4GB,1,4.0,73.2,1627.81,1627.81,Low,RESOLVED
2026-09-10,run-20260910-official-001,FIS-CORP,SUB-CORP-07,/subscriptions/00000007-0007-4007-8007-000000000007/resourceGroups/rg-prod-037/providers/microsoft.botservice/botservices/azure-bot-service-003,azure-bot-service-003,microsoft.botservice/botservices,rg-prod-037,eastus2,Review-Utilization,Review utilization,Resource shows optimization opportunity based on current utilization,,,MEDIUM,LOW,HEURISTIC,FULL,COMPLETE,,payments,reporting,prod,CC1003,5790.42,Standard_D2s_v5,2,8.0,,Moderate,False,72,Mock_1vCPU_4GB,1,4.0,78.2,1999.88,0.0,Medium,RESOLVED
2026-09-10,run-20260910-official-001,FIS-CORP,SUB-CORP-07,/subscriptions/00000007-0007-4007-8007-000000000007/resourceGroups/rg-prod-037/providers/microsoft.botservice/botservices/azure-bot-service-003,azure-bot-service-003,microsoft.botservice/botservices,rg-prod-037,eastus2,Review-Utilization,Review utilization,Resource shows optimization opportunity based on current utilization,,,MEDIUM,LOW,HEURISTIC,FULL,COMPLETE,,payments,reporting,prod,CC1003,5790.42,Standard_D2s_v5,2,8.0,,Aggressive,False,80,Mock_1vCPU_2GB,1,2.0,77.8,2511.48,0.0,High,RESOLVED
2026-09-10,run-20260910-official-001,FIS-DIGITAL,SUB-DIGITAL-07,/subscriptions/00000017-0017-4017-8017-000000000017/resourceGroups/rg-dev-047/providers/microsoft.botservice/botservices/azure-bot-service-006,azure-bot-service-006,microsoft.botservice/botservices,rg-dev-047,eastus2,Review-Utilization,Review utilization,Resource shows optimization opportunity based on current utilization,,,LOW,HIGH,PRICED,FULL,PARTIAL,"Metric1,Metric2,Metric3,Metric4",integration,reporting,dev,CC1010,1062.83,GP_Gen5_4,4,20.0,,Conservative,True,65,Mock_2vCPU_10GB,2,10.0,61.6,272.66,272.66,Low,RESOLVED
2026-09-10,run-20260910-official-001,FIS-DIGITAL,SUB-DIGITAL-07,/subscriptions/00000017-0017-4017-8017-000000000017/resourceGroups/rg-dev-047/providers/microsoft.botservice/botservices/azure-bot-service-006,azure-bot-service-006,microsoft.botservice/botservices,rg-dev-047,eastus2,Review-Utilization,Review utilization,Resource shows optimization opportunity based on current utilization,,,LOW,HIGH,PRICED,FULL,PARTIAL,"Metric1,Metric2,Metric3,Metric4",integration,reporting,dev,CC1010,1062.83,GP_Gen5_4,4,20.0,,Moderate,False,72,Mock_2vCPU_10GB,2,10.0,83.8,334.98,0.0,Medium,RESOLVED
2026-09-10,run-20260910-official-001,FIS-DIGITAL,SUB-DIGITAL-07,/subscriptions/00000017-0017-4017-8017-000000000017/resourceGroups/rg-dev-047/providers/microsoft.botservice/botservices/azure-bot-service-006,azure-bot-service-006,microsoft.botservice/botservices,rg-dev-047,eastus2,Review-Utilization,Review utilization,Resource shows optimization opportunity based on current utilization,,,LOW,HIGH,PRICED,FULL,PARTIAL,"Metric1,Metric2,Metric3,Metric4",integration,reporting,dev,CC1010,1062.83,GP_Gen5_4,4,20.0,,Aggressive,False,80,Mock_1vCPU_5GB,1,5.0,89.2,420.67,0.0,High,RESOLVED
2026-09-10,run-20260910-official-001,FIS-CORP,SUB-CORP-07,/subscriptions/00000007-0007-4007-8007-000000000007/resourceGroups/rg-dev-007/providers/microsoft.botservice/botservices/azure-bot-service-008,azure-bot-service-008,microsoft.botservice/botservices,rg-dev-007,northeurope,Downsize,Downsize resource,Rightsize based on sustained utilization,,,MEDIUM,HIGH,PRICED,FULL,COMPLETE,,payments,customer360,dev,CC1006,6517.25,Standard_D2s_v5,2,8.0,,Conservative,True,65,Mock_1vCPU_4GB,1,4.0,76.4,1581.61,1581.61,Low,RESOLVED
2026-09-10,run-20260910-official-001,FIS-CORP,SUB-CORP-07,/subscriptions/00000007-0007-4007-8007-000000000007/resourceGroups/rg-dev-007/providers/microsoft.botservice/botservices/azure-bot-service-008,azure-bot-service-008,microsoft.botservice/botservices,rg-dev-007,northeurope,Downsize,Downsize resource,Rightsize based on sustained utilization,,,MEDIUM,HIGH,PRICED,FULL,COMPLETE,,payments,customer360,dev,CC1006,6517.25,Standard_D2s_v5,2,8.0,,Moderate,False,72,Mock_1vCPU_4GB,1,4.0,73.2,1943.12,0.0,Medium,RESOLVED
2026-09-10,run-20260910-official-001,FIS-CORP,SUB-CORP-07,/subscriptions/00000007-0007-4007-8007-000000000007/resourceGroups/rg-dev-007/providers/microsoft.botservice/botservices/azure-bot-service-008,azure-bot-service-008,microsoft.botservice/botservices,rg-dev-007,northeurope,Downsize,Downsize resource,Rightsize based on sustained utilization,,,MEDIUM,HIGH,PRICED,FULL,COMPLETE,,payments,customer360,dev,CC1006,6517.25,Standard_D2s_v5,2,8.0,,Aggressive,False,80,Mock_1vCPU_2GB,1,2.0,84.3,2440.2,0.0,High,RESOLVED
2026-09-10,run-20260910-official-001,FIS-DIGITAL,SUB-DIGITAL-08,/subscriptions/00000018-0018-4018-8018-000000000018/resourceGroups/rg-nonprod-018/providers/microsoft.botservice/botservices/azure-bot-service-009,azure-bot-service-009,microsoft.botservice/botservices,rg-nonprod-018,northeurope,Optimize-Tier,Optimize service tier,Move to a lower-cost tier aligned with observed demand,,,MEDIUM,MEDIUM,HEURISTIC,FULL,COMPLETE,,core-banking,payments,nonprod,CC1003,4688.21,P1v3,2,8.0,,Conservative,True,65,Mock_1vCPU_4GB,1,4.0,59.9,906.41,906.41,Low,RESOLVED
2026-09-10,run-20260910-official-001,FIS-DIGITAL,SUB-DIGITAL-08,/subscriptions/00000018-0018-4018-8018-000000000018/resourceGroups/rg-nonprod-018/providers/microsoft.botservice/botservices/azure-bot-service-009,azure-bot-service-009,microsoft.botservice/botservices,rg-nonprod-018,northeurope,Optimize-Tier,Optimize service tier,Move to a lower-cost tier aligned with observed demand,,,MEDIUM,MEDIUM,HEURISTIC,FULL,COMPLETE,,core-banking,payments,nonprod,CC1003,4688.21,P1v3,2,8.0,,Moderate,False,72,Mock_1vCPU_4GB,1,4.0,66.2,1113.59,0.0,Medium,RESOLVED
2026-09-10,run-20260910-official-001,FIS-DIGITAL,SUB-DIGITAL-08,/subscriptions/00000018-0018-4018-8018-000000000018/resourceGroups/rg-nonprod-018/providers/microsoft.botservice/botservices/azure-bot-service-009,azure-bot-service-009,microsoft.botservice/botservices,rg-nonprod-018,northeurope,Optimize-Tier,Optimize service tier,Move to a lower-cost tier aligned with observed demand,,,MEDIUM,MEDIUM,HEURISTIC,FULL,COMPLETE,,core-banking,payments,nonprod,CC1003,4688.21,P1v3,2,8.0,,Aggressive,False,80,Mock_1vCPU_2GB,1,2.0,76.3,1398.46,0.0,High,RESOLVED
2026-09-10,run-20260910-official-001,FIS-DIGITAL,SUB-DIGITAL-07,/subscriptions/00000017-0017-4017-8017-000000000017/resourceGroups/rg-dev-047/providers/microsoft.botservice/botservices/azure-bot-service-012,azure-bot-service-012,microsoft.botservice/botservices,rg-dev-047,northeurope,Downsize,Downsize resource,Rightsize based on sustained utilization,,,HIGH,MEDIUM,PRICED,FULL,PARTIAL,"Metric1,Metric2",integration,analytics,dev,CC1009,17982.53,P1v3,2,8.0,,Conservative,True,65,Mock_1vCPU_4GB,1,4.0,70.6,2149.37,2149.37,Low,RESOLVED
2026-09-10,run-20260910-official-001,FIS-DIGITAL,SUB-DIGITAL-07,/subscriptions/00000017-0017-4017-8017-000000000017/resourceGroups/rg-dev-047/providers/microsoft.botservice/botservices/azure-bot-service-012,azure-bot-service-012,microsoft.botservice/botservices,rg-dev-047,northeurope,Downsize,Downsize resource,Rightsize based on sustained utilization,,,HIGH,MEDIUM,PRICED,FULL,PARTIAL,"Metric1,Metric2",integration,analytics,dev,CC1009,17982.53,P1v3,2,8.0,,Moderate,False,72,Mock_1vCPU_4GB,1,4.0,70.6,2640.66,0.0,Medium,RESOLVED
2026-09-10,run-20260910-official-001,FIS-DIGITAL,SUB-DIGITAL-07,/subscriptions/00000017-0017-4017-8017-000000000017/resourceGroups/rg-dev-047/providers/microsoft.botservice/botservices/azure-bot-service-012,azure-bot-service-012,microsoft.botservice/botservices,rg-dev-047,northeurope,Downsize,Downsize resource,Rightsize based on sustained utilization,,,HIGH,MEDIUM,PRICED,FULL,PARTIAL,"Metric1,Metric2",integration,analytics,dev,CC1009,17982.53,P1v3,2,8.0,,Aggressive,False,80,Mock_1vCPU_2GB,1,2.0,81.6,3316.17,0.0,High,RESOLVED
2026-09-10,run-20260910-official-001,FIS-DIGITAL,SUB-DIGITAL-01,/subscriptions/00000011-0011-4011-8011-000000000011/resourceGroups/rg-dev-011/providers/microsoft.machinelearningservices/workspaces/machine-learning-002,machine-learning-002,microsoft.machinelearningservices/workspaces,rg-dev-011,brazilsouth,Downsize,Downsize resource,Rightsize based on sustained utilization,,,MEDIUM,HIGH,HEURISTIC,FULL,PARTIAL,"Metric1,Metric2,Metric3",cloud-platform,payments,dev,CC1001,14096.66,S3,4,7.0,,Conservative,True,65,Mock_2vCPU_3GB,2,3.5,59.4,1912.46,1912.46,Low,RESOLVED
2026-09-10,run-20260910-official-001,FIS-DIGITAL,SUB-DIGITAL-01,/subscriptions/00000011-0011-4011-8011-000000000011/resourceGroups/rg-dev-011/providers/microsoft.machinelearningservices/workspaces/machine-learning-002,machine-learning-002,microsoft.machinelearningservices/workspaces,rg-dev-011,brazilsouth,Downsize,Downsize resource,Rightsize based on sustained utilization,,,MEDIUM,HIGH,HEURISTIC,FULL,PARTIAL,"Metric1,Metric2,Metric3",cloud-platform,payments,dev,CC1001,14096.66,S3,4,7.0,,Moderate,False,72,Mock_2vCPU_3GB,2,3.5,66.0,2349.6,0.0,Medium,RESOLVED
2026-09-10,run-20260910-official-001,FIS-DIGITAL,SUB-DIGITAL-01,/subscriptions/00000011-0011-4011-8011-000000000011/resourceGroups/rg-dev-011/providers/microsoft.machinelearningservices/workspaces/machine-learning-002,machine-learning-002,microsoft.machinelearningservices/workspaces,rg-dev-011,brazilsouth,Downsize,Downsize resource,Rightsize based on sustained utilization,,,MEDIUM,HIGH,HEURISTIC,FULL,PARTIAL,"Metric1,Metric2,Metric3",cloud-platform,payments,dev,CC1001,14096.66,S3,4,7.0,,Aggressive,False,80,Mock_1vCPU_1GB,1,1.8,87.0,2950.66,0.0,High,RESOLVED
2026-09-10,run-20260910-official-001,FIS-CORP,SUB-CORP-02,/subscriptions/00000002-0002-4002-8002-000000000002/resourceGroups/rg-qa-032/providers/microsoft.machinelearningservices/workspaces/machine-learning-003,machine-learning-003,microsoft.machinelearningservices/workspaces,rg-qa-032,northeurope,Downsize,Downsize resource,Rightsize based on sustained utilization,,,MEDIUM,MEDIUM,PRICED,FULL,PARTIAL,Metric1,integration,risk,qa,CC1011,7388.6,P1v3,2,8.0,,Conservative,True,65,Mock_1vCPU_4GB,1,4.0,66.4,1829.68,1829.68,Low,RESOLVED
2026-09-10,run-20260910-official-001,FIS-CORP,SUB-CORP-02,/subscriptions/00000002-0002-4002-8002-000000000002/resourceGroups/rg-qa-032/providers/microsoft.machinelearningservices/workspaces/machine-learning-003,machine-learning-003,microsoft.machinelearningservices/workspaces,rg-qa-032,northeurope,Downsize,Downsize resource,Rightsize based on sustained utilization,,,MEDIUM,MEDIUM,PRICED,FULL,PARTIAL,Metric1,integration,risk,qa,CC1011,7388.6,P1v3,2,8.0,,Moderate,False,72,Mock_1vCPU_4GB,1,4.0,71.2,2247.89,0.0,Medium,RESOLVED
2026-09-10,run-20260910-official-001,FIS-CORP,SUB-CORP-02,/subscriptions/00000002-0002-4002-8002-000000000002/resourceGroups/rg-qa-032/providers/microsoft.machinelearningservices/workspaces/machine-learning-003,machine-learning-003,microsoft.machinelearningservices/workspaces,rg-qa-032,northeurope,Downsize,Downsize resource,Rightsize based on sustained utilization,,,MEDIUM,MEDIUM,PRICED,FULL,PARTIAL,Metric1,integration,risk,qa,CC1011,7388.6,P1v3,2,8.0,,Aggressive,False,80,Mock_1vCPU_2GB,1,2.0,74.2,2822.94,0.0,High,RESOLVED
2026-09-10,run-20260910-official-001,FIS-INTERNATIONAL,SUB-INTERNATIONAL-10,/subscriptions/00000030-0030-4030-8030-000000000030/resourceGroups/rg-nonprod-030/providers/microsoft.machinelearningservices/workspaces/machine-learning-005,machine-learning-005,microsoft.machinelearningservices/workspaces,rg-nonprod-030,centralus,Optimize-Tier,Optimize service tier,Move to a lower-cost tier aligned with observed demand,,,MEDIUM,HIGH,PRICED,FULL,PARTIAL,Metric1,digital-channels,api-hub,nonprod,CC1008,9990.29,Standard_D2s_v5,2,8.0,,Conservative,True,65,Mock_1vCPU_4GB,1,4.0,63.1,1562.9,1562.9,Low,RESOLVED
2026-09-10,run-20260910-official-001,FIS-INTERNATIONAL,SUB-INTERNATIONAL-10,/subscriptions/00000030-0030-4030-8030-000000000030/resourceGroups/rg-nonprod-030/providers/microsoft.machinelearningservices/workspaces/machine-learning-005,machine-learning-005,microsoft.machinelearningservices/workspaces,rg-nonprod-030,centralus,Optimize-Tier,Optimize service tier,Move to a lower-cost tier aligned with observed demand,,,MEDIUM,HIGH,PRICED,FULL,PARTIAL,Metric1,digital-channels,api-hub,nonprod,CC1008,9990.29,Standard_D2s_v5,2,8.0,,Moderate,False,72,Mock_1vCPU_4GB,1,4.0,81.0,1920.14,0.0,Medium,RESOLVED
2026-09-10,run-20260910-official-001,FIS-INTERNATIONAL,SUB-INTERNATIONAL-10,/subscriptions/00000030-0030-4030-8030-000000000030/resourceGroups/rg-nonprod-030/providers/microsoft.machinelearningservices/workspaces/machine-learning-005,machine-learning-005,microsoft.machinelearningservices/workspaces,rg-nonprod-030,centralus,Optimize-Tier,Optimize service tier,Move to a lower-cost tier aligned with observed demand,,,MEDIUM,HIGH,PRICED,FULL,PARTIAL,Metric1,digital-channels,api-hub,nonprod,CC1008,9990.29,Standard_D2s_v5,2,8.0,,Aggressive,False,80,Mock_1vCPU_2GB,1,2.0,76.2,2411.34,0.0,High,RESOLVED
2026-09-10,run-20260910-official-001,FIS-CORP,SUB-CORP-01,/subscriptions/00000001-0001-4001-8001-000000000001/resourceGroups/rg-dev-031/providers/microsoft.machinelearningservices/workspaces/machine-learning-006,machine-learning-006,microsoft.machinelearningservices/workspaces,rg-dev-031,eastus2,Review-Utilization,Review utilization,Resource shows optimization opportunity based on current utilization,,,LOW,MEDIUM,PRICED,FULL,PARTIAL,Metric1,data-ai,reporting,dev,CC1005,5036.48,P1v3,2,8.0,,Conservative,True,65,Mock_1vCPU_4GB,1,4.0,75.4,372.11,372.11,Low,RESOLVED
2026-09-10,run-20260910-official-001,FIS-CORP,SUB-CORP-01,/subscriptions/00000001-0001-4001-8001-000000000001/resourceGroups/rg-dev-031/providers/microsoft.machinelearningservices/workspaces/machine-learning-006,machine-learning-006,microsoft.machinelearningservices/workspaces,rg-dev-031,eastus2,Review-Utilization,Review utilization,Resource shows optimization opportunity based on current utilization,,,LOW,MEDIUM,PRICED,FULL,PARTIAL,Metric1,data-ai,reporting,dev,CC1005,5036.48,P1v3,2,8.0,,Moderate,False,72,Mock_1vCPU_4GB,1,4.0,71.6,457.16,0.0,Medium,RESOLVED
2026-09-10,run-20260910-official-001,FIS-CORP,SUB-CORP-01,/subscriptions/00000001-0001-4001-8001-000000000001/resourceGroups/rg-dev-031/providers/microsoft.machinelearningservices/workspaces/machine-learning-006,machine-learning-006,microsoft.machinelearningservices/workspaces,rg-dev-031,eastus2,Review-Utilization,Review utilization,Resource shows optimization opportunity based on current utilization,,,LOW,MEDIUM,PRICED,FULL,PARTIAL,Metric1,data-ai,reporting,dev,CC1005,5036.48,P1v3,2,8.0,,Aggressive,False,80,Mock_1vCPU_2GB,1,2.0,79.7,574.11,0.0,High,RESOLVED
2026-09-10,run-20260910-official-001,FIS-DIGITAL,SUB-DIGITAL-09,/subscriptions/00000019-0019-4019-8019-000000000019/resourceGroups/rg-prod-049/providers/microsoft.machinelearningservices/workspaces/machine-learning-007,machine-learning-007,microsoft.machinelearningservices/workspaces,rg-prod-049,eastus,Review-Utilization,Review utilization,Resource shows optimization opportunity based on current utilization,,,MEDIUM,MEDIUM,HEURISTIC,FULL,PARTIAL,"Metric1,Metric2,Metric3,Metric4",integration,ledger,prod,CC1008,13278.59,P1v3,2,8.0,,Conservative,True,65,Mock_1vCPU_4GB,1,4.0,65.0,1353.66,1353.66,Low,RESOLVED
2026-09-10,run-20260910-official-001,FIS-DIGITAL,SUB-DIGITAL-09,/subscriptions/00000019-0019-4019-8019-000000000019/resourceGroups/rg-prod-049/providers/microsoft.machinelearningservices/workspaces/machine-learning-007,machine-learning-007,microsoft.machinelearningservices/workspaces,rg-prod-049,eastus,Review-Utilization,Review utilization,Resource shows optimization opportunity based on current utilization,,,MEDIUM,MEDIUM,HEURISTIC,FULL,PARTIAL,"Metric1,Metric2,Metric3,Metric4",integration,ledger,prod,CC1008,13278.59,P1v3,2,8.0,,Moderate,False,72,Mock_1vCPU_4GB,1,4.0,83.6,1663.07,0.0,Medium,RESOLVED
2026-09-10,run-20260910-official-001,FIS-DIGITAL,SUB-DIGITAL-09,/subscriptions/00000019-0019-4019-8019-000000000019/resourceGroups/rg-prod-049/providers/microsoft.machinelearningservices/workspaces/machine-learning-007,machine-learning-007,microsoft.machinelearningservices/workspaces,rg-prod-049,eastus,Review-Utilization,Review utilization,Resource shows optimization opportunity based on current utilization,,,MEDIUM,MEDIUM,HEURISTIC,FULL,PARTIAL,"Metric1,Metric2,Metric3,Metric4",integration,ledger,prod,CC1008,13278.59,P1v3,2,8.0,,Aggressive,False,80,Mock_1vCPU_2GB,1,2.0,80.1,2088.5,0.0,High,RESOLVED
2026-09-10,run-20260910-official-001,FIS-DIGITAL,SUB-DIGITAL-04,/subscriptions/00000014-0014-4014-8014-000000000014/resourceGroups/rg-qa-044/providers/microsoft.machinelearningservices/workspaces/machine-learning-008,machine-learning-008,microsoft.machinelearningservices/workspaces,rg-qa-044,eastus,Downsize,Downsize resource,Rightsize based on sustained utilization,,,LOW,MEDIUM,HEURISTIC,FULL,PARTIAL,"Metric1,Metric2,Metric3",security,analytics,qa,CC1004,760.99,Standard_D8s_v5,8,32.0,,Conservative,True,65,Mock_4vCPU_16GB,4,16.0,65.7,67.64,67.64,Low,RESOLVED
2026-09-10,run-20260910-official-001,FIS-DIGITAL,SUB-DIGITAL-04,/subscriptions/00000014-0014-4014-8014-000000000014/resourceGroups/rg-qa-044/providers/microsoft.machinelearningservices/workspaces/machine-learning-008,machine-learning-008,microsoft.machinelearningservices/workspaces,rg-qa-044,eastus,Downsize,Downsize resource,Rightsize based on sustained utilization,,,LOW,MEDIUM,HEURISTIC,FULL,PARTIAL,"Metric1,Metric2,Metric3",security,analytics,qa,CC1004,760.99,Standard_D8s_v5,8,32.0,,Moderate,False,72,Mock_4vCPU_16GB,4,16.0,67.1,83.1,0.0,Medium,RESOLVED
2026-09-10,run-20260910-official-001,FIS-DIGITAL,SUB-DIGITAL-04,/subscriptions/00000014-0014-4014-8014-000000000014/resourceGroups/rg-qa-044/providers/microsoft.machinelearningservices/workspaces/machine-learning-008,machine-learning-008,microsoft.machinelearningservices/workspaces,rg-qa-044,eastus,Downsize,Downsize resource,Rightsize based on sustained utilization,,,LOW,MEDIUM,HEURISTIC,FULL,PARTIAL,"Metric1,Metric2,Metric3",security,analytics,qa,CC1004,760.99,Standard_D8s_v5,8,32.0,,Aggressive,False,80,Mock_2vCPU_8GB,2,8.0,90.7,104.36,0.0,High,RESOLVED
2026-09-10,run-20260910-official-001,FIS-CORP,SUB-CORP-04,/subscriptions/00000004-0004-4004-8004-000000000004/resourceGroups/rg-nonprod-034/providers/microsoft.machinelearningservices/workspaces/machine-learning-013,machine-learning-013,microsoft.machinelearningservices/workspaces,rg-nonprod-034,eastus2,Downsize,Downsize resource,Rightsize based on sustained utilization,,,LOW,MEDIUM,HEURISTIC,FULL,PARTIAL,Metric1,data-ai,risk,nonprod,CC1001,4608.89,Standard_D4s_v5,4,16.0,,Conservative,True,65,Mock_2vCPU_8GB,2,8.0,70.0,451.51,451.51,Low,RESOLVED
2026-09-10,run-20260910-official-001,FIS-CORP,SUB-CORP-04,/subscriptions/00000004-0004-4004-8004-000000000004/resourceGroups/rg-nonprod-034/providers/microsoft.machinelearningservices/workspaces/machine-learning-013,machine-learning-013,microsoft.machinelearningservices/workspaces,rg-nonprod-034,eastus2,Downsize,Downsize resource,Rightsize based on sustained utilization,,,LOW,MEDIUM,HEURISTIC,FULL,PARTIAL,Metric1,data-ai,risk,nonprod,CC1001,4608.89,Standard_D4s_v5,4,16.0,,Moderate,False,72,Mock_2vCPU_8GB,2,8.0,72.1,554.71,0.0,Medium,RESOLVED
2026-09-10,run-20260910-official-001,FIS-CORP,SUB-CORP-04,/subscriptions/00000004-0004-4004-8004-000000000004/resourceGroups/rg-nonprod-034/providers/microsoft.machinelearningservices/workspaces/machine-learning-013,machine-learning-013,microsoft.machinelearningservices/workspaces,rg-nonprod-034,eastus2,Downsize,Downsize resource,Rightsize based on sustained utilization,,,LOW,MEDIUM,HEURISTIC,FULL,PARTIAL,Metric1,data-ai,risk,nonprod,CC1001,4608.89,Standard_D4s_v5,4,16.0,,Aggressive,False,80,Mock_1vCPU_4GB,1,4.0,81.1,696.61,0.0,High,RESOLVED
2026-09-10,run-20260910-official-001,FIS-DIGITAL,SUB-DIGITAL-08,/subscriptions/00000018-0018-4018-8018-000000000018/resourceGroups/rg-qa-048/providers/microsoft.machinelearningservices/workspaces/machine-learning-015,machine-learning-015,microsoft.machinelearningservices/workspaces,rg-qa-048,westus2,Review-Utilization,Review utilization,Resource shows optimization opportunity based on current utilization,,,HIGH,HIGH,HEURISTIC,FULL,COMPLETE,,integration,api-hub,qa,CC1008,7204.38,GP_Gen5_8,8,40.0,,Conservative,True,65,Mock_4vCPU_20GB,4,20.0,68.0,2301.08,2301.08,Low,RESOLVED
2026-09-10,run-20260910-official-001,FIS-DIGITAL,SUB-DIGITAL-08,/subscriptions/00000018-0018-4018-8018-000000000018/resourceGroups/rg-qa-048/providers/microsoft.machinelearningservices/workspaces/machine-learning-015,machine-learning-015,microsoft.machinelearningservices/workspaces,rg-qa-048,westus2,Review-Utilization,Review utilization,Resource shows optimization opportunity based on current utilization,,,HIGH,HIGH,HEURISTIC,FULL,COMPLETE,,integration,api-hub,qa,CC1008,7204.38,GP_Gen5_8,8,40.0,,Moderate,False,72,Mock_4vCPU_20GB,4,20.0,70.6,2827.04,0.0,Medium,RESOLVED
2026-09-10,run-20260910-official-001,FIS-DIGITAL,SUB-DIGITAL-08,/subscriptions/00000018-0018-4018-8018-000000000018/resourceGroups/rg-qa-048/providers/microsoft.machinelearningservices/workspaces/machine-learning-015,machine-learning-015,microsoft.machinelearningservices/workspaces,rg-qa-048,westus2,Review-Utilization,Review utilization,Resource shows optimization opportunity based on current utilization,,,HIGH,HIGH,HEURISTIC,FULL,COMPLETE,,integration,api-hub,qa,CC1008,7204.38,GP_Gen5_8,8,40.0,,Aggressive,False,80,Mock_2vCPU_10GB,2,10.0,77.7,3550.24,0.0,High,RESOLVED
2026-09-10,run-20260910-official-001,FIS-CORP,SUB-CORP-04,/subscriptions/00000004-0004-4004-8004-000000000004/resourceGroups/rg-nonprod-034/providers/microsoft.machinelearningservices/workspaces/machine-learning-016,machine-learning-016,microsoft.machinelearningservices/workspaces,rg-nonprod-034,westeurope,Optimize-Tier,Optimize service tier,Move to a lower-cost tier aligned with observed demand,,,MEDIUM,HIGH,HEURISTIC,FULL,COMPLETE,,core-banking,customer360,nonprod,CC1004,5509.48,GP_Gen5_4,4,20.0,,Conservative,True,65,Mock_2vCPU_10GB,2,10.0,67.3,1093.46,1093.46,Low,RESOLVED
2026-09-10,run-20260910-official-001,FIS-CORP,SUB-CORP-04,/subscriptions/00000004-0004-4004-8004-000000000004/resourceGroups/rg-nonprod-034/providers/microsoft.machinelearningservices/workspaces/machine-learning-016,machine-learning-016,microsoft.machinelearningservices/workspaces,rg-nonprod-034,westeurope,Optimize-Tier,Optimize service tier,Move to a lower-cost tier aligned with observed demand,,,MEDIUM,HIGH,HEURISTIC,FULL,COMPLETE,,core-banking,customer360,nonprod,CC1004,5509.48,GP_Gen5_4,4,20.0,,Moderate,False,72,Mock_2vCPU_10GB,2,10.0,79.4,1343.39,0.0,Medium,RESOLVED
2026-09-10,run-20260910-official-001,FIS-CORP,SUB-CORP-04,/subscriptions/00000004-0004-4004-8004-000000000004/resourceGroups/rg-nonprod-034/providers/microsoft.machinelearningservices/workspaces/machine-learning-016,machine-learning-016,microsoft.machinelearningservices/workspaces,rg-nonprod-034,westeurope,Optimize-Tier,Optimize service tier,Move to a lower-cost tier aligned with observed demand,,,MEDIUM,HIGH,HEURISTIC,FULL,COMPLETE,,core-banking,customer360,nonprod,CC1004,5509.48,GP_Gen5_4,4,20.0,,Aggressive,False,80,Mock_1vCPU_5GB,1,5.0,80.1,1687.05,0.0,High,RESOLVED
2026-09-10,run-20260910-official-001,FIS-INTERNATIONAL,SUB-INTERNATIONAL-06,/subscriptions/00000026-0026-4026-8026-000000000026/resourceGroups/rg-nonprod-026/providers/microsoft.machinelearningservices/workspaces/machine-learning-017,machine-learning-017,microsoft.machinelearningservices/workspaces,rg-nonprod-026,westus2,Optimize-Tier,Optimize service tier,Move to a lower-cost tier aligned with observed demand,,,HIGH,MEDIUM,HEURISTIC,FULL,PARTIAL,Metric1,cloud-platform,ledger,nonprod,CC1009,10456.47,S3,4,7.0,,Conservative,True,65,Mock_2vCPU_3GB,2,3.5,66.4,2655.95,2655.95,Low,RESOLVED
2026-09-10,run-20260910-official-001,FIS-INTERNATIONAL,SUB-INTERNATIONAL-06,/subscriptions/00000026-0026-4026-8026-000000000026/resourceGroups/rg-nonprod-026/providers/microsoft.machinelearningservices/workspaces/machine-learning-017,machine-learning-017,microsoft.machinelearningservices/workspaces,rg-nonprod-026,westus2,Optimize-Tier,Optimize service tier,Move to a lower-cost tier aligned with observed demand,,,HIGH,MEDIUM,HEURISTIC,FULL,PARTIAL,Metric1,cloud-platform,ledger,nonprod,CC1009,10456.47,S3,4,7.0,,Moderate,False,72,Mock_2vCPU_3GB,2,3.5,75.3,3263.02,0.0,Medium,RESOLVED
2026-09-10,run-20260910-official-001,FIS-INTERNATIONAL,SUB-INTERNATIONAL-06,/subscriptions/00000026-0026-4026-8026-000000000026/resourceGroups/rg-nonprod-026/providers/microsoft.machinelearningservices/workspaces/machine-learning-017,machine-learning-017,microsoft.machinelearningservices/workspaces,rg-nonprod-026,westus2,Optimize-Tier,Optimize service tier,Move to a lower-cost tier aligned with observed demand,,,HIGH,MEDIUM,HEURISTIC,FULL,PARTIAL,Metric1,cloud-platform,ledger,nonprod,CC1009,10456.47,S3,4,7.0,,Aggressive,False,80,Mock_1vCPU_1GB,1,1.8,89.3,4097.75,0.0,High,RESOLVED
2026-09-10,run-20260910-official-001,FIS-CORP,SUB-CORP-03,/subscriptions/00000003-0003-4003-8003-000000000003/resourceGroups/rg-dev-003/providers/microsoft.machinelearningservices/workspaces/machine-learning-018,machine-learning-018,microsoft.machinelearningservices/workspaces,rg-dev-003,westus2,Downsize,Downsize resource,Rightsize based on sustained utilization,,,MEDIUM,LOW,PRICED,FULL,PARTIAL,Metric1,cloud-platform,identity,dev,CC1006,6256.85,S3,4,7.0,,Conservative,True,65,Mock_2vCPU_3GB,2,3.5,63.8,1502.0,1502.0,Low,RESOLVED
2026-09-10,run-20260910-official-001,FIS-CORP,SUB-CORP-03,/subscriptions/00000003-0003-4003-8003-000000000003/resourceGroups/rg-dev-003/providers/microsoft.machinelearningservices/workspaces/machine-learning-018,machine-learning-018,microsoft.machinelearningservices/workspaces,rg-dev-003,westus2,Downsize,Downsize resource,Rightsize based on sustained utilization,,,MEDIUM,LOW,PRICED,FULL,PARTIAL,Metric1,cloud-platform,identity,dev,CC1006,6256.85,S3,4,7.0,,Moderate,False,72,Mock_2vCPU_3GB,2,3.5,82.2,1845.31,0.0,Medium,RESOLVED
2026-09-10,run-20260910-official-001,FIS-CORP,SUB-CORP-03,/subscriptions/00000003-0003-4003-8003-000000000003/resourceGroups/rg-dev-003/providers/microsoft.machinelearningservices/workspaces/machine-learning-018,machine-learning-018,microsoft.machinelearningservices/workspaces,rg-dev-003,westus2,Downsize,Downsize resource,Rightsize based on sustained utilization,,,MEDIUM,LOW,PRICED,FULL,PARTIAL,Metric1,cloud-platform,identity,dev,CC1006,6256.85,S3,4,7.0,,Aggressive,False,80,Mock_1vCPU_1GB,1,1.8,83.3,2317.37,0.0,High,RESOLVED
2026-09-10,run-20260910-official-001,FIS-DIGITAL,SUB-DIGITAL-09,/subscriptions/00000019-0019-4019-8019-000000000019/resourceGroups/rg-prod-049/providers/microsoft.machinelearningservices/workspaces/machine-learning-019,machine-learning-019,microsoft.machinelearningservices/workspaces,rg-prod-049,northeurope,Review-Utilization,Review utilization,Resource shows optimization opportunity based on current utilization,,,LOW,HIGH,HEURISTIC,FULL,PARTIAL,"Metric1,Metric2",cloud-platform,api-hub,prod,CC1011,7400.85,P1v3,2,8.0,,Conservative,True,65,Mock_1vCPU_4GB,1,4.0,74.3,498.03,498.03,Low,RESOLVED
2026-09-10,run-20260910-official-001,FIS-DIGITAL,SUB-DIGITAL-09,/subscriptions/00000019-0019-4019-8019-000000000019/resourceGroups/rg-prod-049/providers/microsoft.machinelearningservices/workspaces/machine-learning-019,machine-learning-019,microsoft.machinelearningservices/workspaces,rg-prod-049,northeurope,Review-Utilization,Review utilization,Resource shows optimization opportunity based on current utilization,,,LOW,HIGH,HEURISTIC,FULL,PARTIAL,"Metric1,Metric2",cloud-platform,api-hub,prod,CC1011,7400.85,P1v3,2,8.0,,Moderate,False,72,Mock_1vCPU_4GB,1,4.0,83.3,611.86,0.0,Medium,RESOLVED
2026-09-10,run-20260910-official-001,FIS-DIGITAL,SUB-DIGITAL-09,/subscriptions/00000019-0019-4019-8019-000000000019/resourceGroups/rg-prod-049/providers/microsoft.machinelearningservices/workspaces/machine-learning-019,machine-learning-019,microsoft.machinelearningservices/workspaces,rg-prod-049,northeurope,Review-Utilization,Review utilization,Resource shows optimization opportunity based on current utilization,,,LOW,HIGH,HEURISTIC,FULL,PARTIAL,"Metric1,Metric2",cloud-platform,api-hub,prod,CC1011,7400.85,P1v3,2,8.0,,Aggressive,False,80,Mock_1vCPU_2GB,1,2.0,80.8,768.39,0.0,High,RESOLVED
2026-09-10,run-20260910-official-001,FIS-INTERNATIONAL,SUB-INTERNATIONAL-07,/subscriptions/00000027-0027-4027-8027-000000000027/resourceGroups/rg-dev-027/providers/microsoft.machinelearningservices/workspaces/machine-learning-021,machine-learning-021,microsoft.machinelearningservices/workspaces,rg-dev-027,northeurope,Optimize-Tier,Optimize service tier,Move to a lower-cost tier aligned with observed demand,,,LOW,MEDIUM,HEURISTIC,FULL,PARTIAL,Metric1,security,reporting,dev,CC1007,880.49,GP_Gen5_8,8,40.0,,Conservative,True,65,Mock_4vCPU_20GB,4,20.0,76.9,264.45,264.45,Low,RESOLVED
2026-09-10,run-20260910-official-001,FIS-INTERNATIONAL,SUB-INTERNATIONAL-07,/subscriptions/00000027-0027-4027-8027-000000000027/resourceGroups/rg-dev-027/providers/microsoft.machinelearningservices/workspaces/machine-learning-021,machine-learning-021,microsoft.machinelearningservices/workspaces,rg-dev-027,northeurope,Optimize-Tier,Optimize service tier,Move to a lower-cost tier aligned with observed demand,,,LOW,MEDIUM,HEURISTIC,FULL,PARTIAL,Metric1,security,reporting,dev,CC1007,880.49,GP_Gen5_8,8,40.0,,Moderate,False,72,Mock_4vCPU_20GB,4,20.0,76.2,324.9,0.0,Medium,RESOLVED
2026-09-10,run-20260910-official-001,FIS-INTERNATIONAL,SUB-INTERNATIONAL-07,/subscriptions/00000027-0027-4027-8027-000000000027/resourceGroups/rg-dev-027/providers/microsoft.machinelearningservices/workspaces/machine-learning-021,machine-learning-021,microsoft.machinelearningservices/workspaces,rg-dev-027,northeurope,Optimize-Tier,Optimize service tier,Move to a lower-cost tier aligned with observed demand,,,LOW,MEDIUM,HEURISTIC,FULL,PARTIAL,Metric1,security,reporting,dev,CC1007,880.49,GP_Gen5_8,8,40.0,,Aggressive,False,80,Mock_2vCPU_10GB,2,10.0,73.5,408.01,0.0,High,RESOLVED
2026-09-10,run-20260910-official-001,FIS-CORP,SUB-CORP-09,/subscriptions/00000009-0009-4009-8009-000000000009/resourceGroups/rg-dev-039/providers/microsoft.machinelearningservices/workspaces/machine-learning-022,machine-learning-022,microsoft.machinelearningservices/workspaces,rg-dev-039,eastus,Review-Utilization,Review utilization,Resource shows optimization opportunity based on current utilization,,,HIGH,MEDIUM,PRICED,FULL,PARTIAL,Metric1,security,api-hub,dev,CC1009,16603.59,GP_Gen5_4,4,20.0,,Conservative,True,65,Mock_2vCPU_10GB,2,10.0,61.5,4341.58,4341.58,Low,RESOLVED
2026-09-10,run-20260910-official-001,FIS-CORP,SUB-CORP-09,/subscriptions/00000009-0009-4009-8009-000000000009/resourceGroups/rg-dev-039/providers/microsoft.machinelearningservices/workspaces/machine-learning-022,machine-learning-022,microsoft.machinelearningservices/workspaces,rg-dev-039,eastus,Review-Utilization,Review utilization,Resource shows optimization opportunity based on current utilization,,,HIGH,MEDIUM,PRICED,FULL,PARTIAL,Metric1,security,api-hub,dev,CC1009,16603.59,GP_Gen5_4,4,20.0,,Moderate,False,72,Mock_2vCPU_10GB,2,10.0,73.3,5333.94,0.0,Medium,RESOLVED
2026-09-10,run-20260910-official-001,FIS-CORP,SUB-CORP-09,/subscriptions/00000009-0009-4009-8009-000000000009/resourceGroups/rg-dev-039/providers/microsoft.machinelearningservices/workspaces/machine-learning-022,machine-learning-022,microsoft.machinelearningservices/workspaces,rg-dev-039,eastus,Review-Utilization,Review utilization,Resource shows optimization opportunity based on current utilization,,,HIGH,MEDIUM,PRICED,FULL,PARTIAL,Metric1,security,api-hub,dev,CC1009,16603.59,GP_Gen5_4,4,20.0,,Aggressive,False,80,Mock_1vCPU_5GB,1,5.0,88.3,6698.44,0.0,High,RESOLVED
2026-09-10,run-20260910-official-001,FIS-DIGITAL,SUB-DIGITAL-01,/subscriptions/00000011-0011-4011-8011-000000000011/resourceGroups/rg-dev-011/providers/microsoft.machinelearningservices/workspaces/machine-learning-023,machine-learning-023,microsoft.machinelearningservices/workspaces,rg-dev-011,eastus,Downsize,Downsize resource,Rightsize based on sustained utilization,,,MEDIUM,MEDIUM,PRICED,FULL,PARTIAL,Metric1,security,payments,dev,CC1010,2748.51,GP_Gen5_8,8,40.0,,Conservative,True,65,Mock_4vCPU_20GB,4,20.0,58.8,717.09,717.09,Low,RESOLVED
2026-09-10,run-20260910-official-001,FIS-DIGITAL,SUB-DIGITAL-01,/subscriptions/00000011-0011-4011-8011-000000000011/resourceGroups/rg-dev-011/providers/microsoft.machinelearningservices/workspaces/machine-learning-023,machine-learning-023,microsoft.machinelearningservices/workspaces,rg-dev-011,eastus,Downsize,Downsize resource,Rightsize based on sustained utilization,,,MEDIUM,MEDIUM,PRICED,FULL,PARTIAL,Metric1,security,payments,dev,CC1010,2748.51,GP_Gen5_8,8,40.0,,Moderate,False,72,Mock_4vCPU_20GB,4,20.0,69.0,880.99,0.0,Medium,RESOLVED
2026-09-10,run-20260910-official-001,FIS-DIGITAL,SUB-DIGITAL-01,/subscriptions/00000011-0011-4011-8011-000000000011/resourceGroups/rg-dev-011/providers/microsoft.machinelearningservices/workspaces/machine-learning-023,machine-learning-023,microsoft.machinelearningservices/workspaces,rg-dev-011,eastus,Downsize,Downsize resource,Rightsize based on sustained utilization,,,MEDIUM,MEDIUM,PRICED,FULL,PARTIAL,Metric1,security,payments,dev,CC1010,2748.51,GP_Gen5_8,8,40.0,,Aggressive,False,80,Mock_2vCPU_10GB,2,10.0,75.2,1106.36,0.0,High,RESOLVED
2026-09-10,run-20260910-official-001,FIS-DIGITAL,SUB-DIGITAL-01,/subscriptions/00000011-0011-4011-8011-000000000011/resourceGroups/rg-prod-041/providers/microsoft.hdinsight/clusters/hdinsight-001,hdinsight-001,microsoft.hdinsight/clusters,rg-prod-041,northeurope,Optimize-Tier,Optimize service tier,Move to a lower-cost tier aligned with observed demand,,,HIGH,HIGH,PRICED,FULL,PARTIAL,"Metric1,Metric2,Metric3",integration,reporting,prod,CC1002,16402.01,P1v3,2,8.0,,Conservative,True,65,Mock_1vCPU_4GB,1,4.0,70.4,3554.28,3554.28,Low,RESOLVED
2026-09-10,run-20260910-official-001,FIS-DIGITAL,SUB-DIGITAL-01,/subscriptions/00000011-0011-4011-8011-000000000011/resourceGroups/rg-prod-041/providers/microsoft.hdinsight/clusters/hdinsight-001,hdinsight-001,microsoft.hdinsight/clusters,rg-prod-041,northeurope,Optimize-Tier,Optimize service tier,Move to a lower-cost tier aligned with observed demand,,,HIGH,HIGH,PRICED,FULL,PARTIAL,"Metric1,Metric2,Metric3",integration,reporting,prod,CC1002,16402.01,P1v3,2,8.0,,Moderate,False,72,Mock_1vCPU_4GB,1,4.0,65.8,4366.69,0.0,Medium,RESOLVED
2026-09-10,run-20260910-official-001,FIS-DIGITAL,SUB-DIGITAL-01,/subscriptions/00000011-0011-4011-8011-000000000011/resourceGroups/rg-prod-041/providers/microsoft.hdinsight/clusters/hdinsight-001,hdinsight-001,microsoft.hdinsight/clusters,rg-prod-041,northeurope,Optimize-Tier,Optimize service tier,Move to a lower-cost tier aligned with observed demand,,,HIGH,HIGH,PRICED,FULL,PARTIAL,"Metric1,Metric2,Metric3",integration,reporting,prod,CC1002,16402.01,P1v3,2,8.0,,Aggressive,False,80,Mock_1vCPU_2GB,1,2.0,81.9,5483.75,0.0,High,RESOLVED
2026-09-10,run-20260910-official-001,FIS-INTERNATIONAL,SUB-INTERNATIONAL-04,/subscriptions/00000024-0024-4024-8024-000000000024/resourceGroups/rg-qa-024/providers/microsoft.hdinsight/clusters/hdinsight-002,hdinsight-002,microsoft.hdinsight/clusters,rg-qa-024,brazilsouth,Review-Utilization,Review utilization,Resource shows optimization opportunity based on current utilization,,,MEDIUM,MEDIUM,HEURISTIC,FULL,PARTIAL,Metric1,payments,risk,qa,CC1007,2593.82,P1v3,2,8.0,,Conservative,True,65,Mock_1vCPU_4GB,1,4.0,62.8,659.29,659.29,Low,RESOLVED
2026-09-10,run-20260910-official-001,FIS-INTERNATIONAL,SUB-INTERNATIONAL-04,/subscriptions/00000024-0024-4024-8024-000000000024/resourceGroups/rg-qa-024/providers/microsoft.hdinsight/clusters/hdinsight-002,hdinsight-002,microsoft.hdinsight/clusters,rg-qa-024,brazilsouth,Review-Utilization,Review utilization,Resource shows optimization opportunity based on current utilization,,,MEDIUM,MEDIUM,HEURISTIC,FULL,PARTIAL,Metric1,payments,risk,qa,CC1007,2593.82,P1v3,2,8.0,,Moderate,False,72,Mock_1vCPU_4GB,1,4.0,67.5,809.99,0.0,Medium,RESOLVED
2026-09-10,run-20260910-official-001,FIS-INTERNATIONAL,SUB-INTERNATIONAL-04,/subscriptions/00000024-0024-4024-8024-000000000024/resourceGroups/rg-qa-024/providers/microsoft.hdinsight/clusters/hdinsight-002,hdinsight-002,microsoft.hdinsight/clusters,rg-qa-024,brazilsouth,Review-Utilization,Review utilization,Resource shows optimization opportunity based on current utilization,,,MEDIUM,MEDIUM,HEURISTIC,FULL,PARTIAL,Metric1,payments,risk,qa,CC1007,2593.82,P1v3,2,8.0,,Aggressive,False,80,Mock_1vCPU_2GB,1,2.0,86.9,1017.2,0.0,High,RESOLVED
2026-09-10,run-20260910-official-001,FIS-DIGITAL,SUB-DIGITAL-10,/subscriptions/00000020-0020-4020-8020-000000000020/resourceGroups/rg-qa-020/providers/microsoft.hdinsight/clusters/hdinsight-004,hdinsight-004,microsoft.hdinsight/clusters,rg-qa-020,westus2,Review-Utilization,Review utilization,Resource shows optimization opportunity based on current utilization,,,HIGH,HIGH,PRICED,FULL,PARTIAL,"Metric1,Metric2",cloud-platform,reporting,qa,CC1001,16774.46,GP_Gen5_8,8,40.0,,Conservative,True,65,Mock_4vCPU_20GB,4,20.0,76.4,3519.19,3519.19,Low,RESOLVED
2026-09-10,run-20260910-official-001,FIS-DIGITAL,SUB-DIGITAL-10,/subscriptions/00000020-0020-4020-8020-000000000020/resourceGroups/rg-qa-020/providers/microsoft.hdinsight/clusters/hdinsight-004,hdinsight-004,microsoft.hdinsight/clusters,rg-qa-020,westus2,Review-Utilization,Review utilization,Resource shows optimization opportunity based on current utilization,,,HIGH,HIGH,PRICED,FULL,PARTIAL,"Metric1,Metric2",cloud-platform,reporting,qa,CC1001,16774.46,GP_Gen5_8,8,40.0,,Moderate,False,72,Mock_4vCPU_20GB,4,20.0,80.9,4323.58,0.0,Medium,RESOLVED
2026-09-10,run-20260910-official-001,FIS-DIGITAL,SUB-DIGITAL-10,/subscriptions/00000020-0020-4020-8020-000000000020/resourceGroups/rg-qa-020/providers/microsoft.hdinsight/clusters/hdinsight-004,hdinsight-004,microsoft.hdinsight/clusters,rg-qa-020,westus2,Review-Utilization,Review utilization,Resource shows optimization opportunity based on current utilization,,,HIGH,HIGH,PRICED,FULL,PARTIAL,"Metric1,Metric2",cloud-platform,reporting,qa,CC1001,16774.46,GP_Gen5_8,8,40.0,,Aggressive,False,80,Mock_2vCPU_10GB,2,10.0,80.4,5429.61,0.0,High,RESOLVED
2026-09-10,run-20260910-official-001,FIS-CORP,SUB-CORP-07,/subscriptions/00000007-0007-4007-8007-000000000007/resourceGroups/rg-dev-007/providers/microsoft.hdinsight/clusters/hdinsight-005,hdinsight-005,microsoft.hdinsight/clusters,rg-dev-007,eastus,Optimize-Tier,Optimize service tier,Move to a lower-cost tier aligned with observed demand,,,HIGH,HIGH,HEURISTIC,FULL,PARTIAL,"Metric1,Metric2",data-ai,identity,dev,CC1011,15772.17,GP_Gen5_4,4,20.0,,Conservative,True,65,Mock_2vCPU_10GB,2,10.0,76.6,4060.92,4060.92,Low,RESOLVED
2026-09-10,run-20260910-official-001,FIS-CORP,SUB-CORP-07,/subscriptions/00000007-0007-4007-8007-000000000007/resourceGroups/rg-dev-007/providers/microsoft.hdinsight/clusters/hdinsight-005,hdinsight-005,microsoft.hdinsight/clusters,rg-dev-007,eastus,Optimize-Tier,Optimize service tier,Move to a lower-cost tier aligned with observed demand,,,HIGH,HIGH,HEURISTIC,FULL,PARTIAL,"Metric1,Metric2",data-ai,identity,dev,CC1011,15772.17,GP_Gen5_4,4,20.0,,Moderate,False,72,Mock_2vCPU_10GB,2,10.0,71.0,4989.14,0.0,Medium,RESOLVED
2026-09-10,run-20260910-official-001,FIS-CORP,SUB-CORP-07,/subscriptions/00000007-0007-4007-8007-000000000007/resourceGroups/rg-dev-007/providers/microsoft.hdinsight/clusters/hdinsight-005,hdinsight-005,microsoft.hdinsight/clusters,rg-dev-007,eastus,Optimize-Tier,Optimize service tier,Move to a lower-cost tier aligned with observed demand,,,HIGH,HIGH,HEURISTIC,FULL,PARTIAL,"Metric1,Metric2",data-ai,identity,dev,CC1011,15772.17,GP_Gen5_4,4,20.0,,Aggressive,False,80,Mock_1vCPU_5GB,1,5.0,78.6,6265.43,0.0,High,RESOLVED
2026-09-10,run-20260910-official-001,FIS-INTERNATIONAL,SUB-INTERNATIONAL-06,/subscriptions/00000026-0026-4026-8026-000000000026/resourceGroups/rg-nonprod-026/providers/microsoft.hdinsight/clusters/hdinsight-007,hdinsight-007,microsoft.hdinsight/clusters,rg-nonprod-026,eastus,Optimize-Tier,Optimize service tier,Move to a lower-cost tier aligned with observed demand,,,MEDIUM,HIGH,PRICED,FULL,PARTIAL,"Metric1,Metric2,Metric3",integration,ledger,nonprod,CC1004,13383.82,Standard_D2s_v5,2,8.0,,Conservative,True,65,Mock_1vCPU_4GB,1,4.0,61.5,1014.87,1014.87,Low,RESOLVED
2026-09-10,run-20260910-official-001,FIS-INTERNATIONAL,SUB-INTERNATIONAL-06,/subscriptions/00000026-0026-4026-8026-000000000026/resourceGroups/rg-nonprod-026/providers/microsoft.hdinsight/clusters/hdinsight-007,hdinsight-007,microsoft.hdinsight/clusters,rg-nonprod-026,eastus,Optimize-Tier,Optimize service tier,Move to a lower-cost tier aligned with observed demand,,,MEDIUM,HIGH,PRICED,FULL,PARTIAL,"Metric1,Metric2,Metric3",integration,ledger,nonprod,CC1004,13383.82,Standard_D2s_v5,2,8.0,,Moderate,False,72,Mock_1vCPU_4GB,1,4.0,82.8,1246.84,0.0,Medium,RESOLVED
2026-09-10,run-20260910-official-001,FIS-INTERNATIONAL,SUB-INTERNATIONAL-06,/subscriptions/00000026-0026-4026-8026-000000000026/resourceGroups/rg-nonprod-026/providers/microsoft.hdinsight/clusters/hdinsight-007,hdinsight-007,microsoft.hdinsight/clusters,rg-nonprod-026,eastus,Optimize-Tier,Optimize service tier,Move to a lower-cost tier aligned with observed demand,,,MEDIUM,HIGH,PRICED,FULL,PARTIAL,"Metric1,Metric2,Metric3",integration,ledger,nonprod,CC1004,13383.82,Standard_D2s_v5,2,8.0,,Aggressive,False,80,Mock_1vCPU_2GB,1,2.0,89.2,1565.79,0.0,High,RESOLVED
2026-09-10,run-20260910-official-001,FIS-DIGITAL,SUB-DIGITAL-01,/subscriptions/00000011-0011-4011-8011-000000000011/resourceGroups/rg-prod-041/providers/microsoft.hdinsight/clusters/hdinsight-008,hdinsight-008,microsoft.hdinsight/clusters,rg-prod-041,westeurope,Downsize,Downsize resource,Rightsize based on sustained utilization,,,HIGH,HIGH,PRICED,FULL,PARTIAL,Metric1,digital-channels,risk,prod,CC1004,10226.2,Standard_D2s_v5,2,8.0,,Conservative,True,65,Mock_1vCPU_4GB,1,4.0,68.8,2602.94,2602.94,Low,RESOLVED
2026-09-10,run-20260910-official-001,FIS-DIGITAL,SUB-DIGITAL-01,/subscriptions/00000011-0011-4011-8011-000000000011/resourceGroups/rg-prod-041/providers/microsoft.hdinsight/clusters/hdinsight-008,hdinsight-008,microsoft.hdinsight/clusters,rg-prod-041,westeurope,Downsize,Downsize resource,Rightsize based on sustained utilization,,,HIGH,HIGH,PRICED,FULL,PARTIAL,Metric1,digital-channels,risk,prod,CC1004,10226.2,Standard_D2s_v5,2,8.0,,Moderate,False,72,Mock_1vCPU_4GB,1,4.0,82.9,3197.9,0.0,Medium,RESOLVED
2026-09-10,run-20260910-official-001,FIS-DIGITAL,SUB-DIGITAL-01,/subscriptions/00000011-0011-4011-8011-000000000011/resourceGroups/rg-prod-041/providers/microsoft.hdinsight/clusters/hdinsight-008,hdinsight-008,microsoft.hdinsight/clusters,rg-prod-041,westeurope,Downsize,Downsize resource,Rightsize based on sustained utilization,,,HIGH,HIGH,PRICED,FULL,PARTIAL,Metric1,digital-channels,risk,prod,CC1004,10226.2,Standard_D2s_v5,2,8.0,,Aggressive,False,80,Mock_1vCPU_2GB,1,2.0,82.1,4015.97,0.0,High,RESOLVED
2026-09-10,run-20260910-official-001,FIS-CORP,SUB-CORP-09,/subscriptions/00000009-0009-4009-8009-000000000009/resourceGroups/rg-dev-039/providers/microsoft.hdinsight/clusters/hdinsight-010,hdinsight-010,microsoft.hdinsight/clusters,rg-dev-039,westeurope,Review-Utilization,Review utilization,Resource shows optimization opportunity based on current utilization,,,HIGH,MEDIUM,HEURISTIC,FULL,PARTIAL,"Metric1,Metric2,Metric3",security,risk,dev,CC1001,17144.44,Standard_D2s_v5,2,8.0,,Conservative,True,65,Mock_1vCPU_4GB,1,4.0,63.4,3590.82,3590.82,Low,RESOLVED
2026-09-10,run-20260910-official-001,FIS-CORP,SUB-CORP-09,/subscriptions/00000009-0009-4009-8009-000000000009/resourceGroups/rg-dev-039/providers/microsoft.hdinsight/clusters/hdinsight-010,hdinsight-010,microsoft.hdinsight/clusters,rg-dev-039,westeurope,Review-Utilization,Review utilization,Resource shows optimization opportunity based on current utilization,,,HIGH,MEDIUM,HEURISTIC,FULL,PARTIAL,"Metric1,Metric2,Metric3",security,risk,dev,CC1001,17144.44,Standard_D2s_v5,2,8.0,,Moderate,False,72,Mock_1vCPU_4GB,1,4.0,78.2,4411.58,0.0,Medium,RESOLVED
2026-09-10,run-20260910-official-001,FIS-CORP,SUB-CORP-09,/subscriptions/00000009-0009-4009-8009-000000000009/resourceGroups/rg-dev-039/providers/microsoft.hdinsight/clusters/hdinsight-010,hdinsight-010,microsoft.hdinsight/clusters,rg-dev-039,westeurope,Review-Utilization,Review utilization,Resource shows optimization opportunity based on current utilization,,,HIGH,MEDIUM,HEURISTIC,FULL,PARTIAL,"Metric1,Metric2,Metric3",security,risk,dev,CC1001,17144.44,Standard_D2s_v5,2,8.0,,Aggressive,False,80,Mock_1vCPU_2GB,1,2.0,86.1,5540.12,0.0,High,RESOLVED
2026-09-10,run-20260910-official-001,FIS-DIGITAL,SUB-DIGITAL-04,/subscriptions/00000014-0014-4014-8014-000000000014/resourceGroups/rg-qa-044/providers/microsoft.hdinsight/clusters/hdinsight-011,hdinsight-011,microsoft.hdinsight/clusters,rg-qa-044,brazilsouth,Review-Utilization,Review utilization,Resource shows optimization opportunity based on current utilization,,,HIGH,MEDIUM,PRICED,FULL,PARTIAL,Metric1,integration,reporting,qa,CC1007,10558.67,Standard_D4s_v5,4,16.0,,Conservative,True,65,Mock_2vCPU_8GB,2,8.0,60.1,2348.04,2348.04,Low,RESOLVED
2026-09-10,run-20260910-official-001,FIS-DIGITAL,SUB-DIGITAL-04,/subscriptions/00000014-0014-4014-8014-000000000014/resourceGroups/rg-qa-044/providers/microsoft.hdinsight/clusters/hdinsight-011,hdinsight-011,microsoft.hdinsight/clusters,rg-qa-044,brazilsouth,Review-Utilization,Review utilization,Resource shows optimization opportunity based on current utilization,,,HIGH,MEDIUM,PRICED,FULL,PARTIAL,Metric1,integration,reporting,qa,CC1007,10558.67,Standard_D4s_v5,4,16.0,,Moderate,False,72,Mock_2vCPU_8GB,2,8.0,76.8,2884.73,0.0,Medium,RESOLVED
2026-09-10,run-20260910-official-001,FIS-DIGITAL,SUB-DIGITAL-04,/subscriptions/00000014-0014-4014-8014-000000000014/resourceGroups/rg-qa-044/providers/microsoft.hdinsight/clusters/hdinsight-011,hdinsight-011,microsoft.hdinsight/clusters,rg-qa-044,brazilsouth,Review-Utilization,Review utilization,Resource shows optimization opportunity based on current utilization,,,HIGH,MEDIUM,PRICED,FULL,PARTIAL,Metric1,integration,reporting,qa,CC1007,10558.67,Standard_D4s_v5,4,16.0,,Aggressive,False,80,Mock_1vCPU_4GB,1,4.0,80.0,3622.69,0.0,High,RESOLVED
2026-09-10,run-20260910-official-001,FIS-CORP,SUB-CORP-01,/subscriptions/00000001-0001-4001-8001-000000000001/resourceGroups/rg-dev-031/providers/microsoft.hdinsight/clusters/hdinsight-013,hdinsight-013,microsoft.hdinsight/clusters,rg-dev-031,westeurope,Downsize,Downsize resource,Rightsize based on sustained utilization,,,MEDIUM,HIGH,HEURISTIC,FULL,PARTIAL,"Metric1,Metric2,Metric3,Metric4,Metric5",payments,identity,dev,CC1012,10694.24,GP_Gen5_4,4,20.0,,Conservative,True,65,Mock_2vCPU_10GB,2,10.0,74.7,1956.09,1956.09,Low,RESOLVED
2026-09-10,run-20260910-official-001,FIS-CORP,SUB-CORP-01,/subscriptions/00000001-0001-4001-8001-000000000001/resourceGroups/rg-dev-031/providers/microsoft.hdinsight/clusters/hdinsight-013,hdinsight-013,microsoft.hdinsight/clusters,rg-dev-031,westeurope,Downsize,Downsize resource,Rightsize based on sustained utilization,,,MEDIUM,HIGH,HEURISTIC,FULL,PARTIAL,"Metric1,Metric2,Metric3,Metric4,Metric5",payments,identity,dev,CC1012,10694.24,GP_Gen5_4,4,20.0,,Moderate,False,72,Mock_2vCPU_10GB,2,10.0,75.3,2403.19,0.0,Medium,RESOLVED
2026-09-10,run-20260910-official-001,FIS-CORP,SUB-CORP-01,/subscriptions/00000001-0001-4001-8001-000000000001/resourceGroups/rg-dev-031/providers/microsoft.hdinsight/clusters/hdinsight-013,hdinsight-013,microsoft.hdinsight/clusters,rg-dev-031,westeurope,Downsize,Downsize resource,Rightsize based on sustained utilization,,,MEDIUM,HIGH,HEURISTIC,FULL,PARTIAL,"Metric1,Metric2,Metric3,Metric4,Metric5",payments,identity,dev,CC1012,10694.24,GP_Gen5_4,4,20.0,,Aggressive,False,80,Mock_1vCPU_5GB,1,5.0,77.9,3017.96,0.0,High,RESOLVED
2026-09-10,run-20260910-official-001,FIS-CORP,SUB-CORP-02,/subscriptions/00000002-0002-4002-8002-000000000002/resourceGroups/rg-nonprod-002/providers/microsoft.synapse/workspaces/sqlpools/synapse-sql-pool-003,synapse-sql-pool-003,microsoft.synapse/workspaces/sqlpools,rg-nonprod-002,centralus,Review-Utilization,Review utilization,Resource shows optimization opportunity based on current utilization,,,MEDIUM,MEDIUM,HEURISTIC,FULL,PARTIAL,"Metric1,Metric2",integration,api-hub,nonprod,CC1008,22600.04,S3,4,7.0,,Conservative,True,65,Mock_2vCPU_3GB,2,3.5,60.4,1298.44,1298.44,Low,RESOLVED
2026-09-10,run-20260910-official-001,FIS-CORP,SUB-CORP-02,/subscriptions/00000002-0002-4002-8002-000000000002/resourceGroups/rg-nonprod-002/providers/microsoft.synapse/workspaces/sqlpools/synapse-sql-pool-003,synapse-sql-pool-003,microsoft.synapse/workspaces/sqlpools,rg-nonprod-002,centralus,Review-Utilization,Review utilization,Resource shows optimization opportunity based on current utilization,,,MEDIUM,MEDIUM,HEURISTIC,FULL,PARTIAL,"Metric1,Metric2",integration,api-hub,nonprod,CC1008,22600.04,S3,4,7.0,,Moderate,False,72,Mock_2vCPU_3GB,2,3.5,66.1,1595.23,0.0,Medium,RESOLVED
2026-09-10,run-20260910-official-001,FIS-CORP,SUB-CORP-02,/subscriptions/00000002-0002-4002-8002-000000000002/resourceGroups/rg-nonprod-002/providers/microsoft.synapse/workspaces/sqlpools/synapse-sql-pool-003,synapse-sql-pool-003,microsoft.synapse/workspaces/sqlpools,rg-nonprod-002,centralus,Review-Utilization,Review utilization,Resource shows optimization opportunity based on current utilization,,,MEDIUM,MEDIUM,HEURISTIC,FULL,PARTIAL,"Metric1,Metric2",integration,api-hub,nonprod,CC1008,22600.04,S3,4,7.0,,Aggressive,False,80,Mock_1vCPU_1GB,1,1.8,73.7,2003.31,0.0,High,RESOLVED
2026-09-10,run-20260910-official-001,FIS-INTERNATIONAL,SUB-INTERNATIONAL-08,/subscriptions/00000028-0028-4028-8028-000000000028/resourceGroups/rg-qa-028/providers/microsoft.synapse/workspaces/sqlpools/synapse-sql-pool-004,synapse-sql-pool-004,microsoft.synapse/workspaces/sqlpools,rg-qa-028,brazilsouth,Downsize,Downsize resource,Rightsize based on sustained utilization,,,HIGH,MEDIUM,PRICED,FULL,PARTIAL,"Metric1,Metric2",integration,ledger,qa,CC1002,33435.66,Standard_D8s_v5,8,32.0,,Conservative,True,65,Mock_4vCPU_16GB,4,16.0,72.8,8746.36,8746.36,Low,RESOLVED
2026-09-10,run-20260910-official-001,FIS-INTERNATIONAL,SUB-INTERNATIONAL-08,/subscriptions/00000028-0028-4028-8028-000000000028/resourceGroups/rg-qa-028/providers/microsoft.synapse/workspaces/sqlpools/synapse-sql-pool-004,synapse-sql-pool-004,microsoft.synapse/workspaces/sqlpools,rg-qa-028,brazilsouth,Downsize,Downsize resource,Rightsize based on sustained utilization,,,HIGH,MEDIUM,PRICED,FULL,PARTIAL,"Metric1,Metric2",integration,ledger,qa,CC1002,33435.66,Standard_D8s_v5,8,32.0,,Moderate,False,72,Mock_4vCPU_16GB,4,16.0,69.8,10745.53,0.0,Medium,RESOLVED
2026-09-10,run-20260910-official-001,FIS-INTERNATIONAL,SUB-INTERNATIONAL-08,/subscriptions/00000028-0028-4028-8028-000000000028/resourceGroups/rg-qa-028/providers/microsoft.synapse/workspaces/sqlpools/synapse-sql-pool-004,synapse-sql-pool-004,microsoft.synapse/workspaces/sqlpools,rg-qa-028,brazilsouth,Downsize,Downsize resource,Rightsize based on sustained utilization,,,HIGH,MEDIUM,PRICED,FULL,PARTIAL,"Metric1,Metric2",integration,ledger,qa,CC1002,33435.66,Standard_D8s_v5,8,32.0,,Aggressive,False,80,Mock_2vCPU_8GB,2,8.0,90.3,13494.38,0.0,High,RESOLVED
2026-09-10,run-20260910-official-001,FIS-INTERNATIONAL,SUB-INTERNATIONAL-08,/subscriptions/00000028-0028-4028-8028-000000000028/resourceGroups/rg-qa-028/providers/microsoft.synapse/workspaces/sqlpools/synapse-sql-pool-005,synapse-sql-pool-005,microsoft.synapse/workspaces/sqlpools,rg-qa-028,brazilsouth,Downsize,Downsize resource,Rightsize based on sustained utilization,,,HIGH,HIGH,PRICED,FULL,COMPLETE,,payments,risk,qa,CC1012,39159.22,P1v3,2,8.0,,Conservative,True,65,Mock_1vCPU_4GB,1,4.0,76.6,4709.89,4709.89,Low,RESOLVED
2026-09-10,run-20260910-official-001,FIS-INTERNATIONAL,SUB-INTERNATIONAL-08,/subscriptions/00000028-0028-4028-8028-000000000028/resourceGroups/rg-qa-028/providers/microsoft.synapse/workspaces/sqlpools/synapse-sql-pool-005,synapse-sql-pool-005,microsoft.synapse/workspaces/sqlpools,rg-qa-028,brazilsouth,Downsize,Downsize resource,Rightsize based on sustained utilization,,,HIGH,HIGH,PRICED,FULL,COMPLETE,,payments,risk,qa,CC1012,39159.22,P1v3,2,8.0,,Moderate,False,72,Mock_1vCPU_4GB,1,4.0,80.2,5786.44,0.0,Medium,RESOLVED
2026-09-10,run-20260910-official-001,FIS-INTERNATIONAL,SUB-INTERNATIONAL-08,/subscriptions/00000028-0028-4028-8028-000000000028/resourceGroups/rg-qa-028/providers/microsoft.synapse/workspaces/sqlpools/synapse-sql-pool-005,synapse-sql-pool-005,microsoft.synapse/workspaces/sqlpools,rg-qa-028,brazilsouth,Downsize,Downsize resource,Rightsize based on sustained utilization,,,HIGH,HIGH,PRICED,FULL,COMPLETE,,payments,risk,qa,CC1012,39159.22,P1v3,2,8.0,,Aggressive,False,80,Mock_1vCPU_2GB,1,2.0,77.6,7266.69,0.0,High,RESOLVED
2026-09-10,run-20260910-official-001,FIS-DIGITAL,SUB-DIGITAL-09,/subscriptions/00000019-0019-4019-8019-000000000019/resourceGroups/rg-prod-049/providers/microsoft.synapse/workspaces/sqlpools/synapse-sql-pool-006,synapse-sql-pool-006,microsoft.synapse/workspaces/sqlpools,rg-prod-049,brazilsouth,Downsize,Downsize resource,Rightsize based on sustained utilization,,,HIGH,MEDIUM,PRICED,FULL,PARTIAL,Metric1,security,risk,prod,CC1002,24648.13,GP_Gen5_4,4,20.0,,Conservative,True,65,Mock_2vCPU_10GB,2,10.0,64.6,6097.53,6097.53,Low,RESOLVED
2026-09-10,run-20260910-official-001,FIS-DIGITAL,SUB-DIGITAL-09,/subscriptions/00000019-0019-4019-8019-000000000019/resourceGroups/rg-prod-049/providers/microsoft.synapse/workspaces/sqlpools/synapse-sql-pool-006,synapse-sql-pool-006,microsoft.synapse/workspaces/sqlpools,rg-prod-049,brazilsouth,Downsize,Downsize resource,Rightsize based on sustained utilization,,,HIGH,MEDIUM,PRICED,FULL,PARTIAL,Metric1,security,risk,prod,CC1002,24648.13,GP_Gen5_4,4,20.0,,Moderate,False,72,Mock_2vCPU_10GB,2,10.0,70.2,7491.25,0.0,Medium,RESOLVED
2026-09-10,run-20260910-official-001,FIS-DIGITAL,SUB-DIGITAL-09,/subscriptions/00000019-0019-4019-8019-000000000019/resourceGroups/rg-prod-049/providers/microsoft.synapse/workspaces/sqlpools/synapse-sql-pool-006,synapse-sql-pool-006,microsoft.synapse/workspaces/sqlpools,rg-prod-049,brazilsouth,Downsize,Downsize resource,Rightsize based on sustained utilization,,,HIGH,MEDIUM,PRICED,FULL,PARTIAL,Metric1,security,risk,prod,CC1002,24648.13,GP_Gen5_4,4,20.0,,Aggressive,False,80,Mock_1vCPU_5GB,1,5.0,83.5,9407.62,0.0,High,RESOLVED
2026-09-10,run-20260910-official-001,FIS-DIGITAL,SUB-DIGITAL-03,/subscriptions/00000013-0013-4013-8013-000000000013/resourceGroups/rg-dev-043/providers/microsoft.synapse/workspaces/sqlpools/synapse-sql-pool-007,synapse-sql-pool-007,microsoft.synapse/workspaces/sqlpools,rg-dev-043,eastus,Review-Utilization,Review utilization,Resource shows optimization opportunity based on current utilization,,,HIGH,LOW,PRICED,FULL,PARTIAL,"Metric1,Metric2,Metric3",data-ai,ledger,dev,CC1007,36768.53,GP_Gen5_4,4,20.0,,Conservative,True,65,Mock_2vCPU_10GB,2,10.0,58.1,2730.38,2730.38,Low,RESOLVED
2026-09-10,run-20260910-official-001,FIS-DIGITAL,SUB-DIGITAL-03,/subscriptions/00000013-0013-4013-8013-000000000013/resourceGroups/rg-dev-043/providers/microsoft.synapse/workspaces/sqlpools/synapse-sql-pool-007,synapse-sql-pool-007,microsoft.synapse/workspaces/sqlpools,rg-dev-043,eastus,Review-Utilization,Review utilization,Resource shows optimization opportunity based on current utilization,,,HIGH,LOW,PRICED,FULL,PARTIAL,"Metric1,Metric2,Metric3",data-ai,ledger,dev,CC1007,36768.53,GP_Gen5_4,4,20.0,,Moderate,False,72,Mock_2vCPU_10GB,2,10.0,69.6,3354.46,0.0,Medium,RESOLVED
2026-09-10,run-20260910-official-001,FIS-DIGITAL,SUB-DIGITAL-03,/subscriptions/00000013-0013-4013-8013-000000000013/resourceGroups/rg-dev-043/providers/microsoft.synapse/workspaces/sqlpools/synapse-sql-pool-007,synapse-sql-pool-007,microsoft.synapse/workspaces/sqlpools,rg-dev-043,eastus,Review-Utilization,Review utilization,Resource shows optimization opportunity based on current utilization,,,HIGH,LOW,PRICED,FULL,PARTIAL,"Metric1,Metric2,Metric3",data-ai,ledger,dev,CC1007,36768.53,GP_Gen5_4,4,20.0,,Aggressive,False,80,Mock_1vCPU_5GB,1,5.0,89.0,4212.58,0.0,High,RESOLVED
2026-09-10,run-20260910-official-001,FIS-DIGITAL,SUB-DIGITAL-04,/subscriptions/00000014-0014-4014-8014-000000000014/resourceGroups/rg-qa-044/providers/microsoft.synapse/workspaces/sqlpools/synapse-sql-pool-008,synapse-sql-pool-008,microsoft.synapse/workspaces/sqlpools,rg-qa-044,eastus2,Downsize,Downsize resource,Rightsize based on sustained utilization,,,MEDIUM,LOW,HEURISTIC,FULL,PARTIAL,"Metric1,Metric2",payments,identity,qa,CC1006,14649.61,GP_Gen5_4,4,20.0,,Conservative,True,65,Mock_2vCPU_10GB,2,10.0,60.6,1703.16,1703.16,Low,RESOLVED
2026-09-10,run-20260910-official-001,FIS-DIGITAL,SUB-DIGITAL-04,/subscriptions/00000014-0014-4014-8014-000000000014/resourceGroups/rg-qa-044/providers/microsoft.synapse/workspaces/sqlpools/synapse-sql-pool-008,synapse-sql-pool-008,microsoft.synapse/workspaces/sqlpools,rg-qa-044,eastus2,Downsize,Downsize resource,Rightsize based on sustained utilization,,,MEDIUM,LOW,HEURISTIC,FULL,PARTIAL,"Metric1,Metric2",payments,identity,qa,CC1006,14649.61,GP_Gen5_4,4,20.0,,Moderate,False,72,Mock_2vCPU_10GB,2,10.0,81.9,2092.46,0.0,Medium,RESOLVED
2026-09-10,run-20260910-official-001,FIS-DIGITAL,SUB-DIGITAL-04,/subscriptions/00000014-0014-4014-8014-000000000014/resourceGroups/rg-qa-044/providers/microsoft.synapse/workspaces/sqlpools/synapse-sql-pool-008,synapse-sql-pool-008,microsoft.synapse/workspaces/sqlpools,rg-qa-044,eastus2,Downsize,Downsize resource,Rightsize based on sustained utilization,,,MEDIUM,LOW,HEURISTIC,FULL,PARTIAL,"Metric1,Metric2",payments,identity,qa,CC1006,14649.61,GP_Gen5_4,4,20.0,,Aggressive,False,80,Mock_1vCPU_5GB,1,5.0,83.5,2627.74,0.0,High,RESOLVED
2026-09-10,run-20260910-official-001,FIS-DIGITAL,SUB-DIGITAL-10,/subscriptions/00000020-0020-4020-8020-000000000020/resourceGroups/rg-qa-020/providers/microsoft.synapse/workspaces/sqlpools/synapse-sql-pool-009,synapse-sql-pool-009,microsoft.synapse/workspaces/sqlpools,rg-qa-020,westeurope,Review-Utilization,Review utilization,Resource shows optimization opportunity based on current utilization,,,HIGH,LOW,PRICED,FULL,PARTIAL,Metric1,core-banking,customer360,qa,CC1008,12288.16,Standard_D8s_v5,8,32.0,,Conservative,True,65,Mock_4vCPU_16GB,4,16.0,67.1,3359.12,3359.12,Low,RESOLVED
2026-09-10,run-20260910-official-001,FIS-DIGITAL,SUB-DIGITAL-10,/subscriptions/00000020-0020-4020-8020-000000000020/resourceGroups/rg-qa-020/providers/microsoft.synapse/workspaces/sqlpools/synapse-sql-pool-009,synapse-sql-pool-009,microsoft.synapse/workspaces/sqlpools,rg-qa-020,westeurope,Review-Utilization,Review utilization,Resource shows optimization opportunity based on current utilization,,,HIGH,LOW,PRICED,FULL,PARTIAL,Metric1,core-banking,customer360,qa,CC1008,12288.16,Standard_D8s_v5,8,32.0,,Moderate,False,72,Mock_4vCPU_16GB,4,16.0,77.5,4126.92,0.0,Medium,RESOLVED
2026-09-10,run-20260910-official-001,FIS-DIGITAL,SUB-DIGITAL-10,/subscriptions/00000020-0020-4020-8020-000000000020/resourceGroups/rg-qa-020/providers/microsoft.synapse/workspaces/sqlpools/synapse-sql-pool-009,synapse-sql-pool-009,microsoft.synapse/workspaces/sqlpools,rg-qa-020,westeurope,Review-Utilization,Review utilization,Resource shows optimization opportunity based on current utilization,,,HIGH,LOW,PRICED,FULL,PARTIAL,Metric1,core-banking,customer360,qa,CC1008,12288.16,Standard_D8s_v5,8,32.0,,Aggressive,False,80,Mock_2vCPU_8GB,2,8.0,86.9,5182.64,0.0,High,RESOLVED
2026-09-10,run-20260910-official-001,FIS-CORP,SUB-CORP-01,/subscriptions/00000001-0001-4001-8001-000000000001/resourceGroups/rg-prod-001/providers/microsoft.synapse/workspaces/sqlpools/synapse-sql-pool-010,synapse-sql-pool-010,microsoft.synapse/workspaces/sqlpools,rg-prod-001,westus2,Review-Utilization,Review utilization,Resource shows optimization opportunity based on current utilization,,,HIGH,LOW,PRICED,FULL,PARTIAL,"Metric1,Metric2,Metric3",core-banking,ledger,prod,CC1006,40867.6,Standard_D4s_v5,4,16.0,,Conservative,True,65,Mock_2vCPU_8GB,2,8.0,71.4,7195.03,7195.03,Low,RESOLVED
2026-09-10,run-20260910-official-001,FIS-CORP,SUB-CORP-01,/subscriptions/00000001-0001-4001-8001-000000000001/resourceGroups/rg-prod-001/providers/microsoft.synapse/workspaces/sqlpools/synapse-sql-pool-010,synapse-sql-pool-010,microsoft.synapse/workspaces/sqlpools,rg-prod-001,westus2,Review-Utilization,Review utilization,Resource shows optimization opportunity based on current utilization,,,HIGH,LOW,PRICED,FULL,PARTIAL,"Metric1,Metric2,Metric3",core-banking,ledger,prod,CC1006,40867.6,Standard_D4s_v5,4,16.0,,Moderate,False,72,Mock_2vCPU_8GB,2,8.0,66.4,8839.61,0.0,Medium,RESOLVED
2026-09-10,run-20260910-official-001,FIS-CORP,SUB-CORP-01,/subscriptions/00000001-0001-4001-8001-000000000001/resourceGroups/rg-prod-001/providers/microsoft.synapse/workspaces/sqlpools/synapse-sql-pool-010,synapse-sql-pool-010,microsoft.synapse/workspaces/sqlpools,rg-prod-001,westus2,Review-Utilization,Review utilization,Resource shows optimization opportunity based on current utilization,,,HIGH,LOW,PRICED,FULL,PARTIAL,"Metric1,Metric2,Metric3",core-banking,ledger,prod,CC1006,40867.6,Standard_D4s_v5,4,16.0,,Aggressive,False,80,Mock_1vCPU_4GB,1,4.0,86.0,11100.91,0.0,High,RESOLVED
2026-09-10,run-20260910-official-001,FIS-DIGITAL,SUB-DIGITAL-10,/subscriptions/00000020-0020-4020-8020-000000000020/resourceGroups/rg-qa-020/providers/microsoft.synapse/workspaces/sqlpools/synapse-sql-pool-011,synapse-sql-pool-011,microsoft.synapse/workspaces/sqlpools,rg-qa-020,northeurope,Review-Utilization,Review utilization,Resource shows optimization opportunity based on current utilization,,,HIGH,MEDIUM,PRICED,FULL,COMPLETE,,core-banking,reporting,qa,CC1008,17406.65,Standard_D4s_v5,4,16.0,,Conservative,True,65,Mock_2vCPU_8GB,2,8.0,71.4,2517.45,2517.45,Low,RESOLVED
2026-09-10,run-20260910-official-001,FIS-DIGITAL,SUB-DIGITAL-10,/subscriptions/00000020-0020-4020-8020-000000000020/resourceGroups/rg-qa-020/providers/microsoft.synapse/workspaces/sqlpools/synapse-sql-pool-011,synapse-sql-pool-011,microsoft.synapse/workspaces/sqlpools,rg-qa-020,northeurope,Review-Utilization,Review utilization,Resource shows optimization opportunity based on current utilization,,,HIGH,MEDIUM,PRICED,FULL,COMPLETE,,core-banking,reporting,qa,CC1008,17406.65,Standard_D4s_v5,4,16.0,,Moderate,False,72,Mock_2vCPU_8GB,2,8.0,78.7,3092.87,0.0,Medium,RESOLVED
2026-09-10,run-20260910-official-001,FIS-DIGITAL,SUB-DIGITAL-10,/subscriptions/00000020-0020-4020-8020-000000000020/resourceGroups/rg-qa-020/providers/microsoft.synapse/workspaces/sqlpools/synapse-sql-pool-011,synapse-sql-pool-011,microsoft.synapse/workspaces/sqlpools,rg-qa-020,northeurope,Review-Utilization,Review utilization,Resource shows optimization opportunity based on current utilization,,,HIGH,MEDIUM,PRICED,FULL,COMPLETE,,core-banking,reporting,qa,CC1008,17406.65,Standard_D4s_v5,4,16.0,,Aggressive,False,80,Mock_1vCPU_4GB,1,4.0,85.7,3884.07,0.0,High,RESOLVED
2026-09-10,run-20260910-official-001,FIS-INTERNATIONAL,SUB-INTERNATIONAL-08,/subscriptions/00000028-0028-4028-8028-000000000028/resourceGroups/rg-qa-028/providers/microsoft.synapse/workspaces/bigdatapools/synapse-spark-pool-001,synapse-spark-pool-001,microsoft.synapse/workspaces/bigdatapools,rg-qa-028,eastus2,Review-Utilization,Review utilization,Resource shows optimization opportunity based on current utilization,,,HIGH,HIGH,HEURISTIC,FULL,COMPLETE,,cloud-platform,identity,qa,CC1002,16839.08,P1v3,2,8.0,,Conservative,True,65,Mock_1vCPU_4GB,1,4.0,65.3,3239.94,3239.94,Low,RESOLVED
2026-09-10,run-20260910-official-001,FIS-INTERNATIONAL,SUB-INTERNATIONAL-08,/subscriptions/00000028-0028-4028-8028-000000000028/resourceGroups/rg-qa-028/providers/microsoft.synapse/workspaces/bigdatapools/synapse-spark-pool-001,synapse-spark-pool-001,microsoft.synapse/workspaces/bigdatapools,rg-qa-028,eastus2,Review-Utilization,Review utilization,Resource shows optimization opportunity based on current utilization,,,HIGH,HIGH,HEURISTIC,FULL,COMPLETE,,cloud-platform,identity,qa,CC1002,16839.08,P1v3,2,8.0,,Moderate,False,72,Mock_1vCPU_4GB,1,4.0,79.0,3980.49,0.0,Medium,RESOLVED
2026-09-10,run-20260910-official-001,FIS-INTERNATIONAL,SUB-INTERNATIONAL-08,/subscriptions/00000028-0028-4028-8028-000000000028/resourceGroups/rg-qa-028/providers/microsoft.synapse/workspaces/bigdatapools/synapse-spark-pool-001,synapse-spark-pool-001,microsoft.synapse/workspaces/bigdatapools,rg-qa-028,eastus2,Review-Utilization,Review utilization,Resource shows optimization opportunity based on current utilization,,,HIGH,HIGH,HEURISTIC,FULL,COMPLETE,,cloud-platform,identity,qa,CC1002,16839.08,P1v3,2,8.0,,Aggressive,False,80,Mock_1vCPU_2GB,1,2.0,83.9,4998.76,0.0,High,RESOLVED
2026-09-10,run-20260910-official-001,FIS-DIGITAL,SUB-DIGITAL-07,/subscriptions/00000017-0017-4017-8017-000000000017/resourceGroups/rg-prod-017/providers/microsoft.synapse/workspaces/bigdatapools/synapse-spark-pool-006,synapse-spark-pool-006,microsoft.synapse/workspaces/bigdatapools,rg-prod-017,centralus,Downsize,Downsize resource,Rightsize based on sustained utilization,,,HIGH,MEDIUM,HEURISTIC,FULL,PARTIAL,"Metric1,Metric2,Metric3",payments,analytics,prod,CC1007,38557.78,P1v3,2,8.0,,Conservative,True,65,Mock_1vCPU_4GB,1,4.0,60.2,12006.46,12006.46,Low,RESOLVED
2026-09-10,run-20260910-official-001,FIS-DIGITAL,SUB-DIGITAL-07,/subscriptions/00000017-0017-4017-8017-000000000017/resourceGroups/rg-prod-017/providers/microsoft.synapse/workspaces/bigdatapools/synapse-spark-pool-006,synapse-spark-pool-006,microsoft.synapse/workspaces/bigdatapools,rg-prod-017,centralus,Downsize,Downsize resource,Rightsize based on sustained utilization,,,HIGH,MEDIUM,HEURISTIC,FULL,PARTIAL,"Metric1,Metric2,Metric3",payments,analytics,prod,CC1007,38557.78,P1v3,2,8.0,,Moderate,False,72,Mock_1vCPU_4GB,1,4.0,79.9,14750.79,0.0,Medium,RESOLVED
2026-09-10,run-20260910-official-001,FIS-DIGITAL,SUB-DIGITAL-07,/subscriptions/00000017-0017-4017-8017-000000000017/resourceGroups/rg-prod-017/providers/microsoft.synapse/workspaces/bigdatapools/synapse-spark-pool-006,synapse-spark-pool-006,microsoft.synapse/workspaces/bigdatapools,rg-prod-017,centralus,Downsize,Downsize resource,Rightsize based on sustained utilization,,,HIGH,MEDIUM,HEURISTIC,FULL,PARTIAL,"Metric1,Metric2,Metric3",payments,analytics,prod,CC1007,38557.78,P1v3,2,8.0,,Aggressive,False,80,Mock_1vCPU_2GB,1,2.0,82.9,18524.25,0.0,High,RESOLVED
2026-09-10,run-20260910-official-001,FIS-CORP,SUB-CORP-03,/subscriptions/00000003-0003-4003-8003-000000000003/resourceGroups/rg-dev-003/providers/microsoft.synapse/workspaces/bigdatapools/synapse-spark-pool-008,synapse-spark-pool-008,microsoft.synapse/workspaces/bigdatapools,rg-dev-003,westus2,Review-Utilization,Review utilization,Resource shows optimization opportunity based on current utilization,,,HIGH,HIGH,PRICED,FULL,COMPLETE,,digital-channels,identity,dev,CC1008,37400.66,P1v3,2,8.0,,Conservative,True,65,Mock_1vCPU_4GB,1,4.0,59.3,5042.23,5042.23,Low,RESOLVED
2026-09-10,run-20260910-official-001,FIS-CORP,SUB-CORP-03,/subscriptions/00000003-0003-4003-8003-000000000003/resourceGroups/rg-dev-003/providers/microsoft.synapse/workspaces/bigdatapools/synapse-spark-pool-008,synapse-spark-pool-008,microsoft.synapse/workspaces/bigdatapools,rg-dev-003,westus2,Review-Utilization,Review utilization,Resource shows optimization opportunity based on current utilization,,,HIGH,HIGH,PRICED,FULL,COMPLETE,,digital-channels,identity,dev,CC1008,37400.66,P1v3,2,8.0,,Moderate,False,72,Mock_1vCPU_4GB,1,4.0,68.6,6194.73,0.0,Medium,RESOLVED
2026-09-10,run-20260910-official-001,FIS-CORP,SUB-CORP-03,/subscriptions/00000003-0003-4003-8003-000000000003/resourceGroups/rg-dev-003/providers/microsoft.synapse/workspaces/bigdatapools/synapse-spark-pool-008,synapse-spark-pool-008,microsoft.synapse/workspaces/bigdatapools,rg-dev-003,westus2,Review-Utilization,Review utilization,Resource shows optimization opportunity based on current utilization,,,HIGH,HIGH,PRICED,FULL,COMPLETE,,digital-channels,identity,dev,CC1008,37400.66,P1v3,2,8.0,,Aggressive,False,80,Mock_1vCPU_2GB,1,2.0,76.9,7779.43,0.0,High,RESOLVED
2026-09-10,run-20260910-official-001,FIS-CORP,SUB-CORP-08,/subscriptions/00000008-0008-4008-8008-000000000008/resourceGroups/rg-qa-008/providers/microsoft.synapse/workspaces/bigdatapools/synapse-spark-pool-010,synapse-spark-pool-010,microsoft.synapse/workspaces/bigdatapools,rg-qa-008,westeurope,Downsize,Downsize resource,Rightsize based on sustained utilization,,,HIGH,MEDIUM,HEURISTIC,FULL,PARTIAL,"Metric1,Metric2,Metric3,Metric4",core-banking,api-hub,qa,CC1007,28039.72,Standard_D2s_v5,2,8.0,,Conservative,True,65,Mock_1vCPU_4GB,1,4.0,60.7,7828.86,7828.86,Low,RESOLVED
2026-09-10,run-20260910-official-001,FIS-CORP,SUB-CORP-08,/subscriptions/00000008-0008-4008-8008-000000000008/resourceGroups/rg-qa-008/providers/microsoft.synapse/workspaces/bigdatapools/synapse-spark-pool-010,synapse-spark-pool-010,microsoft.synapse/workspaces/bigdatapools,rg-qa-008,westeurope,Downsize,Downsize resource,Rightsize based on sustained utilization,,,HIGH,MEDIUM,HEURISTIC,FULL,PARTIAL,"Metric1,Metric2,Metric3,Metric4",core-banking,api-hub,qa,CC1007,28039.72,Standard_D2s_v5,2,8.0,,Moderate,False,72,Mock_1vCPU_4GB,1,4.0,76.1,9618.31,0.0,Medium,RESOLVED
2026-09-10,run-20260910-official-001,FIS-CORP,SUB-CORP-08,/subscriptions/00000008-0008-4008-8008-000000000008/resourceGroups/rg-qa-008/providers/microsoft.synapse/workspaces/bigdatapools/synapse-spark-pool-010,synapse-spark-pool-010,microsoft.synapse/workspaces/bigdatapools,rg-qa-008,westeurope,Downsize,Downsize resource,Rightsize based on sustained utilization,,,HIGH,MEDIUM,HEURISTIC,FULL,PARTIAL,"Metric1,Metric2,Metric3,Metric4",core-banking,api-hub,qa,CC1007,28039.72,Standard_D2s_v5,2,8.0,,Aggressive,False,80,Mock_1vCPU_2GB,1,2.0,74.0,12078.81,0.0,High,RESOLVED
2026-09-10,run-20260910-official-001,FIS-CORP,SUB-CORP-08,/subscriptions/00000008-0008-4008-8008-000000000008/resourceGroups/rg-nonprod-038/providers/microsoft.synapse/workspaces/bigdatapools/synapse-spark-pool-012,synapse-spark-pool-012,microsoft.synapse/workspaces/bigdatapools,rg-nonprod-038,centralus,Optimize-Tier,Optimize service tier,Move to a lower-cost tier aligned with observed demand,,,HIGH,MEDIUM,PRICED,FULL,PARTIAL,"Metric1,Metric2",payments,customer360,nonprod,CC1006,23415.32,S3,4,7.0,,Conservative,True,65,Mock_2vCPU_3GB,2,3.5,73.6,4796.32,4796.32,Low,RESOLVED
2026-09-10,run-20260910-official-001,FIS-CORP,SUB-CORP-08,/subscriptions/00000008-0008-4008-8008-000000000008/resourceGroups/rg-nonprod-038/providers/microsoft.synapse/workspaces/bigdatapools/synapse-spark-pool-012,synapse-spark-pool-012,microsoft.synapse/workspaces/bigdatapools,rg-nonprod-038,centralus,Optimize-Tier,Optimize service tier,Move to a lower-cost tier aligned with observed demand,,,HIGH,MEDIUM,PRICED,FULL,PARTIAL,"Metric1,Metric2",payments,customer360,nonprod,CC1006,23415.32,S3,4,7.0,,Moderate,False,72,Mock_2vCPU_3GB,2,3.5,76.4,5892.63,0.0,Medium,RESOLVED
2026-09-10,run-20260910-official-001,FIS-CORP,SUB-CORP-08,/subscriptions/00000008-0008-4008-8008-000000000008/resourceGroups/rg-nonprod-038/providers/microsoft.synapse/workspaces/bigdatapools/synapse-spark-pool-012,synapse-spark-pool-012,microsoft.synapse/workspaces/bigdatapools,rg-nonprod-038,centralus,Optimize-Tier,Optimize service tier,Move to a lower-cost tier aligned with observed demand,,,HIGH,MEDIUM,PRICED,FULL,PARTIAL,"Metric1,Metric2",payments,customer360,nonprod,CC1006,23415.32,S3,4,7.0,,Aggressive,False,80,Mock_1vCPU_1GB,1,1.8,81.6,7400.04,0.0,High,RESOLVED
2026-09-10,run-20260910-official-001,FIS-DIGITAL,SUB-DIGITAL-07,/subscriptions/00000017-0017-4017-8017-000000000017/resourceGroups/rg-prod-017/providers/microsoft.synapse/workspaces/bigdatapools/synapse-spark-pool-013,synapse-spark-pool-013,microsoft.synapse/workspaces/bigdatapools,rg-prod-017,centralus,Optimize-Tier,Optimize service tier,Move to a lower-cost tier aligned with observed demand,,,HIGH,LOW,PRICED,FULL,PARTIAL,Metric1,security,reporting,prod,CC1012,32455.13,Standard_D8s_v5,8,32.0,,Conservative,True,65,Mock_4vCPU_16GB,4,16.0,67.8,3324.88,3324.88,Low,RESOLVED
2026-09-10,run-20260910-official-001,FIS-DIGITAL,SUB-DIGITAL-07,/subscriptions/00000017-0017-4017-8017-000000000017/resourceGroups/rg-prod-017/providers/microsoft.synapse/workspaces/bigdatapools/synapse-spark-pool-013,synapse-spark-pool-013,microsoft.synapse/workspaces/bigdatapools,rg-prod-017,centralus,Optimize-Tier,Optimize service tier,Move to a lower-cost tier aligned with observed demand,,,HIGH,LOW,PRICED,FULL,PARTIAL,Metric1,security,reporting,prod,CC1012,32455.13,Standard_D8s_v5,8,32.0,,Moderate,False,72,Mock_4vCPU_16GB,4,16.0,77.3,4084.85,0.0,Medium,RESOLVED
2026-09-10,run-20260910-official-001,FIS-DIGITAL,SUB-DIGITAL-07,/subscriptions/00000017-0017-4017-8017-000000000017/resourceGroups/rg-prod-017/providers/microsoft.synapse/workspaces/bigdatapools/synapse-spark-pool-013,synapse-spark-pool-013,microsoft.synapse/workspaces/bigdatapools,rg-prod-017,centralus,Optimize-Tier,Optimize service tier,Move to a lower-cost tier aligned with observed demand,,,HIGH,LOW,PRICED,FULL,PARTIAL,Metric1,security,reporting,prod,CC1012,32455.13,Standard_D8s_v5,8,32.0,,Aggressive,False,80,Mock_2vCPU_8GB,2,8.0,90.8,5129.82,0.0,High,RESOLVED
2026-09-10,run-20260910-official-001,FIS-CORP,SUB-CORP-05,/subscriptions/00000005-0005-4005-8005-000000000005/resourceGroups/rg-prod-005/providers/microsoft.synapse/workspaces/bigdatapools/synapse-spark-pool-015,synapse-spark-pool-015,microsoft.synapse/workspaces/bigdatapools,rg-prod-005,northeurope,Downsize,Downsize resource,Rightsize based on sustained utilization,,,HIGH,LOW,PRICED,FULL,COMPLETE,,integration,identity,prod,CC1003,42959.26,GP_Gen5_8,8,40.0,,Conservative,True,65,Mock_4vCPU_20GB,4,20.0,59.1,7611.47,7611.47,Low,RESOLVED
2026-09-10,run-20260910-official-001,FIS-CORP,SUB-CORP-05,/subscriptions/00000005-0005-4005-8005-000000000005/resourceGroups/rg-prod-005/providers/microsoft.synapse/workspaces/bigdatapools/synapse-spark-pool-015,synapse-spark-pool-015,microsoft.synapse/workspaces/bigdatapools,rg-prod-005,northeurope,Downsize,Downsize resource,Rightsize based on sustained utilization,,,HIGH,LOW,PRICED,FULL,COMPLETE,,integration,identity,prod,CC1003,42959.26,GP_Gen5_8,8,40.0,,Moderate,False,72,Mock_4vCPU_20GB,4,20.0,82.2,9351.24,0.0,Medium,RESOLVED
2026-09-10,run-20260910-official-001,FIS-CORP,SUB-CORP-05,/subscriptions/00000005-0005-4005-8005-000000000005/resourceGroups/rg-prod-005/providers/microsoft.synapse/workspaces/bigdatapools/synapse-spark-pool-015,synapse-spark-pool-015,microsoft.synapse/workspaces/bigdatapools,rg-prod-005,northeurope,Downsize,Downsize resource,Rightsize based on sustained utilization,,,HIGH,LOW,PRICED,FULL,COMPLETE,,integration,identity,prod,CC1003,42959.26,GP_Gen5_8,8,40.0,,Aggressive,False,80,Mock_2vCPU_10GB,2,10.0,78.9,11743.41,0.0,High,RESOLVED
2026-09-10,run-20260910-official-001,FIS-DIGITAL,SUB-DIGITAL-09,/subscriptions/00000019-0019-4019-8019-000000000019/resourceGroups/rg-dev-019/providers/microsoft.synapse/workspaces/bigdatapools/synapse-spark-pool-017,synapse-spark-pool-017,microsoft.synapse/workspaces/bigdatapools,rg-dev-019,eastus2,Downsize,Downsize resource,Rightsize based on sustained utilization,,,HIGH,HIGH,PRICED,FULL,PARTIAL,"Metric1,Metric2",payments,customer360,dev,CC1005,33072.66,GP_Gen5_4,4,20.0,,Conservative,True,65,Mock_2vCPU_10GB,2,10.0,69.4,6306.41,6306.41,Low,RESOLVED
2026-09-10,run-20260910-official-001,FIS-DIGITAL,SUB-DIGITAL-09,/subscriptions/00000019-0019-4019-8019-000000000019/resourceGroups/rg-dev-019/providers/microsoft.synapse/workspaces/bigdatapools/synapse-spark-pool-017,synapse-spark-pool-017,microsoft.synapse/workspaces/bigdatapools,rg-dev-019,eastus2,Downsize,Downsize resource,Rightsize based on sustained utilization,,,HIGH,HIGH,PRICED,FULL,PARTIAL,"Metric1,Metric2",payments,customer360,dev,CC1005,33072.66,GP_Gen5_4,4,20.0,,Moderate,False,72,Mock_2vCPU_10GB,2,10.0,67.0,7747.88,0.0,Medium,RESOLVED
2026-09-10,run-20260910-official-001,FIS-DIGITAL,SUB-DIGITAL-09,/subscriptions/00000019-0019-4019-8019-000000000019/resourceGroups/rg-dev-019/providers/microsoft.synapse/workspaces/bigdatapools/synapse-spark-pool-017,synapse-spark-pool-017,microsoft.synapse/workspaces/bigdatapools,rg-dev-019,eastus2,Downsize,Downsize resource,Rightsize based on sustained utilization,,,HIGH,HIGH,PRICED,FULL,PARTIAL,"Metric1,Metric2",payments,customer360,dev,CC1005,33072.66,GP_Gen5_4,4,20.0,,Aggressive,False,80,Mock_1vCPU_5GB,1,5.0,79.7,9729.89,0.0,High,RESOLVED
2026-09-10,run-20260910-official-001,FIS-DIGITAL,SUB-DIGITAL-05,/subscriptions/00000015-0015-4015-8015-000000000015/resourceGroups/rg-dev-015/providers/microsoft.synapse/workspaces/bigdatapools/synapse-spark-pool-020,synapse-spark-pool-020,microsoft.synapse/workspaces/bigdatapools,rg-dev-015,westeurope,Review-Utilization,Review utilization,Resource shows optimization opportunity based on current utilization,,,HIGH,LOW,PRICED,FULL,PARTIAL,Metric1,security,customer360,dev,CC1010,44719.8,Standard_D4s_v5,4,16.0,,Conservative,True,65,Mock_2vCPU_8GB,2,8.0,76.8,5143.97,5143.97,Low,RESOLVED
2026-09-10,run-20260910-official-001,FIS-DIGITAL,SUB-DIGITAL-05,/subscriptions/00000015-0015-4015-8015-000000000015/resourceGroups/rg-dev-015/providers/microsoft.synapse/workspaces/bigdatapools/synapse-spark-pool-020,synapse-spark-pool-020,microsoft.synapse/workspaces/bigdatapools,rg-dev-015,westeurope,Review-Utilization,Review utilization,Resource shows optimization opportunity based on current utilization,,,HIGH,LOW,PRICED,FULL,PARTIAL,Metric1,security,customer360,dev,CC1010,44719.8,Standard_D4s_v5,4,16.0,,Moderate,False,72,Mock_2vCPU_8GB,2,8.0,71.3,6319.74,0.0,Medium,RESOLVED
2026-09-10,run-20260910-official-001,FIS-DIGITAL,SUB-DIGITAL-05,/subscriptions/00000015-0015-4015-8015-000000000015/resourceGroups/rg-dev-015/providers/microsoft.synapse/workspaces/bigdatapools/synapse-spark-pool-020,synapse-spark-pool-020,microsoft.synapse/workspaces/bigdatapools,rg-dev-015,westeurope,Review-Utilization,Review utilization,Resource shows optimization opportunity based on current utilization,,,HIGH,LOW,PRICED,FULL,PARTIAL,Metric1,security,customer360,dev,CC1010,44719.8,Standard_D4s_v5,4,16.0,,Aggressive,False,80,Mock_1vCPU_4GB,1,4.0,76.0,7936.41,0.0,High,RESOLVED
2026-09-10,run-20260910-official-001,FIS-DIGITAL,SUB-DIGITAL-06,/subscriptions/00000016-0016-4016-8016-000000000016/resourceGroups/rg-qa-016/providers/microsoft.synapse/workspaces/bigdatapools/synapse-spark-pool-022,synapse-spark-pool-022,microsoft.synapse/workspaces/bigdatapools,rg-qa-016,eastus2,Review-Utilization,Review utilization,Resource shows optimization opportunity based on current utilization,,,HIGH,MEDIUM,HEURISTIC,FULL,PARTIAL,"Metric1,Metric2",integration,api-hub,qa,CC1001,42905.27,GP_Gen5_4,4,20.0,,Conservative,True,65,Mock_2vCPU_10GB,2,10.0,65.3,6788.72,6788.72,Low,RESOLVED
2026-09-10,run-20260910-official-001,FIS-DIGITAL,SUB-DIGITAL-06,/subscriptions/00000016-0016-4016-8016-000000000016/resourceGroups/rg-qa-016/providers/microsoft.synapse/workspaces/bigdatapools/synapse-spark-pool-022,synapse-spark-pool-022,microsoft.synapse/workspaces/bigdatapools,rg-qa-016,eastus2,Review-Utilization,Review utilization,Resource shows optimization opportunity based on current utilization,,,HIGH,MEDIUM,HEURISTIC,FULL,PARTIAL,"Metric1,Metric2",integration,api-hub,qa,CC1001,42905.27,GP_Gen5_4,4,20.0,,Moderate,False,72,Mock_2vCPU_10GB,2,10.0,83.4,8340.43,0.0,Medium,RESOLVED
2026-09-10,run-20260910-official-001,FIS-DIGITAL,SUB-DIGITAL-06,/subscriptions/00000016-0016-4016-8016-000000000016/resourceGroups/rg-qa-016/providers/microsoft.synapse/workspaces/bigdatapools/synapse-spark-pool-022,synapse-spark-pool-022,microsoft.synapse/workspaces/bigdatapools,rg-qa-016,eastus2,Review-Utilization,Review utilization,Resource shows optimization opportunity based on current utilization,,,HIGH,MEDIUM,HEURISTIC,FULL,PARTIAL,"Metric1,Metric2",integration,api-hub,qa,CC1001,42905.27,GP_Gen5_4,4,20.0,,Aggressive,False,80,Mock_1vCPU_5GB,1,5.0,80.9,10474.02,0.0,High,RESOLVED
2026-09-10,run-20260910-official-001,FIS-INTERNATIONAL,SUB-INTERNATIONAL-02,/subscriptions/00000022-0022-4022-8022-000000000022/resourceGroups/rg-nonprod-022/providers/microsoft.synapse/workspaces/bigdatapools/synapse-spark-pool-023,synapse-spark-pool-023,microsoft.synapse/workspaces/bigdatapools,rg-nonprod-022,westeurope,Downsize,Downsize resource,Rightsize based on sustained utilization,,,HIGH,HIGH,HEURISTIC,FULL,PARTIAL,Metric1,payments,reporting,nonprod,CC1002,25578.54,S3,4,7.0,,Conservative,True,65,Mock_2vCPU_3GB,2,3.5,73.6,3047.6,3047.6,Low,RESOLVED
2026-09-10,run-20260910-official-001,FIS-INTERNATIONAL,SUB-INTERNATIONAL-02,/subscriptions/00000022-0022-4022-8022-000000000022/resourceGroups/rg-nonprod-022/providers/microsoft.synapse/workspaces/bigdatapools/synapse-spark-pool-023,synapse-spark-pool-023,microsoft.synapse/workspaces/bigdatapools,rg-nonprod-022,westeurope,Downsize,Downsize resource,Rightsize based on sustained utilization,,,HIGH,HIGH,HEURISTIC,FULL,PARTIAL,Metric1,payments,reporting,nonprod,CC1002,25578.54,S3,4,7.0,,Moderate,False,72,Mock_2vCPU_3GB,2,3.5,70.0,3744.2,0.0,Medium,RESOLVED
2026-09-10,run-20260910-official-001,FIS-INTERNATIONAL,SUB-INTERNATIONAL-02,/subscriptions/00000022-0022-4022-8022-000000000022/resourceGroups/rg-nonprod-022/providers/microsoft.synapse/workspaces/bigdatapools/synapse-spark-pool-023,synapse-spark-pool-023,microsoft.synapse/workspaces/bigdatapools,rg-nonprod-022,westeurope,Downsize,Downsize resource,Rightsize based on sustained utilization,,,HIGH,HIGH,HEURISTIC,FULL,PARTIAL,Metric1,payments,reporting,nonprod,CC1002,25578.54,S3,4,7.0,,Aggressive,False,80,Mock_1vCPU_1GB,1,1.8,75.4,4702.02,0.0,High,RESOLVED
2026-09-10,run-20260910-official-001,FIS-DIGITAL,SUB-DIGITAL-05,/subscriptions/00000015-0015-4015-8015-000000000015/resourceGroups/rg-prod-045/providers/microsoft.synapse/workspaces/bigdatapools/synapse-spark-pool-024,synapse-spark-pool-024,microsoft.synapse/workspaces/bigdatapools,rg-prod-045,northeurope,Optimize-Tier,Optimize service tier,Move to a lower-cost tier aligned with observed demand,,,HIGH,HIGH,HEURISTIC,FULL,COMPLETE,,integration,risk,prod,CC1004,21661.61,GP_Gen5_8,8,40.0,,Conservative,True,65,Mock_4vCPU_20GB,4,20.0,73.5,5883.12,5883.12,Low,RESOLVED
2026-09-10,run-20260910-official-001,FIS-DIGITAL,SUB-DIGITAL-05,/subscriptions/00000015-0015-4015-8015-000000000015/resourceGroups/rg-prod-045/providers/microsoft.synapse/workspaces/bigdatapools/synapse-spark-pool-024,synapse-spark-pool-024,microsoft.synapse/workspaces/bigdatapools,rg-prod-045,northeurope,Optimize-Tier,Optimize service tier,Move to a lower-cost tier aligned with observed demand,,,HIGH,HIGH,HEURISTIC,FULL,COMPLETE,,integration,risk,prod,CC1004,21661.61,GP_Gen5_8,8,40.0,,Moderate,False,72,Mock_4vCPU_20GB,4,20.0,81.1,7227.84,0.0,Medium,RESOLVED
2026-09-10,run-20260910-official-001,FIS-DIGITAL,SUB-DIGITAL-05,/subscriptions/00000015-0015-4015-8015-000000000015/resourceGroups/rg-prod-045/providers/microsoft.synapse/workspaces/bigdatapools/synapse-spark-pool-024,synapse-spark-pool-024,microsoft.synapse/workspaces/bigdatapools,rg-prod-045,northeurope,Optimize-Tier,Optimize service tier,Move to a lower-cost tier aligned with observed demand,,,HIGH,HIGH,HEURISTIC,FULL,COMPLETE,,integration,risk,prod,CC1004,21661.61,GP_Gen5_8,8,40.0,,Aggressive,False,80,Mock_2vCPU_10GB,2,10.0,88.9,9076.82,0.0,High,RESOLVED
2026-09-10,run-20260910-official-001,FIS-CORP,SUB-CORP-06,/subscriptions/00000006-0006-4006-8006-000000000006/resourceGroups/rg-nonprod-006/providers/microsoft.synapse/workspaces/bigdatapools/synapse-spark-pool-027,synapse-spark-pool-027,microsoft.synapse/workspaces/bigdatapools,rg-nonprod-006,westeurope,Review-Utilization,Review utilization,Resource shows optimization opportunity based on current utilization,,,HIGH,MEDIUM,PRICED,FULL,PARTIAL,Metric1,security,identity,nonprod,CC1003,20906.06,Standard_D2s_v5,2,8.0,,Conservative,True,65,Mock_1vCPU_4GB,1,4.0,72.1,6663.03,6663.03,Low,RESOLVED
2026-09-10,run-20260910-official-001,FIS-CORP,SUB-CORP-06,/subscriptions/00000006-0006-4006-8006-000000000006/resourceGroups/rg-nonprod-006/providers/microsoft.synapse/workspaces/bigdatapools/synapse-spark-pool-027,synapse-spark-pool-027,microsoft.synapse/workspaces/bigdatapools,rg-nonprod-006,westeurope,Review-Utilization,Review utilization,Resource shows optimization opportunity based on current utilization,,,HIGH,MEDIUM,PRICED,FULL,PARTIAL,Metric1,security,identity,nonprod,CC1003,20906.06,Standard_D2s_v5,2,8.0,,Moderate,False,72,Mock_1vCPU_4GB,1,4.0,72.7,8186.0,0.0,Medium,RESOLVED
2026-09-10,run-20260910-official-001,FIS-CORP,SUB-CORP-06,/subscriptions/00000006-0006-4006-8006-000000000006/resourceGroups/rg-nonprod-006/providers/microsoft.synapse/workspaces/bigdatapools/synapse-spark-pool-027,synapse-spark-pool-027,microsoft.synapse/workspaces/bigdatapools,rg-nonprod-006,westeurope,Review-Utilization,Review utilization,Resource shows optimization opportunity based on current utilization,,,HIGH,MEDIUM,PRICED,FULL,PARTIAL,Metric1,security,identity,nonprod,CC1003,20906.06,Standard_D2s_v5,2,8.0,,Aggressive,False,80,Mock_1vCPU_2GB,1,2.0,77.5,10280.1,0.0,High,RESOLVED
2026-09-10,run-20260910-official-001,FIS-CORP,SUB-CORP-06,/subscriptions/00000006-0006-4006-8006-000000000006/resourceGroups/rg-qa-036/providers/microsoft.synapse/workspaces/bigdatapools/synapse-spark-pool-029,synapse-spark-pool-029,microsoft.synapse/workspaces/bigdatapools,rg-qa-036,northeurope,Downsize,Downsize resource,Rightsize based on sustained utilization,,,MEDIUM,HIGH,PRICED,FULL,COMPLETE,,digital-channels,reporting,qa,CC1012,16424.2,GP_Gen5_8,8,40.0,,Conservative,True,65,Mock_4vCPU_20GB,4,20.0,74.4,1501.5,1501.5,Low,RESOLVED
2026-09-10,run-20260910-official-001,FIS-CORP,SUB-CORP-06,/subscriptions/00000006-0006-4006-8006-000000000006/resourceGroups/rg-qa-036/providers/microsoft.synapse/workspaces/bigdatapools/synapse-spark-pool-029,synapse-spark-pool-029,microsoft.synapse/workspaces/bigdatapools,rg-qa-036,northeurope,Downsize,Downsize resource,Rightsize based on sustained utilization,,,MEDIUM,HIGH,PRICED,FULL,COMPLETE,,digital-channels,reporting,qa,CC1012,16424.2,GP_Gen5_8,8,40.0,,Moderate,False,72,Mock_4vCPU_20GB,4,20.0,71.0,1844.7,0.0,Medium,RESOLVED
2026-09-10,run-20260910-official-001,FIS-CORP,SUB-CORP-06,/subscriptions/00000006-0006-4006-8006-000000000006/resourceGroups/rg-qa-036/providers/microsoft.synapse/workspaces/bigdatapools/synapse-spark-pool-029,synapse-spark-pool-029,microsoft.synapse/workspaces/bigdatapools,rg-qa-036,northeurope,Downsize,Downsize resource,Rightsize based on sustained utilization,,,MEDIUM,HIGH,PRICED,FULL,COMPLETE,,digital-channels,reporting,qa,CC1012,16424.2,GP_Gen5_8,8,40.0,,Aggressive,False,80,Mock_2vCPU_10GB,2,10.0,78.8,2316.6,0.0,High,RESOLVED
